ISO-10303-21;
HEADER;
FILE_DESCRIPTION((''),'2;1');
FILE_NAME('Top', '2026-09-14T11:43:52', (''), (''), 'ImageToStl.com STEP Converter','', '');
FILE_SCHEMA(('AUTOMOTIVE_DESIGN_CC2'));
ENDSEC;
DATA;
#1=PRODUCT_DEFINITION_CONTEXT('',#4,'design');
#2=APPLICATION_PROTOCOL_DEFINITION('INTERNATIONAL STANDARD','automotive_design',1994,#4);
#3=(GEOMETRIC_REPRESENTATION_CONTEXT(3)GLOBAL_UNCERTAINTY_ASSIGNED_CONTEXT((#5))GLOBAL_UNIT_ASSIGNED_CONTEXT((#6,#7,#8))REPRESENTATION_CONTEXT('NONE','WORKSPACE'));
#4=APPLICATION_CONTEXT(' ');
#5=UNCERTAINTY_MEASURE_WITH_UNIT(LENGTH_MEASURE(1.0E-006),#6,'','');
#6=(CONVERSION_BASED_UNIT('METRE',#10)LENGTH_UNIT()NAMED_UNIT(#11));
#7=(NAMED_UNIT(#12)PLANE_ANGLE_UNIT()SI_UNIT($,.RADIAN.));
#8=(NAMED_UNIT(#12)SOLID_ANGLE_UNIT()SI_UNIT($,.STERADIAN.));
#9=AXIS2_PLACEMENT_3D('',#14,#15,#16);
#10=LENGTH_MEASURE_WITH_UNIT(LENGTH_MEASURE(1.0),#17);
#11=DIMENSIONAL_EXPONENTS(1.0,0.0,0.0,0.0,0.0,0.0,0.0);
#12=DIMENSIONAL_EXPONENTS(0.0,0.0,0.0,0.0,0.0,0.0,0.0);
#13=PRODUCT_CONTEXT('',#4,'mechanical');
#14=CARTESIAN_POINT('',(0.0,0.0,0.0));
#15=DIRECTION('',(0.0,0.0,1.0));
#16=DIRECTION('',(1.0,0.0,0.0));
#17=(NAMED_UNIT(#11)LENGTH_UNIT()SI_UNIT(.MILLI.,.METRE.));
#18=PRESENTATION_STYLE_ASSIGNMENT((#19));
#19=SURFACE_STYLE_USAGE(.BOTH.,#20);
#20=SURFACE_SIDE_STYLE('',(#21));
#21=SURFACE_STYLE_FILL_AREA(#22);
#22=FILL_AREA_STYLE('',(#23));
#23=FILL_AREA_STYLE_COLOUR('',#24);
#24=COLOUR_RGB('',0.9,0.9,0.9);
#25=SHAPE_DEFINITION_REPRESENTATION(#26,#27);
#26=PRODUCT_DEFINITION_SHAPE('productshape0','',#30);
#27=MANIFOLD_SURFACE_SHAPE_REPRESENTATION('',(#28,#9),#3);
#28=SHELL_BASED_SURFACE_MODEL('shell0',(#33));
#29=PRODUCT('product0','','',(#13));
#30=PRODUCT_DEFINITION('mesh0','',#31,#2);
#31=PRODUCT_DEFINITION_FORMATION_WITH_SPECIFIED_SOURCE('prodsource0','',#29,.NOT_KNOWN.);
#32=STYLED_ITEM('',(#18),#33);
#33=CLOSED_SHELL('',(#870,#892,#914,#936,#958,#980,#1002,#1024,#1046,#1068,#1090,#1112,#1134,#1156,#1178,#1200,#1222,#1244,#1266,#1288,#1310,#1332,#1354,#1376,#1398,#1420,#1442,#1464,#1486,#1508,#1530,#1552,#1574,#1596,#1618,#1640,#1662,#1684,#1706,#1728,#1750,#1772,#1794,#1816,#1838,#1860,#1882,#1904,#1926,#1948,#1970,#1992,#2014,#2036,#2058,#2080,#2102,#2124,#2146,#2168,#2190,#2212,#2234,#2256,#2278,#2300,#2322,#2344,#2366,#2388,#2410,#2432,#2454,#2476,#2498,#2520,#2542,#2564,#2586,#2608,#2630,#2652,#2674,#2696,#2718,#2740,#2762,#2784,#2806,#2828,#2850,#2872,#2894,#2916,#2938,#2960,#2982,#3004,#3026,#3048,#3070,#3092,#3114,#3136,#3158,#3180,#3202,#3224,#3246,#3268,#3290,#3312,#3334,#3356,#3378,#3400,#3422,#3444,#3466,#3488,#3510,#3532,#3554,#3576,#3598,#3620,#3642,#3664,#3686,#3708,#3730,#3752,#3774,#3796,#3818,#3840,#3862,#3884,#3906,#3928,#3950,#3972,#3994,#4016,#4038,#4060,#4082,#4104,#4126,#4148,#4170,#4192,#4214,#4236,#4258,#4280,#4302,#4324,#4346,#4368,#4390,#4412,#4434,#4456,#4478,#4500,#4522,#4544,#4566,#4588,#4610,#4632,#4654,#4676,#4698,#4720,#4742,#4764,#4786,#4808,#4830,#4852,#4874,#4896,#4918,#4940,#4962,#4984,#5006,#5028,#5050,#5072,#5094,#5116,#5138,#5160,#5182,#5204,#5226,#5248,#5270,#5292,#5314,#5336,#5358,#5380,#5402,#5424,#5446,#5468,#5490,#5512,#5534,#5556,#5578,#5600,#5622,#5644,#5666,#5688,#5710,#5732,#5754,#5776,#5798,#5820,#5842,#5864,#5886,#5908,#5930,#5952,#5974,#5996,#6018,#6040,#6062,#6084,#6106,#6128,#6150,#6172,#6194,#6216,#6238,#6260,#6282,#6304,#6326,#6348,#6370,#6392,#6414,#6436,#6458,#6480,#6502,#6524,#6546,#6568,#6590,#6612,#6634,#6656,#6678,#6700,#6722,#6744,#6766,#6788,#6810,#6832,#6854,#6876,#6898,#6920,#6942,#6964,#6986,#7008,#7030,#7052,#7074,#7096,#7118,#7140,#7162,#7184,#7206,#7228,#7250,#7272,#7294,#7316,#7338,#7360,#7382,#7404,#7426,#7448,#7470,#7492,#7514,#7536,#7558,#7580,#7602,#7624,#7646,#7668,#7690,#7712,#7734,#7756,#7778,#7800,#7822,#7844,#7866,#7888,#7910,#7932,#7954,#7976,#7998,#8020,#8042,#8064,#8086,#8108,#8130,#8152,#8174,#8196,#8218,#8240,#8262,#8284,#8306,#8328,#8350,#8372,#8394,#8416,#8438,#8460,#8482,#8504,#8526,#8548,#8570,#8592,#8614,#8636,#8658,#8680,#8702,#8724,#8746,#8768,#8790,#8812,#8834,#8856,#8878,#8900,#8922,#8944,#8966,#8988,#9010,#9032,#9054,#9076,#9098,#9120,#9142,#9164,#9186,#9208,#9230,#9252,#9274,#9296,#9318,#9340,#9362,#9384,#9406,#9428,#9450,#9472,#9494,#9516,#9538,#9560,#9582,#9604,#9626,#9648,#9670,#9692,#9714,#9736,#9758,#9780,#9802,#9824,#9846,#9868,#9890,#9912,#9934,#9956,#9978,#10000,#10022,#10044,#10066,#10088,#10110,#10132,#10154,#10176,#10198,#10220,#10242,#10264,#10286,#10308,#10330,#10352,#10374,#10396,#10418,#10440,#10462,#10484,#10506,#10528,#10550,#10572,#10594,#10616,#10638,#10660,#10682,#10704,#10726,#10748,#10770,#10792,#10814,#10836,#10858,#10880,#10902,#10924,#10946,#10968,#10990,#11012,#11034,#11056,#11078,#11100,#11122,#11144,#11166,#11188,#11210,#11232,#11254,#11276,#11298,#11320,#11342,#11364,#11386,#11408,#11430,#11452,#11474,#11496,#11518,#11540,#11562,#11584,#11606,#11628,#11650,#11672,#11694,#11716,#11738,#11760,#11782,#11804,#11826,#11848,#11870,#11892,#11914,#11936,#11958,#11980,#12002,#12024,#12046,#12068,#12090,#12112,#12134,#12156,#12178,#12200,#12222,#12244,#12266,#12288,#12310,#12332,#12354,#12376,#12398,#12420,#12442,#12464,#12486,#12508,#12530,#12552,#12574,#12596,#12618,#12640,#12662,#12684,#12706,#12728,#12750,#12772,#12794,#12816,#12838,#12860,#12882,#12904,#12926,#12948,#12970,#12992,#13014,#13036,#13058,#13080,#13102,#13124,#13146,#13168,#13190,#13212,#13234,#13256,#13278,#13300,#13322,#13344,#13366,#13388,#13410,#13432,#13454,#13476,#13498,#13520,#13542,#13564,#13586,#13608,#13630,#13652,#13674,#13696,#13718,#13740,#13762,#13784,#13806,#13828,#13850,#13872,#13894,#13916,#13938,#13960,#13982,#14004,#14026,#14048,#14070,#14092,#14114,#14136,#14158,#14180,#14202,#14224,#14246,#14268,#14290,#14312,#14334,#14356,#14378,#14400,#14422,#14444,#14466,#14488,#14510,#14532,#14554,#14576,#14598,#14620,#14642,#14664,#14686,#14708,#14730,#14752,#14774,#14796,#14818,#14840,#14862,#14884,#14906,#14928,#14950,#14972,#14994,#15016,#15038,#15060,#15082,#15104,#15126,#15148,#15170,#15192,#15214,#15236,#15258,#15280,#15302,#15324,#15346,#15368,#15390,#15412,#15434,#15456,#15478,#15500,#15522,#15544,#15566,#15588,#15610,#15632,#15654,#15676,#15698,#15720,#15742,#15764,#15786,#15808,#15830,#15852,#15874,#15896,#15918,#15940,#15962,#15984,#16006,#16028,#16050,#16072,#16094,#16116,#16138,#16160,#16182,#16204,#16226,#16248,#16270,#16292,#16314,#16336,#16358,#16380,#16402,#16424,#16446,#16468,#16490,#16512,#16534,#16556,#16578,#16600,#16622,#16644,#16666,#16688,#16710,#16732,#16754,#16776,#16798,#16820,#16842,#16864,#16886,#16908,#16930,#16952,#16974,#16996,#17018,#17040,#17062,#17084,#17106,#17128,#17150,#17172,#17194,#17216,#17238,#17260,#17282,#17304,#17326,#17348,#17370,#17392,#17414,#17436,#17458,#17480,#17502,#17524,#17546,#17568,#17590,#17612,#17634,#17656,#17678,#17700,#17722,#17744,#17766,#17788,#17810,#17832,#17854,#17876,#17898,#17920,#17942,#17964,#17986,#18008,#18030,#18052,#18074,#18096,#18118,#18140,#18162,#18184,#18206,#18228,#18250,#18272,#18294,#18316,#18338,#18360,#18382,#18404,#18426,#18448,#18470,#18492,#18514,#18536,#18558,#18580,#18602,#18624,#18646,#18668,#18690,#18712,#18734,#18756,#18778,#18800,#18822,#18844,#18866,#18888,#18910,#18932,#18954,#18976,#18998,#19020,#19042,#19064,#19086,#19108,#19130,#19152,#19174,#19196,#19218,#19240,#19262,#19284,#19306,#19328,#19350,#19372,#19394,#19416,#19438,#19460,#19482,#19504,#19526,#19548,#19570,#19592,#19614,#19636,#19658,#19680,#19702,#19724,#19746,#19768));
#34=CARTESIAN_POINT('',(-32.638999938964844,-13.904999732971191,3));
#35=VERTEX_POINT('',#34);
#36=CARTESIAN_POINT('',(-38.400001525878906,-19,3));
#37=VERTEX_POINT('',#36);
#38=CARTESIAN_POINT('',(-32.553001403808594,-13.946999549865723,3));
#39=VERTEX_POINT('',#38);
#40=CARTESIAN_POINT('',(-32.71800231933594,-13.85200023651123,3));
#41=VERTEX_POINT('',#40);
#42=CARTESIAN_POINT('',(-32.78900146484375,-13.788999557495117,3));
#43=VERTEX_POINT('',#42);
#44=CARTESIAN_POINT('',(-32.85200119018555,-13.718000411987305,3));
#45=VERTEX_POINT('',#44);
#46=CARTESIAN_POINT('',(-32.90500259399414,-13.638999938964844,3));
#47=VERTEX_POINT('',#46);
#48=CARTESIAN_POINT('',(-32.94700241088867,-13.553000450134277,3));
#49=VERTEX_POINT('',#48);
#50=CARTESIAN_POINT('',(-32.97800064086914,-13.463000297546387,3));
#51=VERTEX_POINT('',#50);
#52=CARTESIAN_POINT('',(39,20,3));
#53=VERTEX_POINT('',#52);
#54=CARTESIAN_POINT('',(-38.400001525878906,20,1.3589129990818506E-14));
#55=VERTEX_POINT('',#54);
#56=CARTESIAN_POINT('',(-38.400001525878906,20,3));
#57=VERTEX_POINT('',#56);
#58=CARTESIAN_POINT('',(-32.996002197265625,-13.369999885559082,3));
#59=VERTEX_POINT('',#58);
#60=CARTESIAN_POINT('',(33.18000030517578,14.996000289916992,-1.193711674104224E-15));
#61=VERTEX_POINT('',#60);
#62=CARTESIAN_POINT('',(33.086997985839844,14.977999687194824,-1.1690647094050183E-15));
#63=VERTEX_POINT('',#62);
#64=CARTESIAN_POINT('',(39,20,-3.597122345675623E-15));
#65=VERTEX_POINT('',#64);
#66=CARTESIAN_POINT('',(-33.00300216674805,-13.274999618530273,3));
#67=VERTEX_POINT('',#66);
#68=CARTESIAN_POINT('',(33.27499771118164,15.003000259399414,-1.2163601704435014E-15));
#69=VERTEX_POINT('',#68);
#70=CARTESIAN_POINT('',(33.369998931884766,14.996000289916992,-1.2359000558663557E-15));
#71=VERTEX_POINT('',#70);
#72=CARTESIAN_POINT('',(33.46299743652344,14.977999687194824,-1.252553464763204E-15));
#73=VERTEX_POINT('',#72);
#74=CARTESIAN_POINT('',(39,-19,5.062617246400598E-15));
#75=VERTEX_POINT('',#74);
#76=CARTESIAN_POINT('',(-38.400001525878906,-19,2.2248870429927674E-14));
#77=VERTEX_POINT('',#76);
#78=CARTESIAN_POINT('',(33.086997985839844,-13.977999687194824,5.260458731890785E-15));
#79=VERTEX_POINT('',#78);
#80=CARTESIAN_POINT('',(-32.94700241088867,-12.996999740600586,3));
#81=VERTEX_POINT('',#80);
#82=CARTESIAN_POINT('',(-32.97800064086914,-13.086999893188477,3));
#83=VERTEX_POINT('',#82);
#84=CARTESIAN_POINT('',(-30.878002166748047,14.553000450134277,1.3128387266192476E-14));
#85=VERTEX_POINT('',#84);
#86=CARTESIAN_POINT('',(-30.920001983642578,14.638999938964844,1.3118617588178845E-14));
#87=VERTEX_POINT('',#86);
#88=CARTESIAN_POINT('',(-12.401001930236816,7.002999782562256,1.0702106281528737E-14));
#89=VERTEX_POINT('',#88);
#90=CARTESIAN_POINT('',(32.99699783325195,-13.946999549865723,5.2735593669694936E-15));
#91=VERTEX_POINT('',#90);
#92=CARTESIAN_POINT('',(-32.90500259399414,-12.91100025177002,3));
#93=VERTEX_POINT('',#92);
#94=CARTESIAN_POINT('',(32.9109992980957,-13.904999732971191,5.283329468499598E-15));
#95=VERTEX_POINT('',#94);
#96=CARTESIAN_POINT('',(32.83199691772461,-13.85200023651123,5.2891028450680836E-15));
#97=VERTEX_POINT('',#96);
#98=CARTESIAN_POINT('',(-31.99700164794922,-13.946999549865723,1.9705127151303445E-14));
#99=VERTEX_POINT('',#98);
#100=CARTESIAN_POINT('',(-32.85200119018555,-12.831999778747559,3));
#101=VERTEX_POINT('',#100);
#102=CARTESIAN_POINT('',(-31.911001205444336,-13.904999732971191,1.967670411372538E-14));
#103=VERTEX_POINT('',#102);
#104=CARTESIAN_POINT('',(32.697998046875,-13.718000411987305,5.2891028450680836E-15));
#105=VERTEX_POINT('',#104);
#106=CARTESIAN_POINT('',(32.7609977722168,-13.788999557495117,5.290879073158476E-15));
#107=VERTEX_POINT('',#106);
#108=CARTESIAN_POINT('',(12.600998878479004,-6.001999855041504,8.038236790324903E-15));
#109=VERTEX_POINT('',#108);
#110=CARTESIAN_POINT('',(-32.71800231933594,-12.697999954223633,3));
#111=VERTEX_POINT('',#110);
#112=CARTESIAN_POINT('',(-32.064002990722656,13.76099967956543,3));
#113=VERTEX_POINT('',#112);
#114=CARTESIAN_POINT('',(-32.78900146484375,-12.76099967956543,3));
#115=VERTEX_POINT('',#114);
#116=CARTESIAN_POINT('',(-30.829002380371094,14.180000305175781,1.320033000956752E-14));
#117=VERTEX_POINT('',#116);
#118=CARTESIAN_POINT('',(-30.823001861572266,14.274999618530273,1.3177903118223068E-14));
#119=VERTEX_POINT('',#118);
#120=CARTESIAN_POINT('',(32.644996643066406,-13.638999938964844,5.283329468499598E-15));
#121=VERTEX_POINT('',#120);
#122=CARTESIAN_POINT('',(-32.275001525878906,-12.54699993133545,3));
#123=VERTEX_POINT('',#122);
#124=CARTESIAN_POINT('',(-32.18000030517578,-12.553999900817871,3));
#125=VERTEX_POINT('',#124);
#126=CARTESIAN_POINT('',(-31.645002365112305,13.553999900817871,3));
#127=VERTEX_POINT('',#126);
#128=CARTESIAN_POINT('',(32.602996826171875,-13.553000450134277,5.2735593669694936E-15));
#129=VERTEX_POINT('',#128);
#130=CARTESIAN_POINT('',(32.571998596191406,-13.463000297546387,5.260458731890785E-15));
#131=VERTEX_POINT('',#130);
#132=CARTESIAN_POINT('',(-25.40300178527832,-6.001999855041504,3));
#133=VERTEX_POINT('',#132);
#134=CARTESIAN_POINT('',(-32.08700180053711,-12.571999549865723,3));
#135=VERTEX_POINT('',#134);
#136=CARTESIAN_POINT('',(-31.036001205444336,14.788999557495117,1.3111067983519967E-14));
#137=VERTEX_POINT('',#136);
#138=CARTESIAN_POINT('',(32.7609977722168,14.788999557495117,-1.0547116616356619E-15));
#139=VERTEX_POINT('',#138);
#140=CARTESIAN_POINT('',(6.600998401641846,7.002999782562256,6.4828145191723075E-15));
#141=VERTEX_POINT('',#140);
#142=CARTESIAN_POINT('',(-6.401001453399658,7.002999782562256,9.36983865197855E-15));
#143=VERTEX_POINT('',#142);
#144=CARTESIAN_POINT('',(-30.97300148010254,14.718000411987305,1.311284421161036E-14));
#145=VERTEX_POINT('',#144);
#146=CARTESIAN_POINT('',(-31.572002410888672,-13.463000297546387,1.9503287670302218E-14));
#147=VERTEX_POINT('',#146);
#148=CARTESIAN_POINT('',(-12.401001930236816,-6.001999855041504,1.3589795758715047E-14));
#149=VERTEX_POINT('',#148);
#150=CARTESIAN_POINT('',(-31.60300064086914,-13.553000450134277,1.9530155555389124E-14));
#151=VERTEX_POINT('',#150);
#152=CARTESIAN_POINT('',(39,-19,3));
#153=VERTEX_POINT('',#152);
#154=CARTESIAN_POINT('',(33.46299743652344,13.571999549865723,3));
#155=VERTEX_POINT('',#154);
#156=CARTESIAN_POINT('',(33.369998931884766,13.553999900817871,3));
#157=VERTEX_POINT('',#156);
#158=CARTESIAN_POINT('',(33.369998931884766,-12.553999900817871,3));
#159=VERTEX_POINT('',#158);
#160=CARTESIAN_POINT('',(-32.996002197265625,-13.180000305175781,3));
#161=VERTEX_POINT('',#160);
#162=CARTESIAN_POINT('',(-32.638999938964844,-12.645000457763672,3));
#163=VERTEX_POINT('',#162);
#164=CARTESIAN_POINT('',(-31.99300193786621,13.697999954223633,3));
#165=VERTEX_POINT('',#164);
#166=CARTESIAN_POINT('',(-32.4630012512207,-12.571999549865723,3));
#167=VERTEX_POINT('',#166);
#168=CARTESIAN_POINT('',(-32.37000274658203,-12.553999900817871,3));
#169=VERTEX_POINT('',#168);
#170=CARTESIAN_POINT('',(-31.738000869750977,13.571999549865723,3));
#171=VERTEX_POINT('',#170);
#172=CARTESIAN_POINT('',(32.99699783325195,-12.602999687194824,3));
#173=VERTEX_POINT('',#172);
#174=CARTESIAN_POINT('',(33.086997985839844,-12.571999549865723,3));
#175=VERTEX_POINT('',#174);
#176=CARTESIAN_POINT('',(33.27499771118164,13.54800033569336,3));
#177=VERTEX_POINT('',#176);
#178=CARTESIAN_POINT('',(33.18000030517578,-12.553999900817871,3));
#179=VERTEX_POINT('',#178);
#180=CARTESIAN_POINT('',(33.27499771118164,-12.54699993133545,3));
#181=VERTEX_POINT('',#180);
#182=CARTESIAN_POINT('',(-30.878002166748047,13.996999740600586,1.3251844012320685E-14));
#183=VERTEX_POINT('',#182);
#184=CARTESIAN_POINT('',(-30.847002029418945,14.086999893188477,1.3224976974266726E-14));
#185=VERTEX_POINT('',#184);
#186=CARTESIAN_POINT('',(-25.40300178527832,7.002999782562256,1.3589129990818506E-14));
#187=VERTEX_POINT('',#186);
#188=CARTESIAN_POINT('',(-30.920001983642578,13.91100025177002,1.3280266202865803E-14));
#189=VERTEX_POINT('',#188);
#190=CARTESIAN_POINT('',(-30.97300148010254,13.831999778747559,1.3309576083939643E-14));
#191=VERTEX_POINT('',#190);
#192=CARTESIAN_POINT('',(-31.10700225830078,13.697999954223633,1.3369083536616047E-14));
#193=VERTEX_POINT('',#192);
#194=CARTESIAN_POINT('',(-31.036001205444336,13.76099967956543,1.3339329810277845E-14));
#195=VERTEX_POINT('',#194);
#196=CARTESIAN_POINT('',(-32.553001403808594,-12.602999687194824,3));
#197=VERTEX_POINT('',#196);
#198=CARTESIAN_POINT('',(-31.91400146484375,13.645000457763672,3));
#199=VERTEX_POINT('',#198);
#200=CARTESIAN_POINT('',(-31.55000114440918,13.54800033569336,3));
#201=VERTEX_POINT('',#200);
#202=CARTESIAN_POINT('',(-31.828001022338867,13.602999687194824,3));
#203=VERTEX_POINT('',#202);
#204=CARTESIAN_POINT('',(-31.548002243041992,-13.274999618530273,1.9456214661291507E-14));
#205=VERTEX_POINT('',#204);
#206=CARTESIAN_POINT('',(-31.554000854492188,-13.369999885559082,1.9478640705603012E-14));
#207=VERTEX_POINT('',#206);
#208=CARTESIAN_POINT('',(-31.55000114440918,13.54800033569336,1.3500756502332623E-14));
#209=VERTEX_POINT('',#208);
#210=CARTESIAN_POINT('',(-25.40300178527832,-6.001999855041504,1.6476820315037763E-14));
#211=VERTEX_POINT('',#210);
#212=CARTESIAN_POINT('',(-31.645002365112305,13.553999900817871,1.3520518628025013E-14));
#213=VERTEX_POINT('',#212);
#214=CARTESIAN_POINT('',(33.788997650146484,13.76099967956543,3));
#215=VERTEX_POINT('',#214);
#216=CARTESIAN_POINT('',(39,13.54800033569336,3));
#217=VERTEX_POINT('',#216);
#218=CARTESIAN_POINT('',(33.85199737548828,13.831999778747559,3));
#219=VERTEX_POINT('',#218);
#220=CARTESIAN_POINT('',(-32.08700180053711,-12.571999549865723,1.941979902082315E-14));
#221=VERTEX_POINT('',#220);
#222=CARTESIAN_POINT('',(33.946998596191406,-13.553000450134277,3));
#223=VERTEX_POINT('',#222);
#224=CARTESIAN_POINT('',(33.977996826171875,-13.463000297546387,3));
#225=VERTEX_POINT('',#224);
#226=CARTESIAN_POINT('',(33.55299758911133,13.602999687194824,3));
#227=VERTEX_POINT('',#226);
#228=CARTESIAN_POINT('',(33.904998779296875,-13.638999938964844,3));
#229=VERTEX_POINT('',#228);
#230=CARTESIAN_POINT('',(33.946998596191406,14.553000450134277,3));
#231=VERTEX_POINT('',#230);
#232=CARTESIAN_POINT('',(33.904998779296875,14.638999938964844,3));
#233=VERTEX_POINT('',#232);
#234=CARTESIAN_POINT('',(33.85199737548828,-13.718000411987305,3));
#235=VERTEX_POINT('',#234);
#236=CARTESIAN_POINT('',(-32.18000030517578,-12.553999900817871,1.9436453382632064E-14));
#237=VERTEX_POINT('',#236);
#238=CARTESIAN_POINT('',(-32.275001525878906,-12.54699993133545,1.9455992738659326E-14));
#239=VERTEX_POINT('',#238);
#240=CARTESIAN_POINT('',(33.638999938964844,-13.904999732971191,3));
#241=VERTEX_POINT('',#240);
#242=CARTESIAN_POINT('',(33.71799850463867,-13.85200023651123,3));
#243=VERTEX_POINT('',#242);
#244=CARTESIAN_POINT('',(33.99599838256836,14.369999885559082,3));
#245=VERTEX_POINT('',#244);
#246=CARTESIAN_POINT('',(33.977996826171875,14.463000297546387,3));
#247=VERTEX_POINT('',#246);
#248=CARTESIAN_POINT('',(34.00299835205078,14.274999618530273,3));
#249=VERTEX_POINT('',#248);
#250=CARTESIAN_POINT('',(33.55299758911133,-13.946999549865723,3));
#251=VERTEX_POINT('',#250);
#252=CARTESIAN_POINT('',(33.788997650146484,-13.788999557495117,3));
#253=VERTEX_POINT('',#252);
#254=CARTESIAN_POINT('',(33.99599838256836,-13.180000305175781,3));
#255=VERTEX_POINT('',#254);
#256=CARTESIAN_POINT('',(33.977996826171875,-13.086999893188477,3));
#257=VERTEX_POINT('',#256);
#258=CARTESIAN_POINT('',(25.601999282836914,-6.001999855041504,5.151435003667316E-15));
#259=VERTEX_POINT('',#258);
#260=CARTESIAN_POINT('',(32.54800033569336,-13.274999618530273,5.224043514938902E-15));
#261=VERTEX_POINT('',#260);
#262=CARTESIAN_POINT('',(33.788997650146484,14.788999557495117,3));
#263=VERTEX_POINT('',#262);
#264=CARTESIAN_POINT('',(33.71799850463867,14.85200023651123,3));
#265=VERTEX_POINT('',#264);
#266=CARTESIAN_POINT('',(33.638999938964844,14.904999732971191,3));
#267=VERTEX_POINT('',#266);
#268=CARTESIAN_POINT('',(34.00299835205078,-13.274999618530273,3));
#269=VERTEX_POINT('',#268);
#270=CARTESIAN_POINT('',(33.946998596191406,-12.996999740600586,3));
#271=VERTEX_POINT('',#270);
#272=CARTESIAN_POINT('',(32.571998596191406,-13.086999893188477,5.1769700824117176E-15));
#273=VERTEX_POINT('',#272);
#274=CARTESIAN_POINT('',(32.55399703979492,-13.180000305175781,5.201617047110923E-15));
#275=VERTEX_POINT('',#274);
#276=CARTESIAN_POINT('',(33.85199737548828,14.718000411987305,3));
#277=VERTEX_POINT('',#276);
#278=CARTESIAN_POINT('',(32.602996826171875,-12.996999740600586,5.150102620841285E-15));
#279=VERTEX_POINT('',#278);
#280=CARTESIAN_POINT('',(33.638999938964844,-12.645000457763672,3));
#281=VERTEX_POINT('',#280);
#282=CARTESIAN_POINT('',(33.55299758911133,-12.602999687194824,3));
#283=VERTEX_POINT('',#282);
#284=CARTESIAN_POINT('',(33.18000030517578,13.553999900817871,3));
#285=VERTEX_POINT('',#284);
#286=CARTESIAN_POINT('',(25.601999282836914,-6.001999855041504,3));
#287=VERTEX_POINT('',#286);
#288=CARTESIAN_POINT('',(33.71799850463867,-12.697999954223633,3));
#289=VERTEX_POINT('',#288);
#290=CARTESIAN_POINT('',(33.788997650146484,-12.76099967956543,3));
#291=VERTEX_POINT('',#290);
#292=CARTESIAN_POINT('',(-31.738000869750977,13.571999549865723,1.3537171295768032E-14));
#293=VERTEX_POINT('',#292);
#294=CARTESIAN_POINT('',(-32.37000274658203,-12.553999900817871,1.9478640705603012E-14));
#295=VERTEX_POINT('',#294);
#296=CARTESIAN_POINT('',(-32.4630012512207,-12.571999549865723,1.9503287670302218E-14));
#297=VERTEX_POINT('',#296);
#298=CARTESIAN_POINT('',(33.904998779296875,-12.91100025177002,3));
#299=VERTEX_POINT('',#298);
#300=CARTESIAN_POINT('',(33.85199737548828,-12.831999778747559,3));
#301=VERTEX_POINT('',#300);
#302=CARTESIAN_POINT('',(33.788997650146484,-13.788999557495117,5.062617246400598E-15));
#303=VERTEX_POINT('',#302);
#304=CARTESIAN_POINT('',(32.83199691772461,13.697999954223633,3));
#305=VERTEX_POINT('',#304);
#306=CARTESIAN_POINT('',(32.7609977722168,13.76099967956543,3));
#307=VERTEX_POINT('',#306);
#308=CARTESIAN_POINT('',(25.601999282836914,7.002999782562256,3));
#309=VERTEX_POINT('',#308);
#310=CARTESIAN_POINT('',(33.369998931884766,-13.996000289916992,3));
#311=VERTEX_POINT('',#310);
#312=CARTESIAN_POINT('',(33.46299743652344,-13.977999687194824,3));
#313=VERTEX_POINT('',#312);
#314=CARTESIAN_POINT('',(33.71799850463867,-13.85200023651123,5.0923709727388E-15));
#315=VERTEX_POINT('',#314);
#316=CARTESIAN_POINT('',(-32.553001403808594,-12.602999687194824,1.9530155555389124E-14));
#317=VERTEX_POINT('',#316);
#318=CARTESIAN_POINT('',(-31.828001022338867,13.602999687194824,1.3550272354363214E-14));
#319=VERTEX_POINT('',#318);
#320=CARTESIAN_POINT('',(32.697998046875,13.831999778747559,3));
#321=VERTEX_POINT('',#320);
#322=CARTESIAN_POINT('',(32.9109992980957,13.645000457763672,3));
#323=VERTEX_POINT('',#322);
#324=CARTESIAN_POINT('',(33.27499771118164,-14.001999855041504,3));
#325=VERTEX_POINT('',#324);
#326=CARTESIAN_POINT('',(32.644996643066406,-12.91100025177002,5.12168085381264E-15));
#327=VERTEX_POINT('',#326);
#328=CARTESIAN_POINT('',(32.697998046875,-12.831999778747559,5.0923709727388E-15));
#329=VERTEX_POINT('',#328);
#330=CARTESIAN_POINT('',(-32.25300216674805,14.086999893188477,1.3537171295768032E-14));
#331=VERTEX_POINT('',#330);
#332=CARTESIAN_POINT('',(-32.270999908447266,14.180000305175781,1.3520518628025013E-14));
#333=VERTEX_POINT('',#332);
#334=CARTESIAN_POINT('',(-31.832000732421875,-13.85200023651123,3));
#335=VERTEX_POINT('',#334);
#336=CARTESIAN_POINT('',(32.99699783325195,-13.946999549865723,3));
#337=VERTEX_POINT('',#336);
#338=CARTESIAN_POINT('',(33.18000030517578,-13.996000289916992,3));
#339=VERTEX_POINT('',#338);
#340=CARTESIAN_POINT('',(33.086997985839844,-13.977999687194824,3));
#341=VERTEX_POINT('',#340);
#342=CARTESIAN_POINT('',(-32.27799987792969,14.274999618530273,1.3500978424964803E-14));
#343=VERTEX_POINT('',#342);
#344=CARTESIAN_POINT('',(-32.270999908447266,14.369999885559082,1.347832961098817E-14));
#345=VERTEX_POINT('',#344);
#346=CARTESIAN_POINT('',(32.9109992980957,-13.904999732971191,3));
#347=VERTEX_POINT('',#346);
#348=CARTESIAN_POINT('',(-32.25300216674805,14.463000297546387,1.3453682646288965E-14));
#349=VERTEX_POINT('',#348);
#350=CARTESIAN_POINT('',(-32.22200012207031,14.553000450134277,1.3426815608235006E-14));
#351=VERTEX_POINT('',#350);
#352=CARTESIAN_POINT('',(32.644996643066406,13.91100025177002,3));
#353=VERTEX_POINT('',#352);
#354=CARTESIAN_POINT('',(32.83199691772461,-13.85200023651123,3));
#355=VERTEX_POINT('',#354);
#356=CARTESIAN_POINT('',(32.7609977722168,-13.788999557495117,3));
#357=VERTEX_POINT('',#356);
#358=CARTESIAN_POINT('',(32.602996826171875,13.996999740600586,3));
#359=VERTEX_POINT('',#358);
#360=CARTESIAN_POINT('',(32.571998596191406,14.086999893188477,3));
#361=VERTEX_POINT('',#360);
#362=CARTESIAN_POINT('',(32.55399703979492,14.180000305175781,3));
#363=VERTEX_POINT('',#362);
#364=CARTESIAN_POINT('',(32.54800033569336,14.274999618530273,3));
#365=VERTEX_POINT('',#364);
#366=CARTESIAN_POINT('',(32.7609977722168,-12.76099967956543,5.062617246400598E-15));
#367=VERTEX_POINT('',#366);
#368=CARTESIAN_POINT('',(12.600998878479004,7.002999782562256,3));
#369=VERTEX_POINT('',#368);
#370=CARTESIAN_POINT('',(6.600998401641846,-6.001999855041504,3));
#371=VERTEX_POINT('',#370);
#372=CARTESIAN_POINT('',(33.946998596191406,13.996999740600586,3));
#373=VERTEX_POINT('',#372);
#374=CARTESIAN_POINT('',(33.904998779296875,13.91100025177002,-1.1137755866850595E-15));
#375=VERTEX_POINT('',#374);
#376=CARTESIAN_POINT('',(33.904998779296875,13.91100025177002,3));
#377=VERTEX_POINT('',#376);
#378=CARTESIAN_POINT('',(32.697998046875,-13.718000411987305,3));
#379=VERTEX_POINT('',#378);
#380=CARTESIAN_POINT('',(12.600998878479004,-6.001999855041504,3));
#381=VERTEX_POINT('',#380);
#382=CARTESIAN_POINT('',(33.99599838256836,-13.180000305175781,4.881428852169904E-15));
#383=VERTEX_POINT('',#382);
#384=CARTESIAN_POINT('',(33.46299743652344,-12.571999549865723,4.8647753373939374E-15));
#385=VERTEX_POINT('',#384);
#386=CARTESIAN_POINT('',(33.369998931884766,-12.553999900817871,4.881428852169904E-15));
#387=VERTEX_POINT('',#386);
#388=CARTESIAN_POINT('',(39,13.54800033569336,-2.1644906292382204E-15));
#389=VERTEX_POINT('',#388);
#390=CARTESIAN_POINT('',(32.55399703979492,14.369999885559082,3));
#391=VERTEX_POINT('',#390);
#392=CARTESIAN_POINT('',(32.571998596191406,14.463000297546387,3));
#393=VERTEX_POINT('',#392);
#394=CARTESIAN_POINT('',(32.644996643066406,-13.638999938964844,3));
#395=VERTEX_POINT('',#394);
#396=CARTESIAN_POINT('',(34.00299835205078,-13.274999618530273,4.90096863171364E-15));
#397=VERTEX_POINT('',#396);
#398=CARTESIAN_POINT('',(32.602996826171875,14.553000450134277,3));
#399=VERTEX_POINT('',#398);
#400=CARTESIAN_POINT('',(32.644996643066406,14.638999938964844,3));
#401=VERTEX_POINT('',#400);
#402=CARTESIAN_POINT('',(32.602996826171875,-13.553000450134277,3));
#403=VERTEX_POINT('',#402);
#404=CARTESIAN_POINT('',(32.697998046875,14.718000411987305,3));
#405=VERTEX_POINT('',#404);
#406=CARTESIAN_POINT('',(33.46299743652344,-12.571999549865723,3));
#407=VERTEX_POINT('',#406);
#408=CARTESIAN_POINT('',(32.571998596191406,-13.463000297546387,3));
#409=VERTEX_POINT('',#408);
#410=CARTESIAN_POINT('',(32.7609977722168,14.788999557495117,3));
#411=VERTEX_POINT('',#410);
#412=CARTESIAN_POINT('',(32.55399703979492,-13.369999885559082,3));
#413=VERTEX_POINT('',#412);
#414=CARTESIAN_POINT('',(6.600998401641846,7.002999782562256,3));
#415=VERTEX_POINT('',#414);
#416=CARTESIAN_POINT('',(32.54800033569336,-13.274999618530273,3));
#417=VERTEX_POINT('',#416);
#418=CARTESIAN_POINT('',(-32.064002990722656,14.788999557495117,1.3339329810277845E-14));
#419=VERTEX_POINT('',#418);
#420=CARTESIAN_POINT('',(-32.12700271606445,14.718000411987305,1.3369083536616047E-14));
#421=VERTEX_POINT('',#420);
#422=CARTESIAN_POINT('',(-32.18000030517578,14.638999938964844,1.3398393417689888E-14));
#423=VERTEX_POINT('',#422);
#424=CARTESIAN_POINT('',(33.85199737548828,14.718000411987305,-1.281197154424029E-15));
#425=VERTEX_POINT('',#424);
#426=CARTESIAN_POINT('',(32.83199691772461,14.85200023651123,3));
#427=VERTEX_POINT('',#426);
#428=CARTESIAN_POINT('',(-31.036001205444336,14.788999557495117,3));
#429=VERTEX_POINT('',#428);
#430=CARTESIAN_POINT('',(-31.99300193786621,14.85200023651123,1.3309576083939643E-14));
#431=VERTEX_POINT('',#430);
#432=CARTESIAN_POINT('',(-31.91400146484375,14.904999732971191,1.3280266202865803E-14));
#433=VERTEX_POINT('',#432);
#434=CARTESIAN_POINT('',(-31.828001022338867,14.946999549865723,1.3251844012320685E-14));
#435=VERTEX_POINT('',#434);
#436=CARTESIAN_POINT('',(-31.738000869750977,14.977999687194824,1.3224976974266726E-14));
#437=VERTEX_POINT('',#436);
#438=CARTESIAN_POINT('',(-31.645002365112305,14.996000289916992,1.320033000956752E-14));
#439=VERTEX_POINT('',#438);
#440=CARTESIAN_POINT('',(32.602996826171875,-12.996999740600586,3));
#441=VERTEX_POINT('',#440);
#442=CARTESIAN_POINT('',(32.571998596191406,-13.086999893188477,3));
#443=VERTEX_POINT('',#442);
#444=CARTESIAN_POINT('',(-31.761001586914062,-13.788999557495117,1.9617640506313337E-14));
#445=VERTEX_POINT('',#444);
#446=CARTESIAN_POINT('',(-6.401001453399658,-6.001999855041504,1.225752812916486E-14));
#447=VERTEX_POINT('',#446);
#448=CARTESIAN_POINT('',(-31.832000732421875,-13.85200023651123,1.9647395079684486E-14));
#449=VERTEX_POINT('',#448);
#450=CARTESIAN_POINT('',(-31.645002365112305,-13.638999938964844,1.9558576898901295E-14));
#451=VERTEX_POINT('',#450);
#452=CARTESIAN_POINT('',(-31.698001861572266,-13.718000411987305,1.9587887627008083E-14));
#453=VERTEX_POINT('',#452);
#454=CARTESIAN_POINT('',(-31.554000854492188,-13.180000305175781,1.9436453382632064E-14));
#455=VERTEX_POINT('',#454);
#456=CARTESIAN_POINT('',(32.55399703979492,-13.369999885559082,5.243805640631292E-15));
#457=VERTEX_POINT('',#456);
#458=CARTESIAN_POINT('',(32.697998046875,-12.831999778747559,3));
#459=VERTEX_POINT('',#458);
#460=CARTESIAN_POINT('',(32.644996643066406,-12.91100025177002,3));
#461=VERTEX_POINT('',#460);
#462=CARTESIAN_POINT('',(32.7609977722168,-12.76099967956543,3));
#463=VERTEX_POINT('',#462);
#464=CARTESIAN_POINT('',(33.638999938964844,14.904999732971191,-1.2754239896137806E-15));
#465=VERTEX_POINT('',#464);
#466=CARTESIAN_POINT('',(33.55299758911133,14.946999549865723,3));
#467=VERTEX_POINT('',#466);
#468=CARTESIAN_POINT('',(-31.362001419067383,14.977999687194824,3));
#469=VERTEX_POINT('',#468);
#470=CARTESIAN_POINT('',(33.71799850463867,14.85200023651123,-1.281197154424029E-15));
#471=VERTEX_POINT('',#470);
#472=CARTESIAN_POINT('',(32.99699783325195,14.946999549865723,3));
#473=VERTEX_POINT('',#472);
#474=CARTESIAN_POINT('',(32.9109992980957,14.904999732971191,3));
#475=VERTEX_POINT('',#474);
#476=CARTESIAN_POINT('',(12.600998878479004,7.002999782562256,5.15054688962212E-15));
#477=VERTEX_POINT('',#476);
#478=CARTESIAN_POINT('',(6.600998401641846,-6.001999855041504,9.370504419875091E-15));
#479=VERTEX_POINT('',#478);
#480=CARTESIAN_POINT('',(32.83199691772461,-12.697999954223633,3));
#481=VERTEX_POINT('',#480);
#482=CARTESIAN_POINT('',(33.638999938964844,13.645000457763672,3));
#483=VERTEX_POINT('',#482);
#484=CARTESIAN_POINT('',(33.369998931884766,13.553999900817871,-9.157117550462183E-16));
#485=VERTEX_POINT('',#484);
#486=CARTESIAN_POINT('',(33.71799850463867,13.697999954223633,3));
#487=VERTEX_POINT('',#486);
#488=CARTESIAN_POINT('',(-31.18600082397461,14.904999732971191,1.3118617588178845E-14));
#489=VERTEX_POINT('',#488);
#490=CARTESIAN_POINT('',(-31.10700225830078,14.85200023651123,1.311284421161036E-14));
#491=VERTEX_POINT('',#490);
#492=CARTESIAN_POINT('',(-31.272001266479492,14.946999549865723,1.3128387266192476E-14));
#493=VERTEX_POINT('',#492);
#494=CARTESIAN_POINT('',(-30.847002029418945,14.086999893188477,3));
#495=VERTEX_POINT('',#494);
#496=CARTESIAN_POINT('',(-12.401001930236816,7.002999782562256,3));
#497=VERTEX_POINT('',#496);
#498=CARTESIAN_POINT('',(-30.829002380371094,14.180000305175781,3));
#499=VERTEX_POINT('',#498);
#500=CARTESIAN_POINT('',(33.55299758911133,-12.602999687194824,4.851674702315229E-15));
#501=VERTEX_POINT('',#500);
#502=CARTESIAN_POINT('',(33.638999938964844,-12.645000457763672,4.841905024301598E-15));
#503=VERTEX_POINT('',#502);
#504=CARTESIAN_POINT('',(32.99699783325195,-12.602999687194824,4.9751314484434376E-15));
#505=VERTEX_POINT('',#504);
#506=CARTESIAN_POINT('',(32.9109992980957,-12.645000457763672,5.003553215472082E-15));
#507=VERTEX_POINT('',#506);
#508=CARTESIAN_POINT('',(33.27499771118164,13.54800033569336,-8.932852872182398E-16));
#509=VERTEX_POINT('',#508);
#510=CARTESIAN_POINT('',(32.83199691772461,-12.697999954223633,5.0328630965459226E-15));
#511=VERTEX_POINT('',#510);
#512=CARTESIAN_POINT('',(33.086997985839844,-12.571999549865723,4.948263986873005E-15));
#513=VERTEX_POINT('',#512);
#514=CARTESIAN_POINT('',(33.18000030517578,-12.553999900817871,4.923617445690273E-15));
#515=VERTEX_POINT('',#514);
#516=CARTESIAN_POINT('',(33.27499771118164,-12.54699993133545,4.90096863171364E-15));
#517=VERTEX_POINT('',#516);
#518=CARTESIAN_POINT('',(33.086997985839844,13.571999549865723,-8.568699643872382E-16));
#519=VERTEX_POINT('',#518);
#520=CARTESIAN_POINT('',(33.086997985839844,13.571999549865723,3));
#521=VERTEX_POINT('',#520);
#522=CARTESIAN_POINT('',(32.99699783325195,13.602999687194824,3));
#523=VERTEX_POINT('',#522);
#524=CARTESIAN_POINT('',(32.99699783325195,13.602999687194824,-8.437693293085295E-16));
#525=VERTEX_POINT('',#524);
#526=CARTESIAN_POINT('',(32.55399703979492,-13.180000305175781,3));
#527=VERTEX_POINT('',#526);
#528=CARTESIAN_POINT('',(32.9109992980957,-12.645000457763672,3));
#529=VERTEX_POINT('',#528);
#530=CARTESIAN_POINT('',(-31.60300064086914,-12.996999740600586,3));
#531=VERTEX_POINT('',#530);
#532=CARTESIAN_POINT('',(-31.572002410888672,-13.086999893188477,3));
#533=VERTEX_POINT('',#532);
#534=CARTESIAN_POINT('',(-31.554000854492188,-13.369999885559082,3));
#535=VERTEX_POINT('',#534);
#536=CARTESIAN_POINT('',(-31.572002410888672,-13.463000297546387,3));
#537=VERTEX_POINT('',#536);
#538=CARTESIAN_POINT('',(-12.401001930236816,-6.001999855041504,3));
#539=VERTEX_POINT('',#538);
#540=CARTESIAN_POINT('',(-31.645002365112305,-13.638999938964844,3));
#541=VERTEX_POINT('',#540);
#542=CARTESIAN_POINT('',(-31.698001861572266,-13.718000411987305,3));
#543=VERTEX_POINT('',#542);
#544=CARTESIAN_POINT('',(-31.761001586914062,-13.788999557495117,3));
#545=VERTEX_POINT('',#544);
#546=CARTESIAN_POINT('',(-6.401001453399658,-6.001999855041504,3));
#547=VERTEX_POINT('',#546);
#548=CARTESIAN_POINT('',(-30.920001983642578,13.91100025177002,3));
#549=VERTEX_POINT('',#548);
#550=CARTESIAN_POINT('',(-25.40300178527832,7.002999782562256,3));
#551=VERTEX_POINT('',#550);
#552=CARTESIAN_POINT('',(-30.878002166748047,13.996999740600586,3));
#553=VERTEX_POINT('',#552);
#554=CARTESIAN_POINT('',(-6.401001453399658,7.002999782562256,3));
#555=VERTEX_POINT('',#554);
#556=CARTESIAN_POINT('',(32.83199691772461,13.697999954223633,-8.282262217868539E-16));
#557=VERTEX_POINT('',#556);
#558=CARTESIAN_POINT('',(32.7609977722168,13.76099967956543,-8.26449834877784E-16));
#559=VERTEX_POINT('',#558);
#560=CARTESIAN_POINT('',(-30.878002166748047,14.553000450134277,3));
#561=VERTEX_POINT('',#560);
#562=CARTESIAN_POINT('',(-30.920001983642578,14.638999938964844,3));
#563=VERTEX_POINT('',#562);
#564=CARTESIAN_POINT('',(-30.847002029418945,14.463000297546387,3));
#565=VERTEX_POINT('',#564);
#566=CARTESIAN_POINT('',(-31.548002243041992,-13.274999618530273,3));
#567=VERTEX_POINT('',#566);
#568=CARTESIAN_POINT('',(-31.554000854492188,-13.180000305175781,3));
#569=VERTEX_POINT('',#568);
#570=CARTESIAN_POINT('',(-30.847002029418945,14.463000297546387,1.3141488324787658E-14));
#571=VERTEX_POINT('',#570);
#572=CARTESIAN_POINT('',(32.9109992980957,14.904999732971191,-1.1137755866850595E-15));
#573=VERTEX_POINT('',#572);
#574=CARTESIAN_POINT('',(32.83199691772461,14.85200023651123,-1.084465705611219E-15));
#575=VERTEX_POINT('',#574);
#576=CARTESIAN_POINT('',(32.571998596191406,14.463000297546387,-9.40358719745424E-16));
#577=VERTEX_POINT('',#576);
#578=CARTESIAN_POINT('',(32.602996826171875,14.553000450134277,-9.672261813158567E-16));
#579=VERTEX_POINT('',#578);
#580=CARTESIAN_POINT('',(32.644996643066406,14.638999938964844,-9.956478424653827E-16));
#581=VERTEX_POINT('',#580);
#582=CARTESIAN_POINT('',(32.55399703979492,14.369999885559082,-9.157117550462183E-16));
#583=VERTEX_POINT('',#582);
#584=CARTESIAN_POINT('',(-30.829002380371094,14.369999885559082,1.3158140992530678E-14));
#585=VERTEX_POINT('',#584);
#586=CARTESIAN_POINT('',(32.54800033569336,14.274999618530273,-8.932852872182398E-16));
#587=VERTEX_POINT('',#586);
#588=CARTESIAN_POINT('',(32.55399703979492,14.180000305175781,-8.735233203445273E-16));
#589=VERTEX_POINT('',#588);
#590=CARTESIAN_POINT('',(25.601999282836914,7.002999782562256,2.2637448912062952E-15));
#591=VERTEX_POINT('',#590);
#592=CARTESIAN_POINT('',(-30.829002380371094,14.369999885559082,3));
#593=VERTEX_POINT('',#592);
#594=CARTESIAN_POINT('',(-30.823001861572266,14.274999618530273,3));
#595=VERTEX_POINT('',#594);
#596=CARTESIAN_POINT('',(-31.362001419067383,13.571999549865723,1.3453682646288965E-14));
#597=VERTEX_POINT('',#596);
#598=CARTESIAN_POINT('',(-31.272001266479492,13.602999687194824,1.3426815608235006E-14));
#599=VERTEX_POINT('',#598);
#600=CARTESIAN_POINT('',(-31.18600082397461,13.645000457763672,1.3398393417689888E-14));
#601=VERTEX_POINT('',#600);
#602=CARTESIAN_POINT('',(-31.455001831054688,13.553999900817871,1.347832961098817E-14));
#603=VERTEX_POINT('',#602);
#604=CARTESIAN_POINT('',(33.18000030517578,13.553999900817871,-8.735233203445273E-16));
#605=VERTEX_POINT('',#604);
#606=CARTESIAN_POINT('',(33.46299743652344,13.571999549865723,-9.40358719745424E-16));
#607=VERTEX_POINT('',#606);
#608=CARTESIAN_POINT('',(-31.10700225830078,13.697999954223633,3));
#609=VERTEX_POINT('',#608);
#610=CARTESIAN_POINT('',(-31.18600082397461,13.645000457763672,3));
#611=VERTEX_POINT('',#610);
#612=CARTESIAN_POINT('',(-31.036001205444336,13.76099967956543,3));
#613=VERTEX_POINT('',#612);
#614=CARTESIAN_POINT('',(-30.97300148010254,13.831999778747559,3));
#615=VERTEX_POINT('',#614);
#616=CARTESIAN_POINT('',(-31.272001266479492,13.602999687194824,3));
#617=VERTEX_POINT('',#616);
#618=CARTESIAN_POINT('',(32.644996643066406,13.91100025177002,-8.339993865971024E-16));
#619=VERTEX_POINT('',#618);
#620=CARTESIAN_POINT('',(-31.362001419067383,13.571999549865723,3));
#621=VERTEX_POINT('',#620);
#622=CARTESIAN_POINT('',(32.99699783325195,14.946999549865723,-1.1421972478345855E-15));
#623=VERTEX_POINT('',#622);
#624=CARTESIAN_POINT('',(-31.362001419067383,14.977999687194824,1.3141488324787658E-14));
#625=VERTEX_POINT('',#624);
#626=CARTESIAN_POINT('',(-31.455001831054688,14.996000289916992,1.3158140992530678E-14));
#627=VERTEX_POINT('',#626);
#628=CARTESIAN_POINT('',(-31.55000114440918,15.003000259399414,1.3177681195590887E-14));
#629=VERTEX_POINT('',#628);
#630=CARTESIAN_POINT('',(33.99599838256836,-13.369999885559082,3));
#631=VERTEX_POINT('',#630);
#632=CARTESIAN_POINT('',(-31.455001831054688,13.553999900817871,3));
#633=VERTEX_POINT('',#632);
#634=CARTESIAN_POINT('',(-31.99700164794922,-13.946999549865723,3));
#635=VERTEX_POINT('',#634);
#636=CARTESIAN_POINT('',(-32.08700180053711,-13.977999687194824,3));
#637=VERTEX_POINT('',#636);
#638=CARTESIAN_POINT('',(-32.4630012512207,-13.977999687194824,3));
#639=VERTEX_POINT('',#638);
#640=CARTESIAN_POINT('',(33.71799850463867,13.697999954223633,-1.0249577235392233E-15));
#641=VERTEX_POINT('',#640);
#642=CARTESIAN_POINT('',(33.788997650146484,13.76099967956543,-1.0547116616356619E-15));
#643=VERTEX_POINT('',#642);
#644=CARTESIAN_POINT('',(33.977996826171875,14.086999893188477,-1.1690647094050183E-15));
#645=VERTEX_POINT('',#644);
#646=CARTESIAN_POINT('',(33.946998596191406,13.996999740600586,-1.1421972478345855E-15));
#647=VERTEX_POINT('',#646);
#648=CARTESIAN_POINT('',(33.85199737548828,13.831999778747559,-1.084465705611219E-15));
#649=VERTEX_POINT('',#648);
#650=CARTESIAN_POINT('',(33.638999938964844,13.645000457763672,-9.956478424653827E-16));
#651=VERTEX_POINT('',#650);
#652=CARTESIAN_POINT('',(33.904998779296875,14.638999938964844,-1.2754239896137806E-15));
#653=VERTEX_POINT('',#652);
#654=CARTESIAN_POINT('',(33.086997985839844,14.977999687194824,3));
#655=VERTEX_POINT('',#654);
#656=CARTESIAN_POINT('',(33.977996826171875,14.463000297546387,-1.252553464763204E-15));
#657=VERTEX_POINT('',#656);
#658=CARTESIAN_POINT('',(33.18000030517578,14.996000289916992,3));
#659=VERTEX_POINT('',#658);
#660=CARTESIAN_POINT('',(33.55299758911133,14.946999549865723,-1.2656540998419127E-15));
#661=VERTEX_POINT('',#660);
#662=CARTESIAN_POINT('',(33.27499771118164,15.003000259399414,3));
#663=VERTEX_POINT('',#662);
#664=CARTESIAN_POINT('',(33.946998596191406,14.553000450134277,-1.2656540998419127E-15));
#665=VERTEX_POINT('',#664);
#666=CARTESIAN_POINT('',(33.788997650146484,14.788999557495117,-1.2829735942726582E-15));
#667=VERTEX_POINT('',#666);
#668=CARTESIAN_POINT('',(33.55299758911133,13.602999687194824,-9.672261813158567E-16));
#669=VERTEX_POINT('',#668);
#670=CARTESIAN_POINT('',(32.9109992980957,13.645000457763672,-8.339993865971024E-16));
#671=VERTEX_POINT('',#670);
#672=CARTESIAN_POINT('',(32.697998046875,13.831999778747559,-8.282262217868539E-16));
#673=VERTEX_POINT('',#672);
#674=CARTESIAN_POINT('',(-30.97300148010254,14.718000411987305,3));
#675=VERTEX_POINT('',#674);
#676=CARTESIAN_POINT('',(32.602996826171875,13.996999740600586,-8.437693293085295E-16));
#677=VERTEX_POINT('',#676);
#678=CARTESIAN_POINT('',(32.571998596191406,14.086999893188477,-8.568699643872382E-16));
#679=VERTEX_POINT('',#678);
#680=CARTESIAN_POINT('',(32.697998046875,14.718000411987305,-1.0249577235392233E-15));
#681=VERTEX_POINT('',#680);
#682=CARTESIAN_POINT('',(-31.911001205444336,-13.904999732971191,3));
#683=VERTEX_POINT('',#682);
#684=CARTESIAN_POINT('',(-31.91400146484375,13.645000457763672,1.3560042032376846E-14));
#685=VERTEX_POINT('',#684);
#686=CARTESIAN_POINT('',(33.99599838256836,14.180000305175781,-1.193711674104224E-15));
#687=VERTEX_POINT('',#686);
#688=CARTESIAN_POINT('',(34.00299835205078,14.274999618530273,-1.2163601704435014E-15));
#689=VERTEX_POINT('',#688);
#690=CARTESIAN_POINT('',(33.99599838256836,14.369999885559082,-1.2359000558663557E-15));
#691=VERTEX_POINT('',#690);
#692=CARTESIAN_POINT('',(33.977996826171875,-13.086999893188477,4.8647753373939374E-15));
#693=VERTEX_POINT('',#692);
#694=CARTESIAN_POINT('',(33.99599838256836,-13.369999885559082,4.923617445690273E-15));
#695=VERTEX_POINT('',#694);
#696=CARTESIAN_POINT('',(33.946998596191406,-13.553000450134277,4.9751314484434376E-15));
#697=VERTEX_POINT('',#696);
#698=CARTESIAN_POINT('',(33.977996826171875,-13.463000297546387,4.948263986873005E-15));
#699=VERTEX_POINT('',#698);
#700=CARTESIAN_POINT('',(-32.22200012207031,13.996999740600586,1.3550272354363214E-14));
#701=VERTEX_POINT('',#700);
#702=CARTESIAN_POINT('',(-32.22200012207031,13.996999740600586,3));
#703=VERTEX_POINT('',#702);
#704=CARTESIAN_POINT('',(-32.18000030517578,13.91100025177002,3));
#705=VERTEX_POINT('',#704);
#706=CARTESIAN_POINT('',(-31.572002410888672,-13.086999893188477,1.941979902082315E-14));
#707=VERTEX_POINT('',#706);
#708=CARTESIAN_POINT('',(-31.911001205444336,-12.645000457763672,3));
#709=VERTEX_POINT('',#708);
#710=CARTESIAN_POINT('',(-31.832000732421875,-12.697999954223633,1.93911557546788E-14));
#711=VERTEX_POINT('',#710);
#712=CARTESIAN_POINT('',(-31.832000732421875,-12.697999954223633,3));
#713=VERTEX_POINT('',#712);
#714=CARTESIAN_POINT('',(-32.25300216674805,14.086999893188477,3));
#715=VERTEX_POINT('',#714);
#716=CARTESIAN_POINT('',(-31.761001586914062,-12.76099967956543,3));
#717=VERTEX_POINT('',#716);
#718=CARTESIAN_POINT('',(-32.12700271606445,13.831999778747559,3));
#719=VERTEX_POINT('',#718);
#720=CARTESIAN_POINT('',(-32.270999908447266,14.369999885559082,3));
#721=VERTEX_POINT('',#720);
#722=CARTESIAN_POINT('',(-32.27799987792969,14.274999618530273,3));
#723=VERTEX_POINT('',#722);
#724=CARTESIAN_POINT('',(33.27499771118164,-14.001999855041504,5.224043514938902E-15));
#725=VERTEX_POINT('',#724);
#726=CARTESIAN_POINT('',(33.18000030517578,-13.996000289916992,5.243805640631292E-15));
#727=VERTEX_POINT('',#726);
#728=CARTESIAN_POINT('',(33.369998931884766,-13.996000289916992,5.201617047110923E-15));
#729=VERTEX_POINT('',#728);
#730=CARTESIAN_POINT('',(-32.275001525878906,-14.001999855041504,1.9779068045401062E-14));
#731=VERTEX_POINT('',#730);
#732=CARTESIAN_POINT('',(-32.18000030517578,-13.996000289916992,1.9756640307023662E-14));
#733=VERTEX_POINT('',#732);
#734=CARTESIAN_POINT('',(-32.25300216674805,14.463000297546387,3));
#735=VERTEX_POINT('',#734);
#736=CARTESIAN_POINT('',(-32.275001525878906,-14.001999855041504,3));
#737=VERTEX_POINT('',#736);
#738=CARTESIAN_POINT('',(-32.18000030517578,-13.996000289916992,3));
#739=VERTEX_POINT('',#738);
#740=CARTESIAN_POINT('',(-31.99300193786621,13.697999954223633,1.3565815408945331E-14));
#741=VERTEX_POINT('',#740);
#742=CARTESIAN_POINT('',(-32.37000274658203,-13.996000289916992,1.9798829324060505E-14));
#743=VERTEX_POINT('',#742);
#744=CARTESIAN_POINT('',(-32.37000274658203,-13.996000289916992,3));
#745=VERTEX_POINT('',#744);
#746=CARTESIAN_POINT('',(-31.645002365112305,-12.91100025177002,1.9396929131247284E-14));
#747=VERTEX_POINT('',#746);
#748=CARTESIAN_POINT('',(-31.60300064086914,-12.996999740600586,1.9406698809260915E-14));
#749=VERTEX_POINT('',#748);
#750=CARTESIAN_POINT('',(-32.270999908447266,14.180000305175781,3));
#751=VERTEX_POINT('',#750);
#752=CARTESIAN_POINT('',(-32.064002990722656,13.76099967956543,1.3567591637035723E-14));
#753=VERTEX_POINT('',#752);
#754=CARTESIAN_POINT('',(-32.22200012207031,14.553000450134277,3));
#755=VERTEX_POINT('',#754);
#756=CARTESIAN_POINT('',(-31.911001205444336,-12.645000457763672,1.9396929131247284E-14));
#757=VERTEX_POINT('',#756);
#758=CARTESIAN_POINT('',(-32.12700271606445,13.831999778747559,1.3565815408945331E-14));
#759=VERTEX_POINT('',#758);
#760=CARTESIAN_POINT('',(-31.761001586914062,-12.76099967956543,1.938937867955546E-14));
#761=VERTEX_POINT('',#760);
#762=CARTESIAN_POINT('',(-31.698001861572266,-12.831999778747559,1.93911557546788E-14));
#763=VERTEX_POINT('',#762);
#764=CARTESIAN_POINT('',(33.55299758911133,-13.946999549865723,5.150102620841285E-15));
#765=VERTEX_POINT('',#764);
#766=CARTESIAN_POINT('',(-32.18000030517578,13.91100025177002,1.3560042032376846E-14));
#767=VERTEX_POINT('',#766);
#768=CARTESIAN_POINT('',(-31.99300193786621,14.85200023651123,3));
#769=VERTEX_POINT('',#768);
#770=CARTESIAN_POINT('',(-31.91400146484375,14.904999732971191,3));
#771=VERTEX_POINT('',#770);
#772=CARTESIAN_POINT('',(-32.85200119018555,-13.718000411987305,1.984412695201377E-14));
#773=VERTEX_POINT('',#772);
#774=CARTESIAN_POINT('',(-31.828001022338867,14.946999549865723,3));
#775=VERTEX_POINT('',#774);
#776=CARTESIAN_POINT('',(-32.08700180053711,-13.977999687194824,1.9731993342324457E-14));
#777=VERTEX_POINT('',#776);
#778=CARTESIAN_POINT('',(-32.4630012512207,-13.977999687194824,1.9815481991803524E-14));
#779=VERTEX_POINT('',#778);
#780=CARTESIAN_POINT('',(-31.645002365112305,14.996000289916992,3));
#781=VERTEX_POINT('',#780);
#782=CARTESIAN_POINT('',(-31.738000869750977,14.977999687194824,3));
#783=VERTEX_POINT('',#782);
#784=CARTESIAN_POINT('',(-31.55000114440918,15.003000259399414,3));
#785=VERTEX_POINT('',#784);
#786=CARTESIAN_POINT('',(-32.996002197265625,-13.369999885559082,1.9798829324060505E-14));
#787=VERTEX_POINT('',#786);
#788=CARTESIAN_POINT('',(-32.97800064086914,-13.463000297546387,1.9815481991803524E-14));
#789=VERTEX_POINT('',#788);
#790=CARTESIAN_POINT('',(-32.94700241088867,-13.553000450134277,1.9828583897431654E-14));
#791=VERTEX_POINT('',#790);
#792=CARTESIAN_POINT('',(-32.90500259399414,-13.638999938964844,1.9838353575445285E-14));
#793=VERTEX_POINT('',#792);
#794=CARTESIAN_POINT('',(-32.78900146484375,-13.788999557495117,1.9845902333071215E-14));
#795=VERTEX_POINT('',#794);
#796=CARTESIAN_POINT('',(-32.71800231933594,-13.85200023651123,1.984412695201377E-14));
#797=VERTEX_POINT('',#796);
#798=CARTESIAN_POINT('',(-32.638999938964844,-13.904999732971191,1.9838353575445285E-14));
#799=VERTEX_POINT('',#798);
#800=CARTESIAN_POINT('',(-32.553001403808594,-13.946999549865723,1.9828583897431654E-14));
#801=VERTEX_POINT('',#800);
#802=CARTESIAN_POINT('',(-33.00300216674805,-13.274999618530273,1.9779289968033242E-14));
#803=VERTEX_POINT('',#802);
#804=CARTESIAN_POINT('',(-32.18000030517578,14.638999938964844,3));
#805=VERTEX_POINT('',#804);
#806=CARTESIAN_POINT('',(-32.97800064086914,-13.086999893188477,1.9731993342324457E-14));
#807=VERTEX_POINT('',#806);
#808=CARTESIAN_POINT('',(-32.12700271606445,14.718000411987305,3));
#809=VERTEX_POINT('',#808);
#810=CARTESIAN_POINT('',(-32.064002990722656,14.788999557495117,3));
#811=VERTEX_POINT('',#810);
#812=CARTESIAN_POINT('',(-32.90500259399414,-12.91100025177002,1.967670411372538E-14));
#813=VERTEX_POINT('',#812);
#814=CARTESIAN_POINT('',(-32.996002197265625,-13.180000305175781,1.9756640307023662E-14));
#815=VERTEX_POINT('',#814);
#816=CARTESIAN_POINT('',(-32.71800231933594,-12.697999954223633,1.9587887627008083E-14));
#817=VERTEX_POINT('',#816);
#818=CARTESIAN_POINT('',(33.71799850463867,-12.697999954223633,4.8361316477331124E-15));
#819=VERTEX_POINT('',#818);
#820=CARTESIAN_POINT('',(-32.638999938964844,-12.645000457763672,1.9558576898901295E-14));
#821=VERTEX_POINT('',#820);
#822=CARTESIAN_POINT('',(33.85199737548828,-12.831999778747559,4.8361316477331124E-15));
#823=VERTEX_POINT('',#822);
#824=CARTESIAN_POINT('',(33.904998779296875,-12.91100025177002,4.841905024301598E-15));
#825=VERTEX_POINT('',#824);
#826=CARTESIAN_POINT('',(-31.455001831054688,14.996000289916992,3));
#827=VERTEX_POINT('',#826);
#828=CARTESIAN_POINT('',(-32.85200119018555,-12.831999778747559,1.9647395079684486E-14));
#829=VERTEX_POINT('',#828);
#830=CARTESIAN_POINT('',(-31.18600082397461,14.904999732971191,3));
#831=VERTEX_POINT('',#830);
#832=CARTESIAN_POINT('',(-31.272001266479492,14.946999549865723,3));
#833=VERTEX_POINT('',#832);
#834=CARTESIAN_POINT('',(33.46299743652344,-13.977999687194824,5.1769700824117176E-15));
#835=VERTEX_POINT('',#834);
#836=CARTESIAN_POINT('',(-31.10700225830078,14.85200023651123,3));
#837=VERTEX_POINT('',#836);
#838=CARTESIAN_POINT('',(-32.78900146484375,-12.76099967956543,1.9617640506313337E-14));
#839=VERTEX_POINT('',#838);
#840=CARTESIAN_POINT('',(-32.94700241088867,-12.996999740600586,1.9705127151303445E-14));
#841=VERTEX_POINT('',#840);
#842=CARTESIAN_POINT('',(-31.60300064086914,-13.553000450134277,3));
#843=VERTEX_POINT('',#842);
#844=CARTESIAN_POINT('',(-31.99700164794922,-12.602999687194824,1.9406698809260915E-14));
#845=VERTEX_POINT('',#844);
#846=CARTESIAN_POINT('',(33.904998779296875,-13.638999938964844,5.003553215472082E-15));
#847=VERTEX_POINT('',#846);
#848=CARTESIAN_POINT('',(33.85199737548828,-13.718000411987305,5.0328630965459226E-15));
#849=VERTEX_POINT('',#848);
#850=CARTESIAN_POINT('',(33.638999938964844,-13.904999732971191,5.12168085381264E-15));
#851=VERTEX_POINT('',#850);
#852=CARTESIAN_POINT('',(33.946998596191406,-12.996999740600586,4.851674702315229E-15));
#853=VERTEX_POINT('',#852);
#854=CARTESIAN_POINT('',(-31.645002365112305,-12.91100025177002,3));
#855=VERTEX_POINT('',#854);
#856=CARTESIAN_POINT('',(33.788997650146484,-12.76099967956543,4.83435541964272E-15));
#857=VERTEX_POINT('',#856);
#858=CARTESIAN_POINT('',(-31.99700164794922,-12.602999687194824,3));
#859=VERTEX_POINT('',#858);
#860=CARTESIAN_POINT('',(33.369998931884766,14.996000289916992,3));
#861=VERTEX_POINT('',#860);
#862=CARTESIAN_POINT('',(-31.698001861572266,-12.831999778747559,3));
#863=VERTEX_POINT('',#862);
#864=CARTESIAN_POINT('',(33.46299743652344,14.977999687194824,3));
#865=VERTEX_POINT('',#864);
#866=CARTESIAN_POINT('',(33.99599838256836,14.180000305175781,3));
#867=VERTEX_POINT('',#866);
#868=CARTESIAN_POINT('',(33.977996826171875,14.086999893188477,3));
#869=VERTEX_POINT('',#868);
#870=FACE_SURFACE('',(#875),#871,.T.);
#871=PLANE('',#872);
#872=AXIS2_PLACEMENT_3D('',#34,#873,#874);
#873=DIRECTION('',(0,0,1));
#874=DIRECTION('',(-0.749078530145759,-0.66248121156352,0));
#875=FACE_BOUND('',#876,.T.);
#876=EDGE_LOOP('',(#877,#878,#879));
#877=ORIENTED_EDGE('',*,*,#880,.T.);
#878=ORIENTED_EDGE('',*,*,#881,.T.);
#879=ORIENTED_EDGE('',*,*,#882,.T.);
#880=EDGE_CURVE('',#35,#37,#883,.F.);
#881=EDGE_CURVE('',#37,#39,#884,.T.);
#882=EDGE_CURVE('',#39,#35,#885,.T.);
#883=LINE('',#34,#886);
#884=LINE('',#36,#887);
#885=LINE('',#38,#888);
#886=VECTOR('',#889,1.0);
#887=VECTOR('',#890,1.0);
#888=VECTOR('',#891,1.0);
#889=DIRECTION('',(-0.749078530145759,-0.66248121156352,0));
#890=DIRECTION('',(0.7566105435213855,0.6538658007819905,0));
#891=DIRECTION('',(-0.8985653228989117,0.43883978908432475,0));
#892=FACE_SURFACE('',(#897),#893,.T.);
#893=PLANE('',#894);
#894=AXIS2_PLACEMENT_3D('',#40,#895,#896);
#895=DIRECTION('',(0,0,1));
#896=DIRECTION('',(-0.7410720922219788,-0.6714254643143488,0));
#897=FACE_BOUND('',#898,.T.);
#898=EDGE_LOOP('',(#899,#900,#901));
#899=ORIENTED_EDGE('',*,*,#902,.T.);
#900=ORIENTED_EDGE('',*,*,#903,.T.);
#901=ORIENTED_EDGE('',*,*,#904,.T.);
#902=EDGE_CURVE('',#41,#37,#905,.F.);
#903=EDGE_CURVE('',#37,#35,#906,.T.);
#904=EDGE_CURVE('',#35,#41,#907,.T.);
#905=LINE('',#40,#908);
#906=LINE('',#36,#909);
#907=LINE('',#34,#910);
#908=VECTOR('',#911,1.0);
#909=VECTOR('',#912,1.0);
#910=VECTOR('',#913,1.0);
#911=DIRECTION('',(-0.7410720922219788,-0.6714254643143488,0));
#912=DIRECTION('',(0.749078530145759,0.66248121156352,0));
#913=DIRECTION('',(-0.8304397783464071,0.5571084046574509,0));
#914=FACE_SURFACE('',(#919),#915,.T.);
#915=PLANE('',#916);
#916=AXIS2_PLACEMENT_3D('',#42,#917,#918);
#917=DIRECTION('',(0,0,1));
#918=DIRECTION('',(-0.7327423016456106,-0.6805062228805061,0));
#919=FACE_BOUND('',#920,.T.);
#920=EDGE_LOOP('',(#921,#922,#923));
#921=ORIENTED_EDGE('',*,*,#924,.T.);
#922=ORIENTED_EDGE('',*,*,#925,.T.);
#923=ORIENTED_EDGE('',*,*,#926,.T.);
#924=EDGE_CURVE('',#43,#37,#927,.F.);
#925=EDGE_CURVE('',#37,#41,#928,.T.);
#926=EDGE_CURVE('',#41,#43,#929,.T.);
#927=LINE('',#42,#930);
#928=LINE('',#36,#931);
#929=LINE('',#40,#932);
#930=VECTOR('',#933,1.0);
#931=VECTOR('',#934,1.0);
#932=VECTOR('',#935,1.0);
#933=DIRECTION('',(-0.7327423016456106,-0.6805062228805061,0));
#934=DIRECTION('',(0.7410720922219788,0.6714254643143488,0));
#935=DIRECTION('',(-0.7479827611823705,0.6637181547720366,0));
#936=FACE_SURFACE('',(#941),#937,.T.);
#937=PLANE('',#938);
#938=AXIS2_PLACEMENT_3D('',#44,#939,#940);
#939=DIRECTION('',(0,0,1));
#940=DIRECTION('',(-0.724255938569371,-0.6895312432711078,0));
#941=FACE_BOUND('',#942,.T.);
#942=EDGE_LOOP('',(#943,#944,#945));
#943=ORIENTED_EDGE('',*,*,#946,.T.);
#944=ORIENTED_EDGE('',*,*,#947,.T.);
#945=ORIENTED_EDGE('',*,*,#948,.T.);
#946=EDGE_CURVE('',#45,#37,#949,.F.);
#947=EDGE_CURVE('',#37,#43,#950,.T.);
#948=EDGE_CURVE('',#43,#45,#951,.T.);
#949=LINE('',#44,#952);
#950=LINE('',#36,#953);
#951=LINE('',#42,#954);
#952=VECTOR('',#955,1.0);
#953=VECTOR('',#956,1.0);
#954=VECTOR('',#957,1.0);
#955=DIRECTION('',(-0.724255938569371,-0.6895312432711078,0));
#956=DIRECTION('',(0.7327423016456106,0.6805062228805061,0));
#957=DIRECTION('',(-0.6637125336103797,0.7479877490497359,0));
#958=FACE_SURFACE('',(#963),#959,.T.);
#959=PLANE('',#960);
#960=AXIS2_PLACEMENT_3D('',#46,#961,#962);
#961=DIRECTION('',(0,0,1));
#962=DIRECTION('',(-0.7157802884958318,-0.6983255534496957,0));
#963=FACE_BOUND('',#964,.T.);
#964=EDGE_LOOP('',(#965,#966,#967));
#965=ORIENTED_EDGE('',*,*,#968,.T.);
#966=ORIENTED_EDGE('',*,*,#969,.T.);
#967=ORIENTED_EDGE('',*,*,#970,.T.);
#968=EDGE_CURVE('',#47,#37,#971,.F.);
#969=EDGE_CURVE('',#37,#45,#972,.T.);
#970=EDGE_CURVE('',#45,#47,#973,.T.);
#971=LINE('',#46,#974);
#972=LINE('',#36,#975);
#973=LINE('',#44,#976);
#974=VECTOR('',#977,1.0);
#975=VECTOR('',#978,1.0);
#976=VECTOR('',#979,1.0);
#977=DIRECTION('',(-0.7157802884958318,-0.6983255534496957,0));
#978=DIRECTION('',(0.724255938569371,0.6895312432711078,0));
#979=DIRECTION('',(-0.5571315068177726,0.8304242795769873,0));
#980=FACE_SURFACE('',(#985),#981,.T.);
#981=PLANE('',#982);
#982=AXIS2_PLACEMENT_3D('',#48,#983,#984);
#983=DIRECTION('',(0,0,1));
#984=DIRECTION('',(-0.7074958789416572,-0.7067174692057441,0));
#985=FACE_BOUND('',#986,.T.);
#986=EDGE_LOOP('',(#987,#988,#989));
#987=ORIENTED_EDGE('',*,*,#990,.T.);
#988=ORIENTED_EDGE('',*,*,#991,.T.);
#989=ORIENTED_EDGE('',*,*,#992,.T.);
#990=EDGE_CURVE('',#49,#37,#993,.F.);
#991=EDGE_CURVE('',#37,#47,#994,.T.);
#992=EDGE_CURVE('',#47,#49,#995,.T.);
#993=LINE('',#48,#996);
#994=LINE('',#36,#997);
#995=LINE('',#46,#998);
#996=VECTOR('',#999,1.0);
#997=VECTOR('',#1000,1.0);
#998=VECTOR('',#1001,1.0);
#999=DIRECTION('',(-0.7074958789416572,-0.7067174692057441,0));
#1000=DIRECTION('',(0.7157802884958318,0.6983255534496957,0));
#1001=DIRECTION('',(-0.43883585982299034,0.8985672418541735,0));
#1002=FACE_SURFACE('',(#1007),#1003,.T.);
#1003=PLANE('',#1004);
#1004=AXIS2_PLACEMENT_3D('',#50,#1005,#1006);
#1005=DIRECTION('',(0,0,1));
#1006=DIRECTION('',(-0.699648201351923,-0.714487504680816,0));
#1007=FACE_BOUND('',#1008,.T.);
#1008=EDGE_LOOP('',(#1009,#1010,#1011));
#1009=ORIENTED_EDGE('',*,*,#1012,.T.);
#1010=ORIENTED_EDGE('',*,*,#1013,.T.);
#1011=ORIENTED_EDGE('',*,*,#1014,.T.);
#1012=EDGE_CURVE('',#51,#37,#1015,.F.);
#1013=EDGE_CURVE('',#37,#49,#1016,.T.);
#1014=EDGE_CURVE('',#49,#51,#1017,.T.);
#1015=LINE('',#50,#1018);
#1016=LINE('',#36,#1019);
#1017=LINE('',#48,#1020);
#1018=VECTOR('',#1021,1.0);
#1019=VECTOR('',#1022,1.0);
#1020=VECTOR('',#1023,1.0);
#1021=DIRECTION('',(-0.699648201351923,-0.714487504680816,0));
#1022=DIRECTION('',(0.7074958789416572,0.7067174692057441,0));
#1023=DIRECTION('',(-0.3256497900402563,0.9454904622716916,0));
#1024=FACE_SURFACE('',(#1029),#1025,.T.);
#1025=PLANE('',#1026);
#1026=AXIS2_PLACEMENT_3D('',#52,#1027,#1028);
#1027=DIRECTION('',(0,1,0));
#1028=DIRECTION('',(-0.9992496885446881,0,-0.038730607319584415));
#1029=FACE_BOUND('',#1030,.T.);
#1030=EDGE_LOOP('',(#1031,#1032,#1033));
#1031=ORIENTED_EDGE('',*,*,#1034,.T.);
#1032=ORIENTED_EDGE('',*,*,#1035,.T.);
#1033=ORIENTED_EDGE('',*,*,#1036,.T.);
#1034=EDGE_CURVE('',#53,#55,#1037,.F.);
#1035=EDGE_CURVE('',#55,#57,#1038,.T.);
#1036=EDGE_CURVE('',#57,#53,#1039,.T.);
#1037=LINE('',#52,#1040);
#1038=LINE('',#54,#1041);
#1039=LINE('',#56,#1042);
#1040=VECTOR('',#1043,1.0);
#1041=VECTOR('',#1044,1.0);
#1042=VECTOR('',#1045,1.0);
#1043=DIRECTION('',(-0.9992496885446881,0,-0.038730607319584415));
#1044=DIRECTION('',(0,0,1));
#1045=DIRECTION('',(1,0,0));
#1046=FACE_SURFACE('',(#1051),#1047,.T.);
#1047=PLANE('',#1048);
#1048=AXIS2_PLACEMENT_3D('',#58,#1049,#1050);
#1049=DIRECTION('',(0,0,1));
#1050=DIRECTION('',(-0.6924784262173189,-0.7214385831265092,0));
#1051=FACE_BOUND('',#1052,.T.);
#1052=EDGE_LOOP('',(#1053,#1054,#1055));
#1053=ORIENTED_EDGE('',*,*,#1056,.T.);
#1054=ORIENTED_EDGE('',*,*,#1057,.T.);
#1055=ORIENTED_EDGE('',*,*,#1058,.T.);
#1056=EDGE_CURVE('',#59,#37,#1059,.F.);
#1057=EDGE_CURVE('',#37,#51,#1060,.T.);
#1058=EDGE_CURVE('',#51,#59,#1061,.T.);
#1059=LINE('',#58,#1062);
#1060=LINE('',#36,#1063);
#1061=LINE('',#50,#1064);
#1062=VECTOR('',#1065,1.0);
#1063=VECTOR('',#1066,1.0);
#1064=VECTOR('',#1067,1.0);
#1065=DIRECTION('',(-0.6924784262173189,-0.7214385831265092,0));
#1066=DIRECTION('',(0.699648201351923,0.714487504680816,0));
#1067=DIRECTION('',(-0.1900369322817254,0.9817769422679222,0));
#1068=FACE_SURFACE('',(#1073),#1069,.T.);
#1069=PLANE('',#1070);
#1070=AXIS2_PLACEMENT_3D('',#60,#1071,#1072);
#1071=DIRECTION('',(-2.22035789790565E-16,-2.220548575395149E-16,-1));
#1072=DIRECTION('',(-0.9817795476561741,-0.19002347171872733,2.601858322057283E-16));
#1073=FACE_BOUND('',#1074,.T.);
#1074=EDGE_LOOP('',(#1075,#1076,#1077));
#1075=ORIENTED_EDGE('',*,*,#1078,.T.);
#1076=ORIENTED_EDGE('',*,*,#1079,.T.);
#1077=ORIENTED_EDGE('',*,*,#1080,.T.);
#1078=EDGE_CURVE('',#61,#63,#1081,.F.);
#1079=EDGE_CURVE('',#63,#65,#1082,.T.);
#1080=EDGE_CURVE('',#65,#61,#1083,.T.);
#1081=LINE('',#60,#1084);
#1082=LINE('',#62,#1085);
#1083=LINE('',#64,#1086);
#1084=VECTOR('',#1087,1.0);
#1085=VECTOR('',#1088,1.0);
#1086=VECTOR('',#1089,1.0);
#1087=DIRECTION('',(-0.9817795476561741,-0.19002347171872733,2.601858322057283E-16));
#1088=DIRECTION('',(0.7621969630797952,0.6473451857177416,-3.129811476668364E-16));
#1089=DIRECTION('',(-0.758262483394194,-0.6519493893523252,3.1312993814458937E-16));
#1090=FACE_SURFACE('',(#1095),#1091,.T.);
#1091=PLANE('',#1092);
#1092=AXIS2_PLACEMENT_3D('',#66,#1093,#1094);
#1093=DIRECTION('',(0,0,1));
#1094=DIRECTION('',(-0.6859551266405686,-0.7276438443603584,0));
#1095=FACE_BOUND('',#1096,.T.);
#1096=EDGE_LOOP('',(#1097,#1098,#1099));
#1097=ORIENTED_EDGE('',*,*,#1100,.T.);
#1098=ORIENTED_EDGE('',*,*,#1101,.T.);
#1099=ORIENTED_EDGE('',*,*,#1102,.T.);
#1100=EDGE_CURVE('',#67,#37,#1103,.F.);
#1101=EDGE_CURVE('',#37,#59,#1104,.T.);
#1102=EDGE_CURVE('',#59,#67,#1105,.T.);
#1103=LINE('',#66,#1106);
#1104=LINE('',#36,#1107);
#1105=LINE('',#58,#1108);
#1106=VECTOR('',#1109,1.0);
#1107=VECTOR('',#1110,1.0);
#1108=VECTOR('',#1111,1.0);
#1109=DIRECTION('',(-0.6859551266405686,-0.7276438443603584,0));
#1110=DIRECTION('',(0.6924784262173189,0.7214385831265092,0));
#1111=DIRECTION('',(-0.07348446814677068,0.9972963616404034,0));
#1112=FACE_SURFACE('',(#1117),#1113,.T.);
#1113=PLANE('',#1114);
#1114=AXIS2_PLACEMENT_3D('',#68,#1115,#1116);
#1115=DIRECTION('',(-2.220415144973811E-16,-2.2204803964799906E-16,-1));
#1116=DIRECTION('',(0.7533833169565601,0.657581612981637,-3.132970807652368E-16));
#1117=FACE_BOUND('',#1118,.T.);
#1118=EDGE_LOOP('',(#1119,#1120,#1121));
#1119=ORIENTED_EDGE('',*,*,#1122,.T.);
#1120=ORIENTED_EDGE('',*,*,#1123,.T.);
#1121=ORIENTED_EDGE('',*,*,#1124,.T.);
#1122=EDGE_CURVE('',#69,#65,#1125,.F.);
#1123=EDGE_CURVE('',#65,#71,#1126,.T.);
#1124=EDGE_CURVE('',#71,#69,#1127,.T.);
#1125=LINE('',#68,#1128);
#1126=LINE('',#64,#1129);
#1127=LINE('',#70,#1130);
#1128=VECTOR('',#1131,1.0);
#1129=VECTOR('',#1132,1.0);
#1130=VECTOR('',#1133,1.0);
#1131=DIRECTION('',(0.7533833169565601,0.657581612981637,-3.132970807652368E-16));
#1132=DIRECTION('',(-0.7474386984027229,-0.6643307851741055,3.1347576911301795E-16));
#1133=DIRECTION('',(-0.9972964157014067,0.07348373445278193,2.0512428736389574E-16));
#1134=FACE_SURFACE('',(#1139),#1135,.T.);
#1135=PLANE('',#1136);
#1136=AXIS2_PLACEMENT_3D('',#72,#1137,#1138);
#1137=DIRECTION('',(-2.2204927273290917E-16,-2.220393108556648E-16,-1));
#1138=DIRECTION('',(-0.9817780934682556,0.19003098480468153,1.758087627324735E-16));
#1139=FACE_BOUND('',#1140,.T.);
#1140=EDGE_LOOP('',(#1141,#1142,#1143));
#1141=ORIENTED_EDGE('',*,*,#1144,.T.);
#1142=ORIENTED_EDGE('',*,*,#1145,.T.);
#1143=ORIENTED_EDGE('',*,*,#1146,.T.);
#1144=EDGE_CURVE('',#73,#71,#1147,.F.);
#1145=EDGE_CURVE('',#71,#65,#1148,.T.);
#1146=EDGE_CURVE('',#65,#73,#1149,.T.);
#1147=LINE('',#72,#1150);
#1148=LINE('',#70,#1151);
#1149=LINE('',#64,#1152);
#1150=VECTOR('',#1153,1.0);
#1151=VECTOR('',#1154,1.0);
#1152=VECTOR('',#1155,1.0);
#1153=DIRECTION('',(-0.9817780934682556,0.19003098480468153,1.758087627324735E-16));
#1154=DIRECTION('',(0.7474386984027229,0.6643307851741055,-3.1347576911301795E-16));
#1155=DIRECTION('',(-0.7407145242504952,-0.671819911556931,3.136455515937399E-16));
#1156=FACE_SURFACE('',(#1161),#1157,.T.);
#1157=PLANE('',#1158);
#1158=AXIS2_PLACEMENT_3D('',#54,#1159,#1160);
#1159=DIRECTION('',(-0,1,0));
#1160=DIRECTION('',(0.9992496885446881,0,0.038730607319584415));
#1161=FACE_BOUND('',#1162,.T.);
#1162=EDGE_LOOP('',(#1163,#1164,#1165));
#1163=ORIENTED_EDGE('',*,*,#1166,.T.);
#1164=ORIENTED_EDGE('',*,*,#1167,.T.);
#1165=ORIENTED_EDGE('',*,*,#1168,.T.);
#1166=EDGE_CURVE('',#55,#53,#1169,.F.);
#1167=EDGE_CURVE('',#53,#65,#1170,.T.);
#1168=EDGE_CURVE('',#65,#55,#1171,.T.);
#1169=LINE('',#54,#1172);
#1170=LINE('',#52,#1173);
#1171=LINE('',#64,#1174);
#1172=VECTOR('',#1175,1.0);
#1173=VECTOR('',#1176,1.0);
#1174=VECTOR('',#1177,1.0);
#1175=DIRECTION('',(0.9992496885446881,0,0.038730607319584415));
#1176=DIRECTION('',(0,0,-1));
#1177=DIRECTION('',(-1,0,2.2204459945324235E-16));
#1178=FACE_SURFACE('',(#1183),#1179,.T.);
#1179=PLANE('',#1180);
#1180=AXIS2_PLACEMENT_3D('',#74,#1181,#1182);
#1181=DIRECTION('',(-2.2204461039682027E-16,-2.220447378659648E-16,-1));
#1182=DIRECTION('',(-1,0,2.2204461039682027E-16));
#1183=FACE_BOUND('',#1184,.T.);
#1184=EDGE_LOOP('',(#1185,#1186,#1187));
#1185=ORIENTED_EDGE('',*,*,#1188,.T.);
#1186=ORIENTED_EDGE('',*,*,#1189,.T.);
#1187=ORIENTED_EDGE('',*,*,#1190,.T.);
#1188=EDGE_CURVE('',#75,#77,#1191,.F.);
#1189=EDGE_CURVE('',#77,#79,#1192,.T.);
#1190=EDGE_CURVE('',#79,#75,#1193,.T.);
#1191=LINE('',#74,#1194);
#1192=LINE('',#76,#1195);
#1193=LINE('',#78,#1196);
#1194=VECTOR('',#1197,1.0);
#1195=VECTOR('',#1198,1.0);
#1196=VECTOR('',#1199,1.0);
#1197=DIRECTION('',(-1,0,2.2204461039682027E-16));
#1198=DIRECTION('',(0.997541526766652,0.07007783084583169,-2.3705913324592864E-16));
#1199=DIRECTION('',(0.7621969630797952,-0.6473451857177416,-2.5502135641202493E-17));
#1200=FACE_SURFACE('',(#1205),#1201,.T.);
#1201=PLANE('',#1202);
#1202=AXIS2_PLACEMENT_3D('',#80,#1203,#1204);
#1203=DIRECTION('',(0,0,1));
#1204=DIRECTION('',(-0.163046024027043,0.9866184642753109,0));
#1205=FACE_BOUND('',#1206,.T.);
#1206=EDGE_LOOP('',(#1207,#1208,#1209));
#1207=ORIENTED_EDGE('',*,*,#1210,.T.);
#1208=ORIENTED_EDGE('',*,*,#1211,.T.);
#1209=ORIENTED_EDGE('',*,*,#1212,.T.);
#1210=EDGE_CURVE('',#81,#57,#1213,.F.);
#1211=EDGE_CURVE('',#57,#83,#1214,.T.);
#1212=EDGE_CURVE('',#83,#81,#1215,.T.);
#1213=LINE('',#80,#1216);
#1214=LINE('',#56,#1217);
#1215=LINE('',#82,#1218);
#1216=VECTOR('',#1219,1.0);
#1217=VECTOR('',#1220,1.0);
#1218=VECTOR('',#1221,1.0);
#1219=DIRECTION('',(-0.163046024027043,0.9866184642753109,0));
#1220=DIRECTION('',(0.16171410614669662,-0.9868376502105982,0));
#1221=DIRECTION('',(0.3256497900402563,0.9454904622716916,0));
#1222=FACE_SURFACE('',(#1227),#1223,.T.);
#1223=PLANE('',#1224);
#1224=AXIS2_PLACEMENT_3D('',#84,#1225,#1226);
#1225=DIRECTION('',(-2.220433264647194E-16,-2.22041518239989E-16,-1));
#1226=DIRECTION('',(-0.43883585982299034,0.8985672418541735,-1.0207866053491797E-16));
#1227=FACE_BOUND('',#1228,.T.);
#1228=EDGE_LOOP('',(#1229,#1230,#1231));
#1229=ORIENTED_EDGE('',*,*,#1232,.T.);
#1230=ORIENTED_EDGE('',*,*,#1233,.T.);
#1231=ORIENTED_EDGE('',*,*,#1234,.T.);
#1232=EDGE_CURVE('',#85,#87,#1235,.F.);
#1233=EDGE_CURVE('',#87,#89,#1236,.T.);
#1234=EDGE_CURVE('',#89,#85,#1237,.T.);
#1235=LINE('',#84,#1238);
#1236=LINE('',#86,#1239);
#1237=LINE('',#88,#1240);
#1238=VECTOR('',#1241,1.0);
#1239=VECTOR('',#1242,1.0);
#1240=VECTOR('',#1243,1.0);
#1241=DIRECTION('',(-0.43883585982299034,0.8985672418541735,-1.0207866053491797E-16));
#1242=DIRECTION('',(0.9244929235304488,-0.38119920558957604,-1.2063543367280716E-16));
#1243=DIRECTION('',(-0.925700894391393,0.3782563338834856,1.215570952426495E-16));
#1244=FACE_SURFACE('',(#1249),#1245,.T.);
#1245=PLANE('',#1246);
#1246=AXIS2_PLACEMENT_3D('',#90,#1247,#1248);
#1247=DIRECTION('',(-2.2204461722697826E-16,-2.2204464064026353E-16,-1));
#1248=DIRECTION('',(0.9454842926142162,-0.3256677024511265,-1.376269298887433E-16));
#1249=FACE_BOUND('',#1250,.T.);
#1250=EDGE_LOOP('',(#1251,#1252,#1253));
#1251=ORIENTED_EDGE('',*,*,#1254,.T.);
#1252=ORIENTED_EDGE('',*,*,#1255,.T.);
#1253=ORIENTED_EDGE('',*,*,#1256,.T.);
#1254=EDGE_CURVE('',#91,#79,#1257,.F.);
#1255=EDGE_CURVE('',#79,#77,#1258,.T.);
#1256=EDGE_CURVE('',#77,#91,#1259,.T.);
#1257=LINE('',#90,#1260);
#1258=LINE('',#78,#1261);
#1259=LINE('',#76,#1262);
#1260=VECTOR('',#1263,1.0);
#1261=VECTOR('',#1264,1.0);
#1262=VECTOR('',#1265,1.0);
#1263=DIRECTION('',(0.9454842926142162,-0.3256677024511265,-1.376269298887433E-16));
#1264=DIRECTION('',(-0.997541526766652,-0.07007783084583169,2.3705913324592864E-16));
#1265=DIRECTION('',(0.9975049399504073,0.07059670512519886,-2.371662225932196E-16));
#1266=FACE_SURFACE('',(#1271),#1267,.T.);
#1267=PLANE('',#1268);
#1268=AXIS2_PLACEMENT_3D('',#92,#1269,#1270);
#1269=DIRECTION('',(0,0,1));
#1270=DIRECTION('',(-0.16468568898494523,0.9863460973935841,0));
#1271=FACE_BOUND('',#1272,.T.);
#1272=EDGE_LOOP('',(#1273,#1274,#1275));
#1273=ORIENTED_EDGE('',*,*,#1276,.T.);
#1274=ORIENTED_EDGE('',*,*,#1277,.T.);
#1275=ORIENTED_EDGE('',*,*,#1278,.T.);
#1276=EDGE_CURVE('',#93,#57,#1279,.F.);
#1277=EDGE_CURVE('',#57,#81,#1280,.T.);
#1278=EDGE_CURVE('',#81,#93,#1281,.T.);
#1279=LINE('',#92,#1282);
#1280=LINE('',#56,#1283);
#1281=LINE('',#80,#1284);
#1282=VECTOR('',#1285,1.0);
#1283=VECTOR('',#1286,1.0);
#1284=VECTOR('',#1287,1.0);
#1285=DIRECTION('',(-0.16468568898494523,0.9863460973935841,0));
#1286=DIRECTION('',(0.163046024027043,-0.9866184642753109,0));
#1287=DIRECTION('',(0.43883585982299034,0.8985672418541735,0));
#1288=FACE_SURFACE('',(#1293),#1289,.T.);
#1289=PLANE('',#1290);
#1290=AXIS2_PLACEMENT_3D('',#90,#1291,#1292);
#1291=DIRECTION('',(-2.220452412091473E-16,-2.220358240064708E-16,-1));
#1292=DIRECTION('',(-0.9975049399504073,-0.07059670512519886,2.371662225932196E-16));
#1293=FACE_BOUND('',#1294,.T.);
#1294=EDGE_LOOP('',(#1295,#1296,#1297));
#1295=ORIENTED_EDGE('',*,*,#1298,.T.);
#1296=ORIENTED_EDGE('',*,*,#1299,.T.);
#1297=ORIENTED_EDGE('',*,*,#1300,.T.);
#1298=EDGE_CURVE('',#91,#77,#1301,.F.);
#1299=EDGE_CURVE('',#77,#95,#1302,.T.);
#1300=EDGE_CURVE('',#95,#91,#1303,.T.);
#1301=LINE('',#90,#1304);
#1302=LINE('',#76,#1305);
#1303=LINE('',#94,#1306);
#1304=VECTOR('',#1307,1.0);
#1305=VECTOR('',#1308,1.0);
#1306=VECTOR('',#1309,1.0);
#1307=DIRECTION('',(-0.9975049399504073,-0.07059670512519886,2.371662225932196E-16));
#1308=DIRECTION('',(0.9974573504038529,0.07126593944743663,-2.373042495550673E-16));
#1309=DIRECTION('',(0.8985653228989117,-0.43883978908432475,-1.0208399968910028E-16));
#1310=FACE_SURFACE('',(#1315),#1311,.T.);
#1311=PLANE('',#1312);
#1312=AXIS2_PLACEMENT_3D('',#94,#1313,#1314);
#1313=DIRECTION('',(-2.220440969945083E-16,-2.2205183874381927E-16,-1));
#1314=DIRECTION('',(-0.9974573504038529,-0.07126593944743663,2.373042495550673E-16));
#1315=FACE_BOUND('',#1316,.T.);
#1316=EDGE_LOOP('',(#1317,#1318,#1319));
#1317=ORIENTED_EDGE('',*,*,#1320,.T.);
#1318=ORIENTED_EDGE('',*,*,#1321,.T.);
#1319=ORIENTED_EDGE('',*,*,#1322,.T.);
#1320=EDGE_CURVE('',#95,#77,#1323,.F.);
#1321=EDGE_CURVE('',#77,#97,#1324,.T.);
#1322=EDGE_CURVE('',#97,#95,#1325,.T.);
#1323=LINE('',#94,#1326);
#1324=LINE('',#76,#1327);
#1325=LINE('',#96,#1328);
#1326=VECTOR('',#1329,1.0);
#1327=VECTOR('',#1330,1.0);
#1328=VECTOR('',#1331,1.0);
#1329=DIRECTION('',(-0.9974573504038529,-0.07126593944743663,2.373042495550673E-16));
#1330=DIRECTION('',(0.9973986452835122,0.07208288553196723,-2.374726188098569E-16));
#1331=DIRECTION('',(0.8304397783464071,-0.5571084046574509,-6.068730505742489E-17));
#1332=FACE_SURFACE('',(#1337),#1333,.T.);
#1333=PLANE('',#1334);
#1334=AXIS2_PLACEMENT_3D('',#76,#1335,#1336);
#1335=DIRECTION('',(-2.220446179534623E-16,-2.220446303232469E-16,-1));
#1336=DIRECTION('',(0.7850019700967515,0.6194932662622078,-3.118606158377811E-16));
#1337=FACE_BOUND('',#1338,.T.);
#1338=EDGE_LOOP('',(#1339,#1340,#1341));
#1339=ORIENTED_EDGE('',*,*,#1342,.T.);
#1340=ORIENTED_EDGE('',*,*,#1343,.T.);
#1341=ORIENTED_EDGE('',*,*,#1344,.T.);
#1342=EDGE_CURVE('',#77,#99,#1345,.F.);
#1343=EDGE_CURVE('',#99,#97,#1346,.T.);
#1344=EDGE_CURVE('',#97,#77,#1347,.T.);
#1345=LINE('',#76,#1348);
#1346=LINE('',#98,#1349);
#1347=LINE('',#96,#1350);
#1348=VECTOR('',#1351,1.0);
#1349=VECTOR('',#1352,1.0);
#1350=VECTOR('',#1353,1.0);
#1351=DIRECTION('',(0.7850019700967515,0.6194932662622078,-3.118606158377811E-16));
#1352=DIRECTION('',(0.9999989263280393,0.001465381441302937,-2.2236975963079865E-16));
#1353=DIRECTION('',(-0.9973986452835122,-0.07208288553196723,2.374726188098569E-16));
#1354=FACE_SURFACE('',(#1359),#1355,.T.);
#1355=PLANE('',#1356);
#1356=AXIS2_PLACEMENT_3D('',#100,#1357,#1358);
#1357=DIRECTION('',(0,0,1));
#1358=DIRECTION('',(-0.16661935022899735,0.9860212939532628,0));
#1359=FACE_BOUND('',#1360,.T.);
#1360=EDGE_LOOP('',(#1361,#1362,#1363));
#1361=ORIENTED_EDGE('',*,*,#1364,.T.);
#1362=ORIENTED_EDGE('',*,*,#1365,.T.);
#1363=ORIENTED_EDGE('',*,*,#1366,.T.);
#1364=EDGE_CURVE('',#101,#57,#1367,.F.);
#1365=EDGE_CURVE('',#57,#93,#1368,.T.);
#1366=EDGE_CURVE('',#93,#101,#1369,.T.);
#1367=LINE('',#100,#1370);
#1368=LINE('',#56,#1371);
#1369=LINE('',#92,#1372);
#1370=VECTOR('',#1373,1.0);
#1371=VECTOR('',#1374,1.0);
#1372=VECTOR('',#1375,1.0);
#1373=DIRECTION('',(-0.16661935022899735,0.9860212939532628,0));
#1374=DIRECTION('',(0.16468568898494523,-0.9863460973935841,0));
#1375=DIRECTION('',(0.5571315068177726,0.8304242795769873,0));
#1376=FACE_SURFACE('',(#1381),#1377,.T.);
#1377=PLANE('',#1378);
#1378=AXIS2_PLACEMENT_3D('',#98,#1379,#1380);
#1379=DIRECTION('',(-2.2204457356683406E-16,-2.220749204438565E-16,-1));
#1380=DIRECTION('',(0.8985691607578904,0.43883193062362763,-2.969759722022598E-16));
#1381=FACE_BOUND('',#1382,.T.);
#1382=EDGE_LOOP('',(#1383,#1384,#1385));
#1383=ORIENTED_EDGE('',*,*,#1386,.T.);
#1384=ORIENTED_EDGE('',*,*,#1387,.T.);
#1385=ORIENTED_EDGE('',*,*,#1388,.T.);
#1386=EDGE_CURVE('',#99,#103,#1389,.F.);
#1387=EDGE_CURVE('',#103,#97,#1390,.T.);
#1388=EDGE_CURVE('',#97,#99,#1391,.T.);
#1389=LINE('',#98,#1392);
#1390=LINE('',#102,#1393);
#1391=LINE('',#96,#1394);
#1392=VECTOR('',#1395,1.0);
#1393=VECTOR('',#1396,1.0);
#1394=VECTOR('',#1397,1.0);
#1395=DIRECTION('',(0.8985691607578904,0.43883193062362763,-2.969759722022598E-16));
#1396=DIRECTION('',(0.9999996649360846,0.0008186132900567008,-2.2222629264897346E-16));
#1397=DIRECTION('',(-0.9999989263280393,-0.001465381441302937,2.2236975963079865E-16));
#1398=FACE_SURFACE('',(#1403),#1399,.T.);
#1399=PLANE('',#1400);
#1400=AXIS2_PLACEMENT_3D('',#104,#1401,#1402);
#1401=DIRECTION('',(-2.220446049250313E-16,-2.220446049250313E-16,-1));
#1402=DIRECTION('',(0.6637125336103797,-0.7479877490497359,1.871285691720373E-17));
#1403=FACE_BOUND('',#1404,.T.);
#1404=EDGE_LOOP('',(#1405,#1406,#1407));
#1405=ORIENTED_EDGE('',*,*,#1408,.T.);
#1406=ORIENTED_EDGE('',*,*,#1409,.T.);
#1407=ORIENTED_EDGE('',*,*,#1410,.T.);
#1408=EDGE_CURVE('',#105,#107,#1411,.F.);
#1409=EDGE_CURVE('',#107,#109,#1412,.T.);
#1410=EDGE_CURVE('',#109,#105,#1413,.T.);
#1411=LINE('',#104,#1414);
#1412=LINE('',#106,#1415);
#1413=LINE('',#108,#1416);
#1414=VECTOR('',#1417,1.0);
#1415=VECTOR('',#1418,1.0);
#1416=VECTOR('',#1419,1.0);
#1417=DIRECTION('',(0.6637125336103797,-0.7479877490497359,1.871285691720373E-17));
#1418=DIRECTION('',(-0.9328306537169935,0.36031510027464364,1.2712398987754222E-16));
#1419=DIRECTION('',(0.9335573398943129,-0.35842808641267804,-1.277043478701578E-16));
#1420=FACE_SURFACE('',(#1425),#1421,.T.);
#1421=PLANE('',#1422);
#1422=AXIS2_PLACEMENT_3D('',#110,#1423,#1424);
#1423=DIRECTION('',(0,-0,1));
#1424=DIRECTION('',(0.024709915255669842,0.9996946634288179,0));
#1425=FACE_BOUND('',#1426,.T.);
#1426=EDGE_LOOP('',(#1427,#1428,#1429));
#1427=ORIENTED_EDGE('',*,*,#1430,.T.);
#1428=ORIENTED_EDGE('',*,*,#1431,.T.);
#1429=ORIENTED_EDGE('',*,*,#1432,.T.);
#1430=EDGE_CURVE('',#111,#113,#1433,.F.);
#1431=EDGE_CURVE('',#113,#115,#1434,.T.);
#1432=EDGE_CURVE('',#115,#111,#1435,.T.);
#1433=LINE('',#110,#1436);
#1434=LINE('',#112,#1437);
#1435=LINE('',#114,#1438);
#1436=VECTOR('',#1439,1.0);
#1437=VECTOR('',#1440,1.0);
#1438=VECTOR('',#1441,1.0);
#1439=DIRECTION('',(0.024709915255669842,0.9996946634288179,0));
#1440=DIRECTION('',(-0.02732553232966056,-0.9996265879231607,0));
#1441=DIRECTION('',(0.7479877490497359,0.6637125336103797,0));
#1442=FACE_SURFACE('',(#1447),#1443,.T.);
#1443=PLANE('',#1444);
#1444=AXIS2_PLACEMENT_3D('',#116,#1445,#1446);
#1445=DIRECTION('',(-2.2204629389049756E-16,-2.220489563438995E-16,-1));
#1446=DIRECTION('',(0.06303818679913344,0.998011115672104,-2.356047224069259E-16));
#1447=FACE_BOUND('',#1448,.T.);
#1448=EDGE_LOOP('',(#1449,#1450,#1451));
#1449=ORIENTED_EDGE('',*,*,#1452,.T.);
#1450=ORIENTED_EDGE('',*,*,#1453,.T.);
#1451=ORIENTED_EDGE('',*,*,#1454,.T.);
#1452=EDGE_CURVE('',#117,#119,#1455,.F.);
#1453=EDGE_CURVE('',#119,#89,#1456,.T.);
#1454=EDGE_CURVE('',#89,#117,#1457,.T.);
#1455=LINE('',#116,#1458);
#1456=LINE('',#118,#1459);
#1457=LINE('',#88,#1460);
#1458=VECTOR('',#1461,1.0);
#1459=VECTOR('',#1462,1.0);
#1460=VECTOR('',#1463,1.0);
#1461=DIRECTION('',(0.06303818679913344,0.998011115672104,-2.356047224069259E-16));
#1462=DIRECTION('',(0.9301525009433675,-0.36717342631078104,-1.250064394779297E-16));
#1463=DIRECTION('',(-0.9318242490845913,0.3629098632139081,1.2632436469297376E-16));
#1464=FACE_SURFACE('',(#1469),#1465,.T.);
#1465=PLANE('',#1466);
#1466=AXIS2_PLACEMENT_3D('',#120,#1467,#1468);
#1467=DIRECTION('',(-2.220473773146972E-16,-2.220518258567042E-16,-1));
#1468=DIRECTION('',(0.5571315068177726,-0.8304242795769873,6.068763760753651E-17));
#1469=FACE_BOUND('',#1470,.T.);
#1470=EDGE_LOOP('',(#1471,#1472,#1473));
#1471=ORIENTED_EDGE('',*,*,#1474,.T.);
#1472=ORIENTED_EDGE('',*,*,#1475,.T.);
#1473=ORIENTED_EDGE('',*,*,#1476,.T.);
#1474=EDGE_CURVE('',#121,#105,#1477,.F.);
#1475=EDGE_CURVE('',#105,#109,#1478,.T.);
#1476=EDGE_CURVE('',#109,#121,#1479,.T.);
#1477=LINE('',#120,#1480);
#1478=LINE('',#104,#1481);
#1479=LINE('',#108,#1482);
#1480=VECTOR('',#1483,1.0);
#1481=VECTOR('',#1484,1.0);
#1482=VECTOR('',#1485,1.0);
#1483=DIRECTION('',(0.5571315068177726,-0.8304242795769873,6.068763760753651E-17));
#1484=DIRECTION('',(-0.9335573398943129,0.35842808641267804,1.277043478701578E-16));
#1485=DIRECTION('',(0.9344692554372446,-0.3560438324737022,-1.2843626426525392E-16));
#1486=FACE_SURFACE('',(#1491),#1487,.T.);
#1487=PLANE('',#1488);
#1488=AXIS2_PLACEMENT_3D('',#122,#1489,#1490);
#1489=DIRECTION('',(-0,0,1));
#1490=DIRECTION('',(0.9972964157014067,-0.07348373445278193,0));
#1491=FACE_BOUND('',#1492,.T.);
#1492=EDGE_LOOP('',(#1493,#1494,#1495));
#1493=ORIENTED_EDGE('',*,*,#1496,.T.);
#1494=ORIENTED_EDGE('',*,*,#1497,.T.);
#1495=ORIENTED_EDGE('',*,*,#1498,.T.);
#1496=EDGE_CURVE('',#123,#125,#1499,.F.);
#1497=EDGE_CURVE('',#125,#127,#1500,.T.);
#1498=EDGE_CURVE('',#127,#123,#1501,.T.);
#1499=LINE('',#122,#1502);
#1500=LINE('',#124,#1503);
#1501=LINE('',#126,#1504);
#1502=VECTOR('',#1505,1.0);
#1503=VECTOR('',#1506,1.0);
#1504=VECTOR('',#1507,1.0);
#1505=DIRECTION('',(0.9972964157014067,-0.07348373445278193,0));
#1506=DIRECTION('',(0.020487423540313493,0.9997901107115832,0));
#1507=DIRECTION('',(-0.02412994629509985,-0.9997088304560462,0));
#1508=FACE_SURFACE('',(#1513),#1509,.T.);
#1509=PLANE('',#1510);
#1510=AXIS2_PLACEMENT_3D('',#128,#1511,#1512);
#1511=DIRECTION('',(-2.2204578353883934E-16,-2.220476428477503E-16,-1));
#1512=DIRECTION('',(0.43883585982299034,-0.8985672418541735,1.0208308565458742E-16));
#1513=FACE_BOUND('',#1514,.T.);
#1514=EDGE_LOOP('',(#1515,#1516,#1517));
#1515=ORIENTED_EDGE('',*,*,#1518,.T.);
#1516=ORIENTED_EDGE('',*,*,#1519,.T.);
#1517=ORIENTED_EDGE('',*,*,#1520,.T.);
#1518=EDGE_CURVE('',#129,#121,#1521,.F.);
#1519=EDGE_CURVE('',#121,#109,#1522,.T.);
#1520=EDGE_CURVE('',#109,#129,#1523,.T.);
#1521=LINE('',#128,#1524);
#1522=LINE('',#120,#1525);
#1523=LINE('',#108,#1526);
#1524=VECTOR('',#1527,1.0);
#1525=VECTOR('',#1528,1.0);
#1526=VECTOR('',#1529,1.0);
#1527=DIRECTION('',(0.43883585982299034,-0.8985672418541735,1.0208308565458742E-16));
#1528=DIRECTION('',(-0.9344692554372446,0.3560438324737022,1.2843626426525392E-16));
#1529=DIRECTION('',(0.9355541729193964,-0.3531832237424426,-1.2931235704353917E-16));
#1530=FACE_SURFACE('',(#1535),#1531,.T.);
#1531=PLANE('',#1532);
#1532=AXIS2_PLACEMENT_3D('',#130,#1533,#1534);
#1533=DIRECTION('',(-2.2204259945423657E-16,-2.2203920846175234E-16,-1));
#1534=DIRECTION('',(0.3256497900402563,-0.9454904622716916,1.3762782795867787E-16));
#1535=FACE_BOUND('',#1536,.T.);
#1536=EDGE_LOOP('',(#1537,#1538,#1539));
#1537=ORIENTED_EDGE('',*,*,#1540,.T.);
#1538=ORIENTED_EDGE('',*,*,#1541,.T.);
#1539=ORIENTED_EDGE('',*,*,#1542,.T.);
#1540=EDGE_CURVE('',#131,#129,#1543,.F.);
#1541=EDGE_CURVE('',#129,#109,#1544,.T.);
#1542=EDGE_CURVE('',#109,#131,#1545,.T.);
#1543=LINE('',#130,#1546);
#1544=LINE('',#128,#1547);
#1545=LINE('',#108,#1548);
#1546=VECTOR('',#1549,1.0);
#1547=VECTOR('',#1550,1.0);
#1548=VECTOR('',#1551,1.0);
#1549=DIRECTION('',(0.3256497900402563,-0.9454904622716916,1.3762782795867787E-16));
#1550=DIRECTION('',(-0.9355541729193964,0.3531832237424426,1.2931235704353917E-16));
#1551=DIRECTION('',(0.9367621758120984,-0.3499666069324088,-1.3029480019640765E-16));
#1552=FACE_SURFACE('',(#1557),#1553,.T.);
#1553=PLANE('',#1554);
#1554=AXIS2_PLACEMENT_3D('',#132,#1555,#1556);
#1555=DIRECTION('',(0,0,1));
#1556=DIRECTION('',(-0.30407218495693955,0.9526489942972243,0));
#1557=FACE_BOUND('',#1558,.T.);
#1558=EDGE_LOOP('',(#1559,#1560,#1561));
#1559=ORIENTED_EDGE('',*,*,#1562,.T.);
#1560=ORIENTED_EDGE('',*,*,#1563,.T.);
#1561=ORIENTED_EDGE('',*,*,#1564,.T.);
#1562=EDGE_CURVE('',#133,#127,#1565,.F.);
#1563=EDGE_CURVE('',#127,#135,#1566,.T.);
#1564=EDGE_CURVE('',#135,#133,#1567,.T.);
#1565=LINE('',#132,#1568);
#1566=LINE('',#126,#1569);
#1567=LINE('',#134,#1570);
#1568=VECTOR('',#1571,1.0);
#1569=VECTOR('',#1572,1.0);
#1570=VECTOR('',#1573,1.0);
#1571=DIRECTION('',(-0.30407218495693955,0.9526489942972243,0));
#1572=DIRECTION('',(-0.016915570852738804,-0.9998569214956338,0));
#1573=DIRECTION('',(0.7131623693747652,0.7009988836708453,0));
#1574=FACE_SURFACE('',(#1579),#1575,.T.);
#1575=PLANE('',#1576);
#1576=AXIS2_PLACEMENT_3D('',#136,#1577,#1578);
#1577=DIRECTION('',(-2.2204460824428204E-16,-2.2204462097006636E-16,-1));
#1578=DIRECTION('',(1,0,-2.2204460824428204E-16));
#1579=FACE_BOUND('',#1580,.T.);
#1580=EDGE_LOOP('',(#1581,#1582,#1583));
#1581=ORIENTED_EDGE('',*,*,#1584,.T.);
#1582=ORIENTED_EDGE('',*,*,#1585,.T.);
#1583=ORIENTED_EDGE('',*,*,#1586,.T.);
#1584=EDGE_CURVE('',#137,#139,#1587,.F.);
#1585=EDGE_CURVE('',#139,#141,#1588,.T.);
#1586=EDGE_CURVE('',#141,#137,#1589,.T.);
#1587=LINE('',#136,#1590);
#1588=LINE('',#138,#1591);
#1589=LINE('',#140,#1592);
#1590=VECTOR('',#1593,1.0);
#1591=VECTOR('',#1594,1.0);
#1592=VECTOR('',#1595,1.0);
#1593=DIRECTION('',(1,0,-2.2204460824428204E-16));
#1594=DIRECTION('',(-0.9584492168024802,-0.2852632097041475,2.761596421424077E-16));
#1595=DIRECTION('',(-0.9792654041488162,0.20258151010705677,1.7245846840413737E-16));
#1596=FACE_SURFACE('',(#1601),#1597,.T.);
#1597=PLANE('',#1598);
#1598=AXIS2_PLACEMENT_3D('',#140,#1599,#1600);
#1599=DIRECTION('',(-2.22044621211621E-16,-2.2204468365331124E-16,-1));
#1600=DIRECTION('',(-1,0,2.22044621211621E-16));
#1601=FACE_BOUND('',#1602,.T.);
#1602=EDGE_LOOP('',(#1603,#1604,#1605));
#1603=ORIENTED_EDGE('',*,*,#1606,.T.);
#1604=ORIENTED_EDGE('',*,*,#1607,.T.);
#1605=ORIENTED_EDGE('',*,*,#1608,.T.);
#1606=EDGE_CURVE('',#141,#143,#1609,.F.);
#1607=EDGE_CURVE('',#143,#137,#1610,.T.);
#1608=EDGE_CURVE('',#137,#141,#1611,.T.);
#1609=LINE('',#140,#1612);
#1610=LINE('',#142,#1613);
#1611=LINE('',#136,#1614);
#1612=VECTOR('',#1615,1.0);
#1613=VECTOR('',#1616,1.0);
#1614=VECTOR('',#1617,1.0);
#1615=DIRECTION('',(-1,0,2.22044621211621E-16));
#1616=DIRECTION('',(-0.9535101028408401,0.30136105219561876,1.4480617010654297E-16));
#1617=DIRECTION('',(0.9792654041488162,-0.20258151010705677,-1.7245846840413737E-16));
#1618=FACE_SURFACE('',(#1623),#1619,.T.);
#1619=PLANE('',#1620);
#1620=AXIS2_PLACEMENT_3D('',#142,#1621,#1622);
#1621=DIRECTION('',(-2.2204458727851297E-16,-2.2204457628853703E-16,-1));
#1622=DIRECTION('',(-1,0,2.2204458727851297E-16));
#1623=FACE_BOUND('',#1624,.T.);
#1624=EDGE_LOOP('',(#1625,#1626,#1627));
#1625=ORIENTED_EDGE('',*,*,#1628,.T.);
#1626=ORIENTED_EDGE('',*,*,#1629,.T.);
#1627=ORIENTED_EDGE('',*,*,#1630,.T.);
#1628=EDGE_CURVE('',#143,#89,#1631,.F.);
#1629=EDGE_CURVE('',#89,#137,#1632,.T.);
#1630=EDGE_CURVE('',#137,#143,#1633,.T.);
#1631=LINE('',#142,#1634);
#1632=LINE('',#88,#1635);
#1633=LINE('',#136,#1636);
#1634=VECTOR('',#1637,1.0);
#1635=VECTOR('',#1638,1.0);
#1636=VECTOR('',#1639,1.0);
#1637=DIRECTION('',(-1,0,2.2204458727851297E-16));
#1638=DIRECTION('',(-0.922699994590913,0.3855187673537164,1.192781881324904E-16));
#1639=DIRECTION('',(0.9535101028408401,-0.30136105219561876,-1.4480617010654297E-16));
#1640=FACE_SURFACE('',(#1645),#1641,.T.);
#1641=PLANE('',#1642);
#1642=AXIS2_PLACEMENT_3D('',#144,#1643,#1644);
#1643=DIRECTION('',(-2.2204459589578594E-16,-2.220445969131042E-16,-1));
#1644=DIRECTION('',(-0.6637125336103797,0.7479877490497359,-1.871285691720373E-17));
#1645=FACE_BOUND('',#1646,.T.);
#1646=EDGE_LOOP('',(#1647,#1648,#1649));
#1647=ORIENTED_EDGE('',*,*,#1650,.T.);
#1648=ORIENTED_EDGE('',*,*,#1651,.T.);
#1649=ORIENTED_EDGE('',*,*,#1652,.T.);
#1650=EDGE_CURVE('',#145,#137,#1653,.F.);
#1651=EDGE_CURVE('',#137,#89,#1654,.T.);
#1652=EDGE_CURVE('',#89,#145,#1655,.T.);
#1653=LINE('',#144,#1656);
#1654=LINE('',#136,#1657);
#1655=LINE('',#88,#1658);
#1656=VECTOR('',#1659,1.0);
#1657=VECTOR('',#1660,1.0);
#1658=VECTOR('',#1661,1.0);
#1659=DIRECTION('',(-0.6637125336103797,0.7479877490497359,-1.871285691720373E-17));
#1660=DIRECTION('',(0.922699994590913,-0.3855187673537164,-1.192781881324904E-16));
#1661=DIRECTION('',(-0.9234883004170114,0.3836265879639989,1.1987337539096577E-16));
#1662=FACE_SURFACE('',(#1667),#1663,.T.);
#1663=PLANE('',#1664);
#1664=AXIS2_PLACEMENT_3D('',#146,#1665,#1666);
#1665=DIRECTION('',(-2.2204036243313128E-16,-2.220554776031182E-16,-1));
#1666=DIRECTION('',(0.9319124987685383,0.36268318769827074,-2.8745797744549214E-16));
#1667=FACE_BOUND('',#1668,.T.);
#1668=EDGE_LOOP('',(#1669,#1670,#1671));
#1669=ORIENTED_EDGE('',*,*,#1672,.T.);
#1670=ORIENTED_EDGE('',*,*,#1673,.T.);
#1671=ORIENTED_EDGE('',*,*,#1674,.T.);
#1672=EDGE_CURVE('',#147,#149,#1675,.F.);
#1673=EDGE_CURVE('',#149,#151,#1676,.T.);
#1674=EDGE_CURVE('',#151,#147,#1677,.T.);
#1675=LINE('',#146,#1678);
#1676=LINE('',#148,#1679);
#1677=LINE('',#150,#1680);
#1678=VECTOR('',#1681,1.0);
#1679=VECTOR('',#1682,1.0);
#1680=VECTOR('',#1683,1.0);
#1681=DIRECTION('',(0.9319124987685383,0.36268318769827074,-2.8745797744549214E-16));
#1682=DIRECTION('',(-0.9306300733851656,-0.36596129100100383,2.879011480430954E-16));
#1683=DIRECTION('',(0.3256497900402563,0.9454904622716916,-2.822587335757451E-16));
#1684=FACE_SURFACE('',(#1689),#1685,.T.);
#1685=PLANE('',#1686);
#1686=AXIS2_PLACEMENT_3D('',#36,#1687,#1688);
#1687=DIRECTION('',(0,-1,0));
#1688=DIRECTION('',(0,0,-1));
#1689=FACE_BOUND('',#1690,.T.);
#1690=EDGE_LOOP('',(#1691,#1692,#1693));
#1691=ORIENTED_EDGE('',*,*,#1694,.T.);
#1692=ORIENTED_EDGE('',*,*,#1695,.T.);
#1693=ORIENTED_EDGE('',*,*,#1696,.T.);
#1694=EDGE_CURVE('',#37,#77,#1697,.F.);
#1695=EDGE_CURVE('',#77,#75,#1698,.T.);
#1696=EDGE_CURVE('',#75,#37,#1699,.T.);
#1697=LINE('',#36,#1700);
#1698=LINE('',#76,#1701);
#1699=LINE('',#74,#1702);
#1700=VECTOR('',#1703,1.0);
#1701=VECTOR('',#1704,1.0);
#1702=VECTOR('',#1705,1.0);
#1703=DIRECTION('',(0,0,-1));
#1704=DIRECTION('',(1,0,-2.2204461039682027E-16));
#1705=DIRECTION('',(-0.9992496885446881,0,0.03873060731958453));
#1706=FACE_SURFACE('',(#1711),#1707,.T.);
#1707=PLANE('',#1708);
#1708=AXIS2_PLACEMENT_3D('',#36,#1709,#1710);
#1709=DIRECTION('',(0,-1,0));
#1710=DIRECTION('',(0.9992496885446881,0,-0.03873060731958453));
#1711=FACE_BOUND('',#1712,.T.);
#1712=EDGE_LOOP('',(#1713,#1714,#1715));
#1713=ORIENTED_EDGE('',*,*,#1716,.T.);
#1714=ORIENTED_EDGE('',*,*,#1717,.T.);
#1715=ORIENTED_EDGE('',*,*,#1718,.T.);
#1716=EDGE_CURVE('',#37,#75,#1719,.F.);
#1717=EDGE_CURVE('',#75,#153,#1720,.T.);
#1718=EDGE_CURVE('',#153,#37,#1721,.T.);
#1719=LINE('',#36,#1722);
#1720=LINE('',#74,#1723);
#1721=LINE('',#152,#1724);
#1722=VECTOR('',#1725,1.0);
#1723=VECTOR('',#1726,1.0);
#1724=VECTOR('',#1727,1.0);
#1725=DIRECTION('',(0.9992496885446881,0,-0.03873060731958453));
#1726=DIRECTION('',(0,0,1));
#1727=DIRECTION('',(-1,0,0));
#1728=FACE_SURFACE('',(#1733),#1729,.T.);
#1729=PLANE('',#1730);
#1730=AXIS2_PLACEMENT_3D('',#154,#1731,#1732);
#1731=DIRECTION('',(0,0,1));
#1732=DIRECTION('',(-0.9817799717682484,-0.19002128047862832,0));
#1733=FACE_BOUND('',#1734,.T.);
#1734=EDGE_LOOP('',(#1735,#1736,#1737));
#1735=ORIENTED_EDGE('',*,*,#1738,.T.);
#1736=ORIENTED_EDGE('',*,*,#1739,.T.);
#1737=ORIENTED_EDGE('',*,*,#1740,.T.);
#1738=EDGE_CURVE('',#155,#157,#1741,.F.);
#1739=EDGE_CURVE('',#157,#159,#1742,.T.);
#1740=EDGE_CURVE('',#159,#155,#1743,.T.);
#1741=LINE('',#154,#1744);
#1742=LINE('',#156,#1745);
#1743=LINE('',#158,#1746);
#1744=VECTOR('',#1747,1.0);
#1745=VECTOR('',#1748,1.0);
#1746=VECTOR('',#1749,1.0);
#1747=DIRECTION('',(-0.9817799717682484,-0.19002128047862832,0));
#1748=DIRECTION('',(0,-1,0));
#1749=DIRECTION('',(0.003559592643882782,0.9999936646300364,0));
#1750=FACE_SURFACE('',(#1755),#1751,.T.);
#1751=PLANE('',#1752);
#1752=AXIS2_PLACEMENT_3D('',#160,#1753,#1754);
#1753=DIRECTION('',(0,0,1));
#1754=DIRECTION('',(-0.6804317547938216,-0.7328114539690279,0));
#1755=FACE_BOUND('',#1756,.T.);
#1756=EDGE_LOOP('',(#1757,#1758,#1759));
#1757=ORIENTED_EDGE('',*,*,#1760,.T.);
#1758=ORIENTED_EDGE('',*,*,#1761,.T.);
#1759=ORIENTED_EDGE('',*,*,#1762,.T.);
#1760=EDGE_CURVE('',#161,#37,#1763,.F.);
#1761=EDGE_CURVE('',#37,#67,#1764,.T.);
#1762=EDGE_CURVE('',#67,#161,#1765,.T.);
#1763=LINE('',#160,#1766);
#1764=LINE('',#36,#1767);
#1765=LINE('',#66,#1768);
#1766=VECTOR('',#1769,1.0);
#1767=VECTOR('',#1770,1.0);
#1768=VECTOR('',#1771,1.0);
#1769=DIRECTION('',(-0.6804317547938216,-0.7328114539690279,0));
#1770=DIRECTION('',(0.6859551266405686,0.7276438443603584,0));
#1771=DIRECTION('',(0.07348520185537083,0.9972963075777806,0));
#1772=FACE_SURFACE('',(#1777),#1773,.T.);
#1773=PLANE('',#1774);
#1774=AXIS2_PLACEMENT_3D('',#82,#1775,#1776);
#1775=DIRECTION('',(0,0,1));
#1776=DIRECTION('',(-0.6758432065666843,-0.737045426101853,0));
#1777=FACE_BOUND('',#1778,.T.);
#1778=EDGE_LOOP('',(#1779,#1780,#1781));
#1779=ORIENTED_EDGE('',*,*,#1782,.T.);
#1780=ORIENTED_EDGE('',*,*,#1783,.T.);
#1781=ORIENTED_EDGE('',*,*,#1784,.T.);
#1782=EDGE_CURVE('',#83,#37,#1785,.F.);
#1783=EDGE_CURVE('',#37,#161,#1786,.T.);
#1784=EDGE_CURVE('',#161,#83,#1787,.T.);
#1785=LINE('',#82,#1788);
#1786=LINE('',#36,#1789);
#1787=LINE('',#160,#1790);
#1788=VECTOR('',#1791,1.0);
#1789=VECTOR('',#1792,1.0);
#1790=VECTOR('',#1793,1.0);
#1791=DIRECTION('',(-0.6758432065666843,-0.737045426101853,0));
#1792=DIRECTION('',(0.6804317547938216,0.7328114539690279,0));
#1793=DIRECTION('',(0.1900369322817254,0.9817769422679222,0));
#1794=FACE_SURFACE('',(#1799),#1795,.T.);
#1795=PLANE('',#1796);
#1796=AXIS2_PLACEMENT_3D('',#114,#1797,#1798);
#1797=DIRECTION('',(0,0,1));
#1798=DIRECTION('',(-0.1688126706383784,0.9856481533650526,0));
#1799=FACE_BOUND('',#1800,.T.);
#1800=EDGE_LOOP('',(#1801,#1802,#1803));
#1801=ORIENTED_EDGE('',*,*,#1804,.T.);
#1802=ORIENTED_EDGE('',*,*,#1805,.T.);
#1803=ORIENTED_EDGE('',*,*,#1806,.T.);
#1804=EDGE_CURVE('',#115,#57,#1807,.F.);
#1805=EDGE_CURVE('',#57,#101,#1808,.T.);
#1806=EDGE_CURVE('',#101,#115,#1809,.T.);
#1807=LINE('',#114,#1810);
#1808=LINE('',#56,#1811);
#1809=LINE('',#100,#1812);
#1810=VECTOR('',#1813,1.0);
#1811=VECTOR('',#1814,1.0);
#1812=VECTOR('',#1815,1.0);
#1813=DIRECTION('',(-0.1688126706383784,0.9856481533650526,0));
#1814=DIRECTION('',(0.16661935022899735,-0.9860212939532628,0));
#1815=DIRECTION('',(0.6637075457536028,0.747992174898728,0));
#1816=FACE_SURFACE('',(#1821),#1817,.T.);
#1817=PLANE('',#1818);
#1818=AXIS2_PLACEMENT_3D('',#162,#1819,#1820);
#1819=DIRECTION('',(0,-0,1));
#1820=DIRECTION('',(0.024515197246811695,0.9996994573890444,0));
#1821=FACE_BOUND('',#1822,.T.);
#1822=EDGE_LOOP('',(#1823,#1824,#1825));
#1823=ORIENTED_EDGE('',*,*,#1826,.T.);
#1824=ORIENTED_EDGE('',*,*,#1827,.T.);
#1825=ORIENTED_EDGE('',*,*,#1828,.T.);
#1826=EDGE_CURVE('',#163,#165,#1829,.F.);
#1827=EDGE_CURVE('',#165,#111,#1830,.T.);
#1828=EDGE_CURVE('',#111,#163,#1831,.T.);
#1829=LINE('',#162,#1832);
#1830=LINE('',#164,#1833);
#1831=LINE('',#110,#1834);
#1832=VECTOR('',#1835,1.0);
#1833=VECTOR('',#1836,1.0);
#1834=VECTOR('',#1837,1.0);
#1835=DIRECTION('',(0.024515197246811695,0.9996994573890444,0));
#1836=DIRECTION('',(-0.02745594292245635,-0.9996230145401009,0));
#1837=DIRECTION('',(0.8304397783464071,0.5571084046574509,0));
#1838=FACE_SURFACE('',(#1843),#1839,.T.);
#1839=PLANE('',#1840);
#1840=AXIS2_PLACEMENT_3D('',#166,#1841,#1842);
#1841=DIRECTION('',(0,0,1));
#1842=DIRECTION('',(0.9817799717682484,0.19002128047862832,0));
#1843=FACE_BOUND('',#1844,.T.);
#1844=EDGE_LOOP('',(#1845,#1846,#1847));
#1845=ORIENTED_EDGE('',*,*,#1848,.T.);
#1846=ORIENTED_EDGE('',*,*,#1849,.T.);
#1847=ORIENTED_EDGE('',*,*,#1850,.T.);
#1848=EDGE_CURVE('',#167,#169,#1851,.F.);
#1849=EDGE_CURVE('',#169,#171,#1852,.T.);
#1850=EDGE_CURVE('',#171,#167,#1853,.T.);
#1851=LINE('',#166,#1854);
#1852=LINE('',#168,#1855);
#1853=LINE('',#170,#1856);
#1854=VECTOR('',#1857,1.0);
#1855=VECTOR('',#1858,1.0);
#1856=VECTOR('',#1859,1.0);
#1857=DIRECTION('',(0.9817799717682484,0.19002128047862832,0));
#1858=DIRECTION('',(0.02418345912860384,0.999707537385097,0));
#1859=DIRECTION('',(-0.027720387107838744,-0.9996157162322887,0));
#1860=FACE_SURFACE('',(#1865),#1861,.T.);
#1861=PLANE('',#1862);
#1862=AXIS2_PLACEMENT_3D('',#168,#1863,#1864);
#1863=DIRECTION('',(0,0,1));
#1864=DIRECTION('',(0.9972964157014067,0.07348373445278193,0));
#1865=FACE_BOUND('',#1866,.T.);
#1866=EDGE_LOOP('',(#1867,#1868,#1869));
#1867=ORIENTED_EDGE('',*,*,#1870,.T.);
#1868=ORIENTED_EDGE('',*,*,#1871,.T.);
#1869=ORIENTED_EDGE('',*,*,#1872,.T.);
#1870=EDGE_CURVE('',#169,#123,#1873,.F.);
#1871=EDGE_CURVE('',#123,#127,#1874,.T.);
#1872=EDGE_CURVE('',#127,#169,#1875,.T.);
#1873=LINE('',#168,#1876);
#1874=LINE('',#122,#1877);
#1875=LINE('',#126,#1878);
#1876=VECTOR('',#1879,1.0);
#1877=VECTOR('',#1880,1.0);
#1878=VECTOR('',#1881,1.0);
#1879=DIRECTION('',(0.9972964157014067,0.07348373445278193,0));
#1880=DIRECTION('',(0.02412994629509985,0.9997088304560462,0));
#1881=DIRECTION('',(-0.027758580231922764,-0.9996146563668962,0));
#1882=FACE_SURFACE('',(#1887),#1883,.T.);
#1883=PLANE('',#1884);
#1884=AXIS2_PLACEMENT_3D('',#172,#1885,#1886);
#1885=DIRECTION('',(0,0,1));
#1886=DIRECTION('',(0.9454842926142162,0.3256677024511265,0));
#1887=FACE_BOUND('',#1888,.T.);
#1888=EDGE_LOOP('',(#1889,#1890,#1891));
#1889=ORIENTED_EDGE('',*,*,#1892,.T.);
#1890=ORIENTED_EDGE('',*,*,#1893,.T.);
#1891=ORIENTED_EDGE('',*,*,#1894,.T.);
#1892=EDGE_CURVE('',#173,#175,#1895,.F.);
#1893=EDGE_CURVE('',#175,#177,#1896,.T.);
#1894=EDGE_CURVE('',#177,#173,#1897,.T.);
#1895=LINE('',#172,#1898);
#1896=LINE('',#174,#1899);
#1897=LINE('',#176,#1900);
#1898=VECTOR('',#1901,1.0);
#1899=VECTOR('',#1902,1.0);
#1900=VECTOR('',#1903,1.0);
#1901=DIRECTION('',(0.9454842926142162,0.3256677024511265,0));
#1902=DIRECTION('',(0.007197352861103702,0.9999740987204583,0));
#1903=DIRECTION('',(-0.010629963320288326,-0.9999435003437992,0));
#1904=FACE_SURFACE('',(#1909),#1905,.T.);
#1905=PLANE('',#1906);
#1906=AXIS2_PLACEMENT_3D('',#178,#1907,#1908);
#1907=DIRECTION('',(0,0,1));
#1908=DIRECTION('',(0.9972961994476772,0.07348666931640717,0));
#1909=FACE_BOUND('',#1910,.T.);
#1910=EDGE_LOOP('',(#1911,#1912,#1913));
#1911=ORIENTED_EDGE('',*,*,#1914,.T.);
#1912=ORIENTED_EDGE('',*,*,#1915,.T.);
#1913=ORIENTED_EDGE('',*,*,#1916,.T.);
#1914=EDGE_CURVE('',#179,#181,#1917,.F.);
#1915=EDGE_CURVE('',#181,#177,#1918,.T.);
#1916=EDGE_CURVE('',#177,#179,#1919,.T.);
#1917=LINE('',#178,#1920);
#1918=LINE('',#180,#1921);
#1919=LINE('',#176,#1922);
#1920=VECTOR('',#1923,1.0);
#1921=VECTOR('',#1924,1.0);
#1922=VECTOR('',#1925,1.0);
#1923=DIRECTION('',(0.9972961994476772,0.07348666931640717,0));
#1924=DIRECTION('',(0,1,0));
#1925=DIRECTION('',(-0.0036394443336265716,-0.9999933772005405,0));
#1926=FACE_SURFACE('',(#1931),#1927,.T.);
#1927=PLANE('',#1928);
#1928=AXIS2_PLACEMENT_3D('',#182,#1929,#1930);
#1929=DIRECTION('',(-2.2204039014820964E-16,-2.2204135095484432E-16,-1));
#1930=DIRECTION('',(0.3256677024511265,0.9454842926142162,-2.822479933495651E-16));
#1931=FACE_BOUND('',#1932,.T.);
#1932=EDGE_LOOP('',(#1933,#1934,#1935));
#1933=ORIENTED_EDGE('',*,*,#1936,.T.);
#1934=ORIENTED_EDGE('',*,*,#1937,.T.);
#1935=ORIENTED_EDGE('',*,*,#1938,.T.);
#1936=EDGE_CURVE('',#183,#185,#1939,.F.);
#1937=EDGE_CURVE('',#185,#187,#1940,.T.);
#1938=EDGE_CURVE('',#187,#183,#1941,.T.);
#1939=LINE('',#182,#1942);
#1940=LINE('',#184,#1943);
#1941=LINE('',#186,#1944);
#1942=VECTOR('',#1945,1.0);
#1943=VECTOR('',#1946,1.0);
#1944=VECTOR('',#1947,1.0);
#1945=DIRECTION('',(0.3256677024511265,0.9454842926142162,-2.822479933495651E-16));
#1946=DIRECTION('',(0.6093428793990102,-0.7929068389954292,4.075937503609067E-17));
#1947=DIRECTION('',(-0.6164084647099809,0.7874265709473387,-3.7973683596024576E-17));
#1948=FACE_SURFACE('',(#1953),#1949,.T.);
#1949=PLANE('',#1950);
#1950=AXIS2_PLACEMENT_3D('',#88,#1951,#1952);
#1951=DIRECTION('',(-2.2204458863844162E-16,-2.220445774626776E-16,-1));
#1952=DIRECTION('',(-1,0,2.2204458863844162E-16));
#1953=FACE_BOUND('',#1954,.T.);
#1954=EDGE_LOOP('',(#1955,#1956,#1957));
#1955=ORIENTED_EDGE('',*,*,#1958,.T.);
#1956=ORIENTED_EDGE('',*,*,#1959,.T.);
#1957=ORIENTED_EDGE('',*,*,#1960,.T.);
#1958=EDGE_CURVE('',#89,#187,#1961,.F.);
#1959=EDGE_CURVE('',#187,#185,#1962,.T.);
#1960=EDGE_CURVE('',#185,#89,#1963,.T.);
#1961=LINE('',#88,#1964);
#1962=LINE('',#186,#1965);
#1963=LINE('',#184,#1966);
#1964=VECTOR('',#1967,1.0);
#1965=VECTOR('',#1968,1.0);
#1966=VECTOR('',#1969,1.0);
#1967=DIRECTION('',(-1,0,2.2204458863844162E-16));
#1968=DIRECTION('',(-0.6093428793990102,0.7929068389954292,-4.075937503609067E-17));
#1969=DIRECTION('',(0.9335254871580655,-0.3585110386393931,-1.2767885068912374E-16));
#1970=FACE_SURFACE('',(#1975),#1971,.T.);
#1971=PLANE('',#1972);
#1972=AXIS2_PLACEMENT_3D('',#188,#1973,#1974);
#1973=DIRECTION('',(-2.2205038027106677E-16,-2.2204917136187633E-16,-1));
#1974=DIRECTION('',(0.43883585982299034,0.8985672418541735,-2.969697810169215E-16));
#1975=FACE_BOUND('',#1976,.T.);
#1976=EDGE_LOOP('',(#1977,#1978,#1979));
#1977=ORIENTED_EDGE('',*,*,#1980,.T.);
#1978=ORIENTED_EDGE('',*,*,#1981,.T.);
#1979=ORIENTED_EDGE('',*,*,#1982,.T.);
#1980=EDGE_CURVE('',#189,#183,#1983,.F.);
#1981=EDGE_CURVE('',#183,#187,#1984,.T.);
#1982=EDGE_CURVE('',#187,#189,#1985,.T.);
#1983=LINE('',#188,#1986);
#1984=LINE('',#182,#1987);
#1985=LINE('',#186,#1988);
#1986=VECTOR('',#1989,1.0);
#1987=VECTOR('',#1990,1.0);
#1988=VECTOR('',#1991,1.0);
#1989=DIRECTION('',(0.43883585982299034,0.8985672418541735,-2.969697810169215E-16));
#1990=DIRECTION('',(0.6164084647099809,-0.7874265709473387,3.7973683596024576E-17));
#1991=DIRECTION('',(-0.6240464872882794,0.7813872162399121,-3.4936624069649907E-17));
#1992=FACE_SURFACE('',(#1997),#1993,.T.);
#1993=PLANE('',#1994);
#1994=AXIS2_PLACEMENT_3D('',#190,#1995,#1996);
#1995=DIRECTION('',(-2.2204463621500614E-16,-2.2204458393334803E-16,-1));
#1996=DIRECTION('',(0.5571176804602537,0.8304335555109672,-3.080982660044686E-16));
#1997=FACE_BOUND('',#1998,.T.);
#1998=EDGE_LOOP('',(#1999,#2000,#2001));
#1999=ORIENTED_EDGE('',*,*,#2002,.T.);
#2000=ORIENTED_EDGE('',*,*,#2003,.T.);
#2001=ORIENTED_EDGE('',*,*,#2004,.T.);
#2002=EDGE_CURVE('',#191,#189,#2005,.F.);
#2003=EDGE_CURVE('',#189,#187,#2006,.T.);
#2004=EDGE_CURVE('',#187,#191,#2007,.T.);
#2005=LINE('',#190,#2008);
#2006=LINE('',#188,#2009);
#2007=LINE('',#186,#2010);
#2008=VECTOR('',#2011,1.0);
#2009=VECTOR('',#2012,1.0);
#2010=VECTOR('',#2013,1.0);
#2011=DIRECTION('',(0.5571176804602537,0.8304335555109672,-3.080982660044686E-16));
#2012=DIRECTION('',(0.6240464872882794,-0.7813872162399121,3.4936624069649907E-17));
#2013=DIRECTION('',(-0.6320567790632746,0.7749220786893085,-3.172243296899936E-17));
#2014=FACE_SURFACE('',(#2019),#2015,.T.);
#2015=PLANE('',#2016);
#2016=AXIS2_PLACEMENT_3D('',#192,#2017,#2018);
#2017=DIRECTION('',(-2.2204118400099317E-16,-2.2204173781308444E-16,-1));
#2018=DIRECTION('',(0.7479966006479392,0.6637025579422815,-3.1345572019308E-16));
#2019=FACE_BOUND('',#2020,.T.);
#2020=EDGE_LOOP('',(#2021,#2022,#2023));
#2021=ORIENTED_EDGE('',*,*,#2024,.T.);
#2022=ORIENTED_EDGE('',*,*,#2025,.T.);
#2023=ORIENTED_EDGE('',*,*,#2026,.T.);
#2024=EDGE_CURVE('',#193,#195,#2027,.F.);
#2025=EDGE_CURVE('',#195,#187,#2028,.T.);
#2026=EDGE_CURVE('',#187,#193,#2029,.T.);
#2027=LINE('',#192,#2030);
#2028=LINE('',#194,#2031);
#2029=LINE('',#186,#2032);
#2030=VECTOR('',#2033,1.0);
#2031=VECTOR('',#2034,1.0);
#2032=VECTOR('',#2035,1.0);
#2033=DIRECTION('',(0.7479966006479392,0.6637025579422815,-3.1345572019308E-16));
#2034=DIRECTION('',(0.6402738033518496,-0.7681467677087219,2.839348981648456E-17));
#2035=DIRECTION('',(-0.648522600388633,0.7611953998712586,-2.501842336104495E-17));
#2036=FACE_SURFACE('',(#2041),#2037,.T.);
#2037=PLANE('',#2038);
#2038=AXIS2_PLACEMENT_3D('',#194,#2039,#2040);
#2039=DIRECTION('',(-2.2204288087004056E-16,-2.2204315220528712E-16,-1));
#2040=DIRECTION('',(0.6637075457536028,0.747992174898728,-3.1345807585371624E-16));
#2041=FACE_BOUND('',#2042,.T.);
#2042=EDGE_LOOP('',(#2043,#2044,#2045));
#2043=ORIENTED_EDGE('',*,*,#2046,.T.);
#2044=ORIENTED_EDGE('',*,*,#2047,.T.);
#2045=ORIENTED_EDGE('',*,*,#2048,.T.);
#2046=EDGE_CURVE('',#195,#191,#2049,.F.);
#2047=EDGE_CURVE('',#191,#187,#2050,.T.);
#2048=EDGE_CURVE('',#187,#195,#2051,.T.);
#2049=LINE('',#194,#2052);
#2050=LINE('',#190,#2053);
#2051=LINE('',#186,#2054);
#2052=VECTOR('',#2055,1.0);
#2053=VECTOR('',#2056,1.0);
#2054=VECTOR('',#2057,1.0);
#2055=DIRECTION('',(0.6637075457536028,0.747992174898728,-3.1345807585371624E-16));
#2056=DIRECTION('',(0.6320567790632746,-0.7749220786893085,3.172243296899936E-17));
#2057=DIRECTION('',(-0.6402738033518496,0.7681467677087219,-2.839348981648456E-17));
#2058=FACE_SURFACE('',(#2063),#2059,.T.);
#2059=PLANE('',#2060);
#2060=AXIS2_PLACEMENT_3D('',#124,#2061,#2062);
#2061=DIRECTION('',(-0,0,1));
#2062=DIRECTION('',(0.9817799717682484,-0.19002128047862832,0));
#2063=FACE_BOUND('',#2064,.T.);
#2064=EDGE_LOOP('',(#2065,#2066,#2067));
#2065=ORIENTED_EDGE('',*,*,#2068,.T.);
#2066=ORIENTED_EDGE('',*,*,#2069,.T.);
#2067=ORIENTED_EDGE('',*,*,#2070,.T.);
#2068=EDGE_CURVE('',#125,#135,#2071,.F.);
#2069=EDGE_CURVE('',#135,#127,#2072,.T.);
#2070=EDGE_CURVE('',#127,#125,#2073,.T.);
#2071=LINE('',#124,#2074);
#2072=LINE('',#134,#2075);
#2073=LINE('',#126,#2076);
#2074=VECTOR('',#2077,1.0);
#2075=VECTOR('',#2078,1.0);
#2076=VECTOR('',#2079,1.0);
#2077=DIRECTION('',(0.9817799717682484,-0.19002128047862832,0));
#2078=DIRECTION('',(0.016915570852738804,0.9998569214956338,0));
#2079=DIRECTION('',(-0.020487423540313493,-0.9997901107115832,0));
#2080=FACE_SURFACE('',(#2085),#2081,.T.);
#2081=PLANE('',#2082);
#2082=AXIS2_PLACEMENT_3D('',#126,#2083,#2084);
#2083=DIRECTION('',(0,0,1));
#2084=DIRECTION('',(-0.9817799717682484,0.19002128047862832,0));
#2085=FACE_BOUND('',#2086,.T.);
#2086=EDGE_LOOP('',(#2087,#2088,#2089));
#2087=ORIENTED_EDGE('',*,*,#2090,.T.);
#2088=ORIENTED_EDGE('',*,*,#2091,.T.);
#2089=ORIENTED_EDGE('',*,*,#2092,.T.);
#2090=EDGE_CURVE('',#127,#171,#2093,.F.);
#2091=EDGE_CURVE('',#171,#169,#2094,.T.);
#2092=EDGE_CURVE('',#169,#127,#2095,.T.);
#2093=LINE('',#126,#2096);
#2094=LINE('',#170,#2097);
#2095=LINE('',#168,#2098);
#2096=VECTOR('',#2099,1.0);
#2097=VECTOR('',#2100,1.0);
#2098=VECTOR('',#2101,1.0);
#2099=DIRECTION('',(-0.9817799717682484,0.19002128047862832,0));
#2100=DIRECTION('',(-0.02418345912860384,-0.999707537385097,0));
#2101=DIRECTION('',(0.027758580231922764,0.9996146563668962,0));
#2102=FACE_SURFACE('',(#2107),#2103,.T.);
#2103=PLANE('',#2104);
#2104=AXIS2_PLACEMENT_3D('',#196,#2105,#2106);
#2105=DIRECTION('',(0,-0,1));
#2106=DIRECTION('',(0.024337498596177905,0.9997037992135875,0));
#2107=FACE_BOUND('',#2108,.T.);
#2108=EDGE_LOOP('',(#2109,#2110,#2111));
#2109=ORIENTED_EDGE('',*,*,#2112,.T.);
#2110=ORIENTED_EDGE('',*,*,#2113,.T.);
#2111=ORIENTED_EDGE('',*,*,#2114,.T.);
#2112=EDGE_CURVE('',#197,#199,#2115,.F.);
#2113=EDGE_CURVE('',#199,#163,#2116,.T.);
#2114=EDGE_CURVE('',#163,#197,#2117,.T.);
#2115=LINE('',#196,#2118);
#2116=LINE('',#198,#2119);
#2117=LINE('',#162,#2120);
#2118=VECTOR('',#2121,1.0);
#2119=VECTOR('',#2122,1.0);
#2120=VECTOR('',#2123,1.0);
#2121=DIRECTION('',(0.024337498596177905,0.9997037992135875,0));
#2122=DIRECTION('',(-0.027566486470483854,-0.9996199722012724,0));
#2123=DIRECTION('',(0.8985613935877542,0.4388478346233841,0));
#2124=FACE_SURFACE('',(#2129),#2125,.T.);
#2125=PLANE('',#2126);
#2126=AXIS2_PLACEMENT_3D('',#200,#2127,#2128);
#2127=DIRECTION('',(0,0,1));
#2128=DIRECTION('',(-0.9980118255304575,0.06302694742222241,0));
#2129=FACE_BOUND('',#2130,.T.);
#2130=EDGE_LOOP('',(#2131,#2132,#2133));
#2131=ORIENTED_EDGE('',*,*,#2134,.T.);
#2132=ORIENTED_EDGE('',*,*,#2135,.T.);
#2133=ORIENTED_EDGE('',*,*,#2136,.T.);
#2134=EDGE_CURVE('',#201,#127,#2137,.F.);
#2135=EDGE_CURVE('',#127,#133,#2138,.T.);
#2136=EDGE_CURVE('',#133,#201,#2139,.T.);
#2137=LINE('',#200,#2140);
#2138=LINE('',#126,#2141);
#2139=LINE('',#132,#2142);
#2140=VECTOR('',#2143,1.0);
#2141=VECTOR('',#2144,1.0);
#2142=VECTOR('',#2145,1.0);
#2143=DIRECTION('',(-0.9980118255304575,0.06302694742222241,0));
#2144=DIRECTION('',(0.30407218495693955,-0.9526489942972243,0));
#2145=DIRECTION('',(-0.2999471023668439,0.9539558353413087,0));
#2146=FACE_SURFACE('',(#2151),#2147,.T.);
#2147=PLANE('',#2148);
#2148=AXIS2_PLACEMENT_3D('',#196,#2149,#2150);
#2149=DIRECTION('',(0,0,1));
#2150=DIRECTION('',(0.9454842926142162,0.3256677024511265,0));
#2151=FACE_BOUND('',#2152,.T.);
#2152=EDGE_LOOP('',(#2153,#2154,#2155));
#2153=ORIENTED_EDGE('',*,*,#2156,.T.);
#2154=ORIENTED_EDGE('',*,*,#2157,.T.);
#2155=ORIENTED_EDGE('',*,*,#2158,.T.);
#2156=EDGE_CURVE('',#197,#167,#2159,.F.);
#2157=EDGE_CURVE('',#167,#203,#2160,.T.);
#2158=EDGE_CURVE('',#203,#197,#2161,.T.);
#2159=LINE('',#196,#2162);
#2160=LINE('',#166,#2163);
#2161=LINE('',#202,#2164);
#2162=VECTOR('',#2165,1.0);
#2163=VECTOR('',#2166,1.0);
#2164=VECTOR('',#2167,1.0);
#2165=DIRECTION('',(0.9454842926142162,0.3256677024511265,0));
#2166=DIRECTION('',(0.02425266357160441,0.999705860895935,0));
#2167=DIRECTION('',(-0.0276548541889109,-0.999617531378772,0));
#2168=FACE_SURFACE('',(#2173),#2169,.T.);
#2169=PLANE('',#2170);
#2170=AXIS2_PLACEMENT_3D('',#198,#2171,#2172);
#2171=DIRECTION('',(0,0,1));
#2172=DIRECTION('',(-0.024337498596177905,-0.9997037992135875,0));
#2173=FACE_BOUND('',#2174,.T.);
#2174=EDGE_LOOP('',(#2175,#2176,#2177));
#2175=ORIENTED_EDGE('',*,*,#2178,.T.);
#2176=ORIENTED_EDGE('',*,*,#2179,.T.);
#2177=ORIENTED_EDGE('',*,*,#2180,.T.);
#2178=EDGE_CURVE('',#199,#197,#2181,.F.);
#2179=EDGE_CURVE('',#197,#203,#2182,.T.);
#2180=EDGE_CURVE('',#203,#199,#2183,.T.);
#2181=LINE('',#198,#2184);
#2182=LINE('',#196,#2185);
#2183=LINE('',#202,#2186);
#2184=VECTOR('',#2187,1.0);
#2185=VECTOR('',#2188,1.0);
#2186=VECTOR('',#2189,1.0);
#2187=DIRECTION('',(-0.024337498596177905,-0.9997037992135875,0));
#2188=DIRECTION('',(0.0276548541889109,0.999617531378772,0));
#2189=DIRECTION('',(-0.8985652315706761,0.43883997608734,0));
#2190=FACE_SURFACE('',(#2195),#2191,.T.);
#2191=PLANE('',#2192);
#2192=AXIS2_PLACEMENT_3D('',#36,#2193,#2194);
#2193=DIRECTION('',(0,0,1));
#2194=DIRECTION('',(0.6758432065666843,0.737045426101853,0));
#2195=FACE_BOUND('',#2196,.T.);
#2196=EDGE_LOOP('',(#2197,#2198,#2199));
#2197=ORIENTED_EDGE('',*,*,#2200,.T.);
#2198=ORIENTED_EDGE('',*,*,#2201,.T.);
#2199=ORIENTED_EDGE('',*,*,#2202,.T.);
#2200=EDGE_CURVE('',#37,#83,#2203,.F.);
#2201=EDGE_CURVE('',#83,#57,#2204,.T.);
#2202=EDGE_CURVE('',#57,#37,#2205,.T.);
#2203=LINE('',#36,#2206);
#2204=LINE('',#82,#2207);
#2205=LINE('',#56,#2208);
#2206=VECTOR('',#2209,1.0);
#2207=VECTOR('',#2210,1.0);
#2208=VECTOR('',#2211,1.0);
#2209=DIRECTION('',(0.6758432065666843,0.737045426101853,0));
#2210=DIRECTION('',(-0.16171410614669662,0.9868376502105982,0));
#2211=DIRECTION('',(0,-1,0));
#2212=FACE_SURFACE('',(#2217),#2213,.T.);
#2213=PLANE('',#2214);
#2214=AXIS2_PLACEMENT_3D('',#204,#2215,#2216);
#2215=DIRECTION('',(-2.22045495092429E-16,-2.2204231968929516E-16,-1));
#2216=DIRECTION('',(0.9348299448136159,0.355095725516053,-2.864210565287051E-16));
#2217=FACE_BOUND('',#2218,.T.);
#2218=EDGE_LOOP('',(#2219,#2220,#2221));
#2219=ORIENTED_EDGE('',*,*,#2222,.T.);
#2220=ORIENTED_EDGE('',*,*,#2223,.T.);
#2221=ORIENTED_EDGE('',*,*,#2224,.T.);
#2222=EDGE_CURVE('',#205,#149,#2225,.F.);
#2223=EDGE_CURVE('',#149,#207,#2226,.T.);
#2224=EDGE_CURVE('',#207,#205,#2227,.T.);
#2225=LINE('',#204,#2228);
#2226=LINE('',#148,#2229);
#2227=LINE('',#206,#2230);
#2228=VECTOR('',#2231,1.0);
#2229=VECTOR('',#2232,1.0);
#2230=VECTOR('',#2233,1.0);
#2231=DIRECTION('',(0.9348299448136159,0.355095725516053,-2.864210565287051E-16));
#2232=DIRECTION('',(-0.9333217343571267,-0.3590411399500134,2.8696221416424257E-16));
#2233=DIRECTION('',(0.06301759871395407,0.9980124158808482,-2.35593765806877E-16));
#2234=FACE_SURFACE('',(#2239),#2235,.T.);
#2235=PLANE('',#2236);
#2236=AXIS2_PLACEMENT_3D('',#208,#2237,#2238);
#2237=DIRECTION('',(-2.2204233006433975E-16,-2.220438788214348E-16,-1));
#2238=DIRECTION('',(0.2999471023668439,-0.9539558353413087,1.452191003979451E-16));
#2239=FACE_BOUND('',#2240,.T.);
#2240=EDGE_LOOP('',(#2241,#2242,#2243));
#2241=ORIENTED_EDGE('',*,*,#2244,.T.);
#2242=ORIENTED_EDGE('',*,*,#2245,.T.);
#2243=ORIENTED_EDGE('',*,*,#2246,.T.);
#2244=EDGE_CURVE('',#209,#211,#2247,.F.);
#2245=EDGE_CURVE('',#211,#213,#2248,.T.);
#2246=EDGE_CURVE('',#213,#209,#2249,.T.);
#2247=LINE('',#208,#2250);
#2248=LINE('',#210,#2251);
#2249=LINE('',#212,#2252);
#2250=VECTOR('',#2253,1.0);
#2251=VECTOR('',#2254,1.0);
#2252=VECTOR('',#2255,1.0);
#2253=DIRECTION('',(0.2999471023668439,-0.9539558353413087,1.452191003979451E-16));
#2254=DIRECTION('',(-0.30407218495693955,0.9526489942972243,-1.4401298139350088E-16));
#2255=DIRECTION('',(0.9980118255304575,-0.06302694742222241,-2.076061232966432E-16));
#2256=FACE_SURFACE('',(#2261),#2257,.T.);
#2257=PLANE('',#2258);
#2258=AXIS2_PLACEMENT_3D('',#214,#2259,#2260);
#2259=DIRECTION('',(-0,0,1));
#2260=DIRECTION('',(0.9991656654800093,-0.040840824255764345,0));
#2261=FACE_BOUND('',#2262,.T.);
#2262=EDGE_LOOP('',(#2263,#2264,#2265));
#2263=ORIENTED_EDGE('',*,*,#2266,.T.);
#2264=ORIENTED_EDGE('',*,*,#2267,.T.);
#2265=ORIENTED_EDGE('',*,*,#2268,.T.);
#2266=EDGE_CURVE('',#215,#217,#2269,.F.);
#2267=EDGE_CURVE('',#217,#219,#2270,.T.);
#2268=EDGE_CURVE('',#219,#215,#2271,.T.);
#2269=LINE('',#214,#2272);
#2270=LINE('',#216,#2273);
#2271=LINE('',#218,#2274);
#2272=VECTOR('',#2275,1.0);
#2273=VECTOR('',#2276,1.0);
#2274=VECTOR('',#2277,1.0);
#2275=DIRECTION('',(0.9991656654800093,-0.040840824255764345,0));
#2276=DIRECTION('',(-0.9984817700775571,0.05508316278853748,0));
#2277=DIRECTION('',(-0.6637075457536028,-0.747992174898728,0));
#2278=FACE_SURFACE('',(#2283),#2279,.T.);
#2279=PLANE('',#2280);
#2280=AXIS2_PLACEMENT_3D('',#212,#2281,#2282);
#2281=DIRECTION('',(-2.2204455669430805E-16,-2.2204458953046155E-16,-1));
#2282=DIRECTION('',(0.30407218495693955,-0.9526489942972243,1.4401298139350088E-16));
#2283=FACE_BOUND('',#2284,.T.);
#2284=EDGE_LOOP('',(#2285,#2286,#2287));
#2285=ORIENTED_EDGE('',*,*,#2288,.T.);
#2286=ORIENTED_EDGE('',*,*,#2289,.T.);
#2287=ORIENTED_EDGE('',*,*,#2290,.T.);
#2288=EDGE_CURVE('',#213,#211,#2291,.F.);
#2289=EDGE_CURVE('',#211,#221,#2292,.T.);
#2290=EDGE_CURVE('',#221,#213,#2293,.T.);
#2291=LINE('',#212,#2294);
#2292=LINE('',#210,#2295);
#2293=LINE('',#220,#2296);
#2294=VECTOR('',#2297,1.0);
#2295=VECTOR('',#2298,1.0);
#2296=VECTOR('',#2299,1.0);
#2297=DIRECTION('',(0.30407218495693955,-0.9526489942972243,1.4401298139350088E-16));
#2298=DIRECTION('',(-0.7131623693747652,-0.7009988836708453,3.140068315448867E-16));
#2299=DIRECTION('',(0.016915570852738804,0.9998569214956338,-2.2576883015391646E-16));
#2300=FACE_SURFACE('',(#2305),#2301,.T.);
#2301=PLANE('',#2302);
#2302=AXIS2_PLACEMENT_3D('',#222,#2303,#2304);
#2303=DIRECTION('',(-0,0,1));
#2304=DIRECTION('',(0.6800949421134094,-0.7331240479698905,0));
#2305=FACE_BOUND('',#2306,.T.);
#2306=EDGE_LOOP('',(#2307,#2308,#2309));
#2307=ORIENTED_EDGE('',*,*,#2310,.T.);
#2308=ORIENTED_EDGE('',*,*,#2311,.T.);
#2309=ORIENTED_EDGE('',*,*,#2312,.T.);
#2310=EDGE_CURVE('',#223,#153,#2313,.F.);
#2311=EDGE_CURVE('',#153,#225,#2314,.T.);
#2312=EDGE_CURVE('',#225,#223,#2315,.T.);
#2313=LINE('',#222,#2316);
#2314=LINE('',#152,#2317);
#2315=LINE('',#224,#2318);
#2316=VECTOR('',#2319,1.0);
#2317=VECTOR('',#2320,1.0);
#2318=VECTOR('',#2321,1.0);
#2319=DIRECTION('',(0.6800949421134094,-0.7331240479698905,0));
#2320=DIRECTION('',(-0.6718203120059988,0.7407141610474058,0));
#2321=DIRECTION('',(-0.3256497900402563,-0.9454904622716916,0));
#2322=FACE_SURFACE('',(#2327),#2323,.T.);
#2323=PLANE('',#2324);
#2324=AXIS2_PLACEMENT_3D('',#226,#2325,#2326);
#2325=DIRECTION('',(0,0,1));
#2326=DIRECTION('',(-0.9454842926142162,-0.3256677024511265,0));
#2327=FACE_BOUND('',#2328,.T.);
#2328=EDGE_LOOP('',(#2329,#2330,#2331));
#2329=ORIENTED_EDGE('',*,*,#2332,.T.);
#2330=ORIENTED_EDGE('',*,*,#2333,.T.);
#2331=ORIENTED_EDGE('',*,*,#2334,.T.);
#2332=EDGE_CURVE('',#227,#155,#2335,.F.);
#2333=EDGE_CURVE('',#155,#159,#2336,.T.);
#2334=EDGE_CURVE('',#159,#227,#2337,.T.);
#2335=LINE('',#226,#2338);
#2336=LINE('',#154,#2339);
#2337=LINE('',#158,#2340);
#2338=VECTOR('',#2341,1.0);
#2339=VECTOR('',#2342,1.0);
#2340=VECTOR('',#2343,1.0);
#2341=DIRECTION('',(-0.9454842926142162,-0.3256677024511265,0));
#2342=DIRECTION('',(-0.003559592643882782,-0.9999936646300364,0));
#2343=DIRECTION('',(0.006995992725417068,0.9999755277434473,0));
#2344=FACE_SURFACE('',(#2349),#2345,.T.);
#2345=PLANE('',#2346);
#2346=AXIS2_PLACEMENT_3D('',#228,#2347,#2348);
#2347=DIRECTION('',(-0,0,1));
#2348=DIRECTION('',(0.6888952234216345,-0.7248609322807075,0));
#2349=FACE_BOUND('',#2350,.T.);
#2350=EDGE_LOOP('',(#2351,#2352,#2353));
#2351=ORIENTED_EDGE('',*,*,#2354,.T.);
#2352=ORIENTED_EDGE('',*,*,#2355,.T.);
#2353=ORIENTED_EDGE('',*,*,#2356,.T.);
#2354=EDGE_CURVE('',#229,#153,#2357,.F.);
#2355=EDGE_CURVE('',#153,#223,#2358,.T.);
#2356=EDGE_CURVE('',#223,#229,#2359,.T.);
#2357=LINE('',#228,#2360);
#2358=LINE('',#152,#2361);
#2359=LINE('',#222,#2362);
#2360=VECTOR('',#2363,1.0);
#2361=VECTOR('',#2364,1.0);
#2362=VECTOR('',#2365,1.0);
#2363=DIRECTION('',(0.6888952234216345,-0.7248609322807075,0));
#2364=DIRECTION('',(-0.6800949421134094,0.7331240479698905,0));
#2365=DIRECTION('',(-0.43883585982299034,-0.8985672418541735,0));
#2366=FACE_SURFACE('',(#2371),#2367,.T.);
#2367=PLANE('',#2368);
#2368=AXIS2_PLACEMENT_3D('',#230,#2369,#2370);
#2369=DIRECTION('',(0,-0,1));
#2370=DIRECTION('',(0.6800949421134094,0.7331240479698905,0));
#2371=FACE_BOUND('',#2372,.T.);
#2372=EDGE_LOOP('',(#2373,#2374,#2375));
#2373=ORIENTED_EDGE('',*,*,#2376,.T.);
#2374=ORIENTED_EDGE('',*,*,#2377,.T.);
#2375=ORIENTED_EDGE('',*,*,#2378,.T.);
#2376=EDGE_CURVE('',#231,#53,#2379,.F.);
#2377=EDGE_CURVE('',#53,#233,#2380,.T.);
#2378=EDGE_CURVE('',#233,#231,#2381,.T.);
#2379=LINE('',#230,#2382);
#2380=LINE('',#52,#2383);
#2381=LINE('',#232,#2384);
#2382=VECTOR('',#2385,1.0);
#2383=VECTOR('',#2386,1.0);
#2384=VECTOR('',#2387,1.0);
#2385=DIRECTION('',(0.6800949421134094,0.7331240479698905,0));
#2386=DIRECTION('',(-0.6888952234216345,-0.7248609322807075,0));
#2387=DIRECTION('',(0.43883585982299034,-0.8985672418541735,0));
#2388=FACE_SURFACE('',(#2393),#2389,.T.);
#2389=PLANE('',#2390);
#2390=AXIS2_PLACEMENT_3D('',#152,#2391,#2392);
#2391=DIRECTION('',(0,0,1));
#2392=DIRECTION('',(-0.6888952234216345,0.7248609322807075,0));
#2393=FACE_BOUND('',#2394,.T.);
#2394=EDGE_LOOP('',(#2395,#2396,#2397));
#2395=ORIENTED_EDGE('',*,*,#2398,.T.);
#2396=ORIENTED_EDGE('',*,*,#2399,.T.);
#2397=ORIENTED_EDGE('',*,*,#2400,.T.);
#2398=EDGE_CURVE('',#153,#229,#2401,.F.);
#2399=EDGE_CURVE('',#229,#235,#2402,.T.);
#2400=EDGE_CURVE('',#235,#153,#2403,.T.);
#2401=LINE('',#152,#2404);
#2402=LINE('',#228,#2405);
#2403=LINE('',#234,#2406);
#2404=VECTOR('',#2407,1.0);
#2405=VECTOR('',#2408,1.0);
#2406=VECTOR('',#2409,1.0);
#2407=DIRECTION('',(-0.6888952234216345,0.7248609322807075,0));
#2408=DIRECTION('',(-0.5571315068177726,-0.8304242795769873,0));
#2409=DIRECTION('',(0.6979647977118414,-0.7161320696317602,0));
#2410=FACE_SURFACE('',(#2415),#2411,.T.);
#2411=PLANE('',#2412);
#2412=AXIS2_PLACEMENT_3D('',#236,#2413,#2414);
#2413=DIRECTION('',(-2.2203570473215516E-16,-2.2204481974875754E-16,-1));
#2414=DIRECTION('',(-0.9972964157014067,0.07348373445278193,2.0511872991608068E-16));
#2415=FACE_BOUND('',#2416,.T.);
#2416=EDGE_LOOP('',(#2417,#2418,#2419));
#2417=ORIENTED_EDGE('',*,*,#2420,.T.);
#2418=ORIENTED_EDGE('',*,*,#2421,.T.);
#2419=ORIENTED_EDGE('',*,*,#2422,.T.);
#2420=EDGE_CURVE('',#237,#239,#2423,.F.);
#2421=EDGE_CURVE('',#239,#213,#2424,.T.);
#2422=EDGE_CURVE('',#213,#237,#2425,.T.);
#2423=LINE('',#236,#2426);
#2424=LINE('',#238,#2427);
#2425=LINE('',#212,#2428);
#2426=VECTOR('',#2429,1.0);
#2427=VECTOR('',#2430,1.0);
#2428=VECTOR('',#2431,1.0);
#2429=DIRECTION('',(-0.9972964157014067,0.07348373445278193,2.0511872991608068E-16));
#2430=DIRECTION('',(0.02412994629509985,0.9997088304560462,-2.2733787669063556E-16));
#2431=DIRECTION('',(-0.020487423540313493,-0.9997901107115832,2.265471544434635E-16));
#2432=FACE_SURFACE('',(#2437),#2433,.T.);
#2433=PLANE('',#2434);
#2434=AXIS2_PLACEMENT_3D('',#240,#2435,#2436);
#2435=DIRECTION('',(-0,0,1));
#2436=DIRECTION('',(0.7248609966704742,-0.6888951556702129,0));
#2437=FACE_BOUND('',#2438,.T.);
#2438=EDGE_LOOP('',(#2439,#2440,#2441));
#2439=ORIENTED_EDGE('',*,*,#2442,.T.);
#2440=ORIENTED_EDGE('',*,*,#2443,.T.);
#2441=ORIENTED_EDGE('',*,*,#2444,.T.);
#2442=EDGE_CURVE('',#241,#153,#2445,.F.);
#2443=EDGE_CURVE('',#153,#243,#2446,.T.);
#2444=EDGE_CURVE('',#243,#241,#2447,.T.);
#2445=LINE('',#240,#2448);
#2446=LINE('',#152,#2449);
#2447=LINE('',#242,#2450);
#2448=VECTOR('',#2451,1.0);
#2449=VECTOR('',#2452,1.0);
#2450=VECTOR('',#2453,1.0);
#2451=DIRECTION('',(0.7248609966704742,-0.6888951556702129,0));
#2452=DIRECTION('',(-0.7161323894932364,0.697964469524565,0));
#2453=DIRECTION('',(-0.8304273323646918,-0.557126956502431,0));
#2454=FACE_SURFACE('',(#2459),#2455,.T.);
#2455=PLANE('',#2456);
#2456=AXIS2_PLACEMENT_3D('',#244,#2457,#2458);
#2457=DIRECTION('',(-0,-0,1));
#2458=DIRECTION('',(0.9867749944611404,-0.16209599102450511,0));
#2459=FACE_BOUND('',#2460,.T.);
#2460=EDGE_LOOP('',(#2461,#2462,#2463));
#2461=ORIENTED_EDGE('',*,*,#2464,.T.);
#2462=ORIENTED_EDGE('',*,*,#2465,.T.);
#2463=ORIENTED_EDGE('',*,*,#2466,.T.);
#2464=EDGE_CURVE('',#245,#217,#2467,.F.);
#2465=EDGE_CURVE('',#217,#247,#2468,.T.);
#2466=EDGE_CURVE('',#247,#245,#2469,.T.);
#2467=LINE('',#244,#2470);
#2468=LINE('',#216,#2471);
#2469=LINE('',#246,#2472);
#2470=VECTOR('',#2473,1.0);
#2471=VECTOR('',#2474,1.0);
#2472=VECTOR('',#2475,1.0);
#2473=DIRECTION('',(0.9867749944611404,-0.16209599102450511,0));
#2474=DIRECTION('',(-0.9838040427769411,0.17924733028903564,0));
#2475=DIRECTION('',(0.1900369322817254,-0.9817769422679222,0));
#2476=FACE_SURFACE('',(#2481),#2477,.T.);
#2477=PLANE('',#2478);
#2478=AXIS2_PLACEMENT_3D('',#230,#2479,#2480);
#2479=DIRECTION('',(-0,0,1));
#2480=DIRECTION('',(0.3256497900402563,-0.9454904622716916,0));
#2481=FACE_BOUND('',#2482,.T.);
#2482=EDGE_LOOP('',(#2483,#2484,#2485));
#2483=ORIENTED_EDGE('',*,*,#2486,.T.);
#2484=ORIENTED_EDGE('',*,*,#2487,.T.);
#2485=ORIENTED_EDGE('',*,*,#2488,.T.);
#2486=EDGE_CURVE('',#231,#247,#2489,.F.);
#2487=EDGE_CURVE('',#247,#53,#2490,.T.);
#2488=EDGE_CURVE('',#53,#231,#2491,.T.);
#2489=LINE('',#230,#2492);
#2490=LINE('',#246,#2493);
#2491=LINE('',#52,#2494);
#2492=VECTOR('',#2495,1.0);
#2493=VECTOR('',#2496,1.0);
#2494=VECTOR('',#2497,1.0);
#2495=DIRECTION('',(0.3256497900402563,-0.9454904622716916,0));
#2496=DIRECTION('',(0.6718203120059988,0.7407141610474058,0));
#2497=DIRECTION('',(-0.6800949421134094,-0.7331240479698905,0));
#2498=FACE_SURFACE('',(#2503),#2499,.T.);
#2499=PLANE('',#2500);
#2500=AXIS2_PLACEMENT_3D('',#248,#2501,#2502);
#2501=DIRECTION('',(-0,-0,1));
#2502=DIRECTION('',(0.9895818498686281,-0.1439713944177251,0));
#2503=FACE_BOUND('',#2504,.T.);
#2504=EDGE_LOOP('',(#2505,#2506,#2507));
#2505=ORIENTED_EDGE('',*,*,#2508,.T.);
#2506=ORIENTED_EDGE('',*,*,#2509,.T.);
#2507=ORIENTED_EDGE('',*,*,#2510,.T.);
#2508=EDGE_CURVE('',#249,#217,#2511,.F.);
#2509=EDGE_CURVE('',#217,#245,#2512,.T.);
#2510=EDGE_CURVE('',#245,#249,#2513,.T.);
#2511=LINE('',#248,#2514);
#2512=LINE('',#216,#2515);
#2513=LINE('',#244,#2516);
#2514=VECTOR('',#2517,1.0);
#2515=VECTOR('',#2518,1.0);
#2516=VECTOR('',#2519,1.0);
#2517=DIRECTION('',(0.9895818498686281,-0.1439713944177251,0));
#2518=DIRECTION('',(-0.9867749944611404,0.16209599102450511,0));
#2519=DIRECTION('',(0.07348446814677068,-0.9972963616404034,0));
#2520=FACE_SURFACE('',(#2525),#2521,.T.);
#2521=PLANE('',#2522);
#2522=AXIS2_PLACEMENT_3D('',#250,#2523,#2524);
#2523=DIRECTION('',(-0,0,1));
#2524=DIRECTION('',(0.7331242900747411,-0.6800946811308017,0));
#2525=FACE_BOUND('',#2526,.T.);
#2526=EDGE_LOOP('',(#2527,#2528,#2529));
#2527=ORIENTED_EDGE('',*,*,#2530,.T.);
#2528=ORIENTED_EDGE('',*,*,#2531,.T.);
#2529=ORIENTED_EDGE('',*,*,#2532,.T.);
#2530=EDGE_CURVE('',#251,#153,#2533,.F.);
#2531=EDGE_CURVE('',#153,#241,#2534,.T.);
#2532=EDGE_CURVE('',#241,#251,#2535,.T.);
#2533=LINE('',#250,#2536);
#2534=LINE('',#152,#2537);
#2535=LINE('',#240,#2538);
#2536=VECTOR('',#2539,1.0);
#2537=VECTOR('',#2540,1.0);
#2538=VECTOR('',#2541,1.0);
#2539=DIRECTION('',(0.7331242900747411,-0.6800946811308017,0));
#2540=DIRECTION('',(-0.7248609966704742,0.6888951556702129,0));
#2541=DIRECTION('',(-0.8985729984106967,-0.4388240724108126,0));
#2542=FACE_SURFACE('',(#2547),#2543,.T.);
#2543=PLANE('',#2544);
#2544=AXIS2_PLACEMENT_3D('',#252,#2545,#2546);
#2545=DIRECTION('',(0,0,1));
#2546=DIRECTION('',(-0.7479827611823705,-0.6637181547720366,0));
#2547=FACE_BOUND('',#2548,.T.);
#2548=EDGE_LOOP('',(#2549,#2550,#2551));
#2549=ORIENTED_EDGE('',*,*,#2552,.T.);
#2550=ORIENTED_EDGE('',*,*,#2553,.T.);
#2551=ORIENTED_EDGE('',*,*,#2554,.T.);
#2552=EDGE_CURVE('',#253,#243,#2555,.F.);
#2553=EDGE_CURVE('',#243,#153,#2556,.T.);
#2554=EDGE_CURVE('',#153,#253,#2557,.T.);
#2555=LINE('',#252,#2558);
#2556=LINE('',#242,#2559);
#2557=LINE('',#152,#2560);
#2558=VECTOR('',#2561,1.0);
#2559=VECTOR('',#2562,1.0);
#2560=VECTOR('',#2563,1.0);
#2561=DIRECTION('',(-0.7479827611823705,-0.6637181547720366,0));
#2562=DIRECTION('',(0.7161323894932364,-0.697964469524565,0));
#2563=DIRECTION('',(-0.7071069105953623,0.707106651777709,0));
#2564=FACE_SURFACE('',(#2569),#2565,.T.);
#2565=PLANE('',#2566);
#2566=AXIS2_PLACEMENT_3D('',#254,#2567,#2568);
#2567=DIRECTION('',(-0,-0,1));
#2568=DIRECTION('',(0.6519495322304434,-0.758262360548449,0));
#2569=FACE_BOUND('',#2570,.T.);
#2570=EDGE_LOOP('',(#2571,#2572,#2573));
#2571=ORIENTED_EDGE('',*,*,#2574,.T.);
#2572=ORIENTED_EDGE('',*,*,#2575,.T.);
#2573=ORIENTED_EDGE('',*,*,#2576,.T.);
#2574=EDGE_CURVE('',#255,#153,#2577,.F.);
#2575=EDGE_CURVE('',#153,#257,#2578,.T.);
#2576=EDGE_CURVE('',#257,#255,#2579,.T.);
#2577=LINE('',#254,#2580);
#2578=LINE('',#152,#2581);
#2579=LINE('',#256,#2582);
#2580=VECTOR('',#2583,1.0);
#2581=VECTOR('',#2584,1.0);
#2582=VECTOR('',#2585,1.0);
#2583=DIRECTION('',(0.6519495322304434,-0.758262360548449,0));
#2584=DIRECTION('',(-0.6473455212735916,0.7621966780871076,0));
#2585=DIRECTION('',(0.1900369322817254,-0.9817769422679222,0));
#2586=FACE_SURFACE('',(#2591),#2587,.T.);
#2587=PLANE('',#2588);
#2588=AXIS2_PLACEMENT_3D('',#108,#2589,#2590);
#2589=DIRECTION('',(-2.2204458863718958E-16,-2.22044618485168E-16,-1));
#2590=DIRECTION('',(1,0,-2.2204458863718958E-16));
#2591=FACE_BOUND('',#2592,.T.);
#2592=EDGE_LOOP('',(#2593,#2594,#2595));
#2593=ORIENTED_EDGE('',*,*,#2596,.T.);
#2594=ORIENTED_EDGE('',*,*,#2597,.T.);
#2595=ORIENTED_EDGE('',*,*,#2598,.T.);
#2596=EDGE_CURVE('',#109,#259,#2599,.F.);
#2597=EDGE_CURVE('',#259,#261,#2600,.T.);
#2598=EDGE_CURVE('',#261,#109,#2601,.T.);
#2599=LINE('',#108,#2602);
#2600=LINE('',#258,#2603);
#2601=LINE('',#260,#2604);
#2602=VECTOR('',#2605,1.0);
#2603=VECTOR('',#2606,1.0);
#2604=VECTOR('',#2607,1.0);
#2605=DIRECTION('',(1,0,-2.2204458863718958E-16));
#2606=DIRECTION('',(0.690662616946433,-0.7231771218399436,7.219691449196575E-18));
#2607=DIRECTION('',(-0.9394974211552276,0.34255597446647595,1.3254760774588937E-16));
#2608=FACE_SURFACE('',(#2613),#2609,.T.);
#2609=PLANE('',#2610);
#2610=AXIS2_PLACEMENT_3D('',#262,#2611,#2612);
#2611=DIRECTION('',(0,-0,1));
#2612=DIRECTION('',(0.7071069105953623,0.707106651777709,0));
#2613=FACE_BOUND('',#2614,.T.);
#2614=EDGE_LOOP('',(#2615,#2616,#2617));
#2615=ORIENTED_EDGE('',*,*,#2618,.T.);
#2616=ORIENTED_EDGE('',*,*,#2619,.T.);
#2617=ORIENTED_EDGE('',*,*,#2620,.T.);
#2618=EDGE_CURVE('',#263,#53,#2621,.F.);
#2619=EDGE_CURVE('',#53,#265,#2622,.T.);
#2620=EDGE_CURVE('',#265,#263,#2623,.T.);
#2621=LINE('',#262,#2624);
#2622=LINE('',#52,#2625);
#2623=LINE('',#264,#2626);
#2624=VECTOR('',#2627,1.0);
#2625=VECTOR('',#2628,1.0);
#2626=VECTOR('',#2629,1.0);
#2627=DIRECTION('',(0.7071069105953623,0.707106651777709,0));
#2628=DIRECTION('',(-0.7161323894932364,-0.697964469524565,0));
#2629=DIRECTION('',(0.7479827611823705,-0.6637181547720366,0));
#2630=FACE_SURFACE('',(#2635),#2631,.T.);
#2631=PLANE('',#2632);
#2632=AXIS2_PLACEMENT_3D('',#264,#2633,#2634);
#2633=DIRECTION('',(0,-0,1));
#2634=DIRECTION('',(0.7161323894932364,0.697964469524565,0));
#2635=FACE_BOUND('',#2636,.T.);
#2636=EDGE_LOOP('',(#2637,#2638,#2639));
#2637=ORIENTED_EDGE('',*,*,#2640,.T.);
#2638=ORIENTED_EDGE('',*,*,#2641,.T.);
#2639=ORIENTED_EDGE('',*,*,#2642,.T.);
#2640=EDGE_CURVE('',#265,#53,#2643,.F.);
#2641=EDGE_CURVE('',#53,#267,#2644,.T.);
#2642=EDGE_CURVE('',#267,#265,#2645,.T.);
#2643=LINE('',#264,#2646);
#2644=LINE('',#52,#2647);
#2645=LINE('',#266,#2648);
#2646=VECTOR('',#2649,1.0);
#2647=VECTOR('',#2650,1.0);
#2648=VECTOR('',#2651,1.0);
#2649=DIRECTION('',(0.7161323894932364,0.697964469524565,0));
#2650=DIRECTION('',(-0.7248609966704742,-0.6888951556702129,0));
#2651=DIRECTION('',(0.8304273323646918,-0.557126956502431,0));
#2652=FACE_SURFACE('',(#2657),#2653,.T.);
#2653=PLANE('',#2654);
#2654=AXIS2_PLACEMENT_3D('',#268,#2655,#2656);
#2655=DIRECTION('',(-0,-0,1));
#2656=DIRECTION('',(0.657581879791929,-0.7533830840743062,0));
#2657=FACE_BOUND('',#2658,.T.);
#2658=EDGE_LOOP('',(#2659,#2660,#2661));
#2659=ORIENTED_EDGE('',*,*,#2662,.T.);
#2660=ORIENTED_EDGE('',*,*,#2663,.T.);
#2661=ORIENTED_EDGE('',*,*,#2664,.T.);
#2662=EDGE_CURVE('',#269,#153,#2665,.F.);
#2663=EDGE_CURVE('',#153,#255,#2666,.T.);
#2664=EDGE_CURVE('',#255,#269,#2667,.T.);
#2665=LINE('',#268,#2668);
#2666=LINE('',#152,#2669);
#2667=LINE('',#254,#2670);
#2668=VECTOR('',#2671,1.0);
#2669=VECTOR('',#2672,1.0);
#2670=VECTOR('',#2673,1.0);
#2671=DIRECTION('',(0.657581879791929,-0.7533830840743062,0));
#2672=DIRECTION('',(-0.6519495322304434,0.758262360548449,0));
#2673=DIRECTION('',(0.07348520185537083,-0.9972963075777806,0));
#2674=FACE_SURFACE('',(#2679),#2675,.T.);
#2675=PLANE('',#2676);
#2676=AXIS2_PLACEMENT_3D('',#270,#2677,#2678);
#2677=DIRECTION('',(-0,0,1));
#2678=DIRECTION('',(0.3256497900402563,-0.9454904622716916,0));
#2679=FACE_BOUND('',#2680,.T.);
#2680=EDGE_LOOP('',(#2681,#2682,#2683));
#2681=ORIENTED_EDGE('',*,*,#2684,.T.);
#2682=ORIENTED_EDGE('',*,*,#2685,.T.);
#2683=ORIENTED_EDGE('',*,*,#2686,.T.);
#2684=EDGE_CURVE('',#271,#257,#2687,.F.);
#2685=EDGE_CURVE('',#257,#217,#2688,.T.);
#2686=EDGE_CURVE('',#217,#271,#2689,.T.);
#2687=LINE('',#270,#2690);
#2688=LINE('',#256,#2691);
#2689=LINE('',#216,#2692);
#2690=VECTOR('',#2693,1.0);
#2691=VECTOR('',#2694,1.0);
#2692=VECTOR('',#2695,1.0);
#2693=DIRECTION('',(0.3256497900402563,-0.9454904622716916,0));
#2694=DIRECTION('',(0.1852842858189074,0.982684961434018,0));
#2695=DIRECTION('',(-0.18699821893937937,-0.9823602527146036,0));
#2696=FACE_SURFACE('',(#2701),#2697,.T.);
#2697=PLANE('',#2698);
#2698=AXIS2_PLACEMENT_3D('',#272,#2699,#2700);
#2699=DIRECTION('',(-2.2204076231350647E-16,-2.2204079479690412E-16,-1));
#2700=DIRECTION('',(-0.1900369322817254,-0.9817769422679222,2.6019047788599823E-16));
#2701=FACE_BOUND('',#2702,.T.);
#2702=EDGE_LOOP('',(#2703,#2704,#2705));
#2703=ORIENTED_EDGE('',*,*,#2706,.T.);
#2704=ORIENTED_EDGE('',*,*,#2707,.T.);
#2705=ORIENTED_EDGE('',*,*,#2708,.T.);
#2706=EDGE_CURVE('',#273,#275,#2709,.F.);
#2707=EDGE_CURVE('',#275,#259,#2710,.T.);
#2708=EDGE_CURVE('',#259,#273,#2711,.T.);
#2709=LINE('',#272,#2712);
#2710=LINE('',#274,#2713);
#2711=LINE('',#258,#2714);
#2712=VECTOR('',#2715,1.0);
#2713=VECTOR('',#2716,1.0);
#2714=VECTOR('',#2717,1.0);
#2715=DIRECTION('',(-0.1900369322817254,-0.9817769422679222,2.6019047788599823E-16));
#2716=DIRECTION('',(-0.6957079558535758,0.7183247456144324,-5.021872573213248E-18));
#2717=DIRECTION('',(0.7012976217090362,-0.7128686034503482,2.569252762950902E-18));
#2718=FACE_SURFACE('',(#2723),#2719,.T.);
#2719=PLANE('',#2720);
#2720=AXIS2_PLACEMENT_3D('',#276,#2721,#2722);
#2721=DIRECTION('',(0,-0,1));
#2722=DIRECTION('',(0.6979647977118414,0.7161320696317602,0));
#2723=FACE_BOUND('',#2724,.T.);
#2724=EDGE_LOOP('',(#2725,#2726,#2727));
#2725=ORIENTED_EDGE('',*,*,#2728,.T.);
#2726=ORIENTED_EDGE('',*,*,#2729,.T.);
#2727=ORIENTED_EDGE('',*,*,#2730,.T.);
#2728=EDGE_CURVE('',#277,#53,#2731,.F.);
#2729=EDGE_CURVE('',#53,#263,#2732,.T.);
#2730=EDGE_CURVE('',#263,#277,#2733,.T.);
#2731=LINE('',#276,#2734);
#2732=LINE('',#52,#2735);
#2733=LINE('',#262,#2736);
#2734=VECTOR('',#2737,1.0);
#2735=VECTOR('',#2738,1.0);
#2736=VECTOR('',#2739,1.0);
#2737=DIRECTION('',(0.6979647977118414,0.7161320696317602,0));
#2738=DIRECTION('',(-0.7071069105953623,-0.707106651777709,0));
#2739=DIRECTION('',(0.6637125336103797,-0.7479877490497359,0));
#2740=FACE_SURFACE('',(#2745),#2741,.T.);
#2741=PLANE('',#2742);
#2742=AXIS2_PLACEMENT_3D('',#232,#2743,#2744);
#2743=DIRECTION('',(0,-0,1));
#2744=DIRECTION('',(0.6888952234216345,0.7248609322807075,0));
#2745=FACE_BOUND('',#2746,.T.);
#2746=EDGE_LOOP('',(#2747,#2748,#2749));
#2747=ORIENTED_EDGE('',*,*,#2750,.T.);
#2748=ORIENTED_EDGE('',*,*,#2751,.T.);
#2749=ORIENTED_EDGE('',*,*,#2752,.T.);
#2750=EDGE_CURVE('',#233,#53,#2753,.F.);
#2751=EDGE_CURVE('',#53,#277,#2754,.T.);
#2752=EDGE_CURVE('',#277,#233,#2755,.T.);
#2753=LINE('',#232,#2756);
#2754=LINE('',#52,#2757);
#2755=LINE('',#276,#2758);
#2756=VECTOR('',#2759,1.0);
#2757=VECTOR('',#2760,1.0);
#2758=VECTOR('',#2761,1.0);
#2759=DIRECTION('',(0.6888952234216345,0.7248609322807075,0));
#2760=DIRECTION('',(-0.6979647977118414,-0.7161320696317602,0));
#2761=DIRECTION('',(0.5571315068177726,-0.8304242795769873,0));
#2762=FACE_SURFACE('',(#2767),#2763,.T.);
#2763=PLANE('',#2764);
#2764=AXIS2_PLACEMENT_3D('',#278,#2765,#2766);
#2765=DIRECTION('',(-2.2204817038594922E-16,-2.2204808262464745E-16,-1));
#2766=DIRECTION('',(-0.3256497900402563,-0.9454904622716916,2.822542843523281E-16));
#2767=FACE_BOUND('',#2768,.T.);
#2768=EDGE_LOOP('',(#2769,#2770,#2771));
#2769=ORIENTED_EDGE('',*,*,#2772,.T.);
#2770=ORIENTED_EDGE('',*,*,#2773,.T.);
#2771=ORIENTED_EDGE('',*,*,#2774,.T.);
#2772=EDGE_CURVE('',#279,#273,#2775,.F.);
#2773=EDGE_CURVE('',#273,#259,#2776,.T.);
#2774=EDGE_CURVE('',#259,#279,#2777,.T.);
#2775=LINE('',#278,#2778);
#2776=LINE('',#272,#2779);
#2777=LINE('',#258,#2780);
#2778=VECTOR('',#2781,1.0);
#2779=VECTOR('',#2782,1.0);
#2780=VECTOR('',#2783,1.0);
#2781=DIRECTION('',(-0.3256497900402563,-0.9454904622716916,2.822542843523281E-16));
#2782=DIRECTION('',(-0.7012976217090362,0.7128686034503482,-2.569252762950902E-18));
#2783=DIRECTION('',(0.7074097303282154,-0.7068037021952853,-1.3462946813256008E-19));
#2784=FACE_SURFACE('',(#2789),#2785,.T.);
#2785=PLANE('',#2786);
#2786=AXIS2_PLACEMENT_3D('',#280,#2787,#2788);
#2787=DIRECTION('',(0,-0,1));
#2788=DIRECTION('',(0.2005161720228323,0.9796903922961121,0));
#2789=FACE_BOUND('',#2790,.T.);
#2790=EDGE_LOOP('',(#2791,#2792,#2793));
#2791=ORIENTED_EDGE('',*,*,#2794,.T.);
#2792=ORIENTED_EDGE('',*,*,#2795,.T.);
#2793=ORIENTED_EDGE('',*,*,#2796,.T.);
#2794=EDGE_CURVE('',#281,#217,#2797,.F.);
#2795=EDGE_CURVE('',#217,#283,#2798,.T.);
#2796=EDGE_CURVE('',#283,#281,#2799,.T.);
#2797=LINE('',#280,#2800);
#2798=LINE('',#216,#2801);
#2799=LINE('',#282,#2802);
#2800=VECTOR('',#2803,1.0);
#2801=VECTOR('',#2804,1.0);
#2802=VECTOR('',#2805,1.0);
#2803=DIRECTION('',(0.2005161720228323,0.9796903922961121,0));
#2804=DIRECTION('',(-0.20391397666178865,-0.9789888100085595,0));
#2805=DIRECTION('',(0.8985690693474205,-0.43883211779917664,0));
#2806=FACE_SURFACE('',(#2811),#2807,.T.);
#2807=PLANE('',#2808);
#2808=AXIS2_PLACEMENT_3D('',#176,#2809,#2810);
#2809=DIRECTION('',(0,0,1));
#2810=DIRECTION('',(-0.9980116663296811,0.06302946826567105,0));
#2811=FACE_BOUND('',#2812,.T.);
#2812=EDGE_LOOP('',(#2813,#2814,#2815));
#2813=ORIENTED_EDGE('',*,*,#2816,.T.);
#2814=ORIENTED_EDGE('',*,*,#2817,.T.);
#2815=ORIENTED_EDGE('',*,*,#2818,.T.);
#2816=EDGE_CURVE('',#177,#285,#2819,.F.);
#2817=EDGE_CURVE('',#285,#287,#2820,.T.);
#2818=EDGE_CURVE('',#287,#177,#2821,.T.);
#2819=LINE('',#176,#2822);
#2820=LINE('',#284,#2823);
#2821=LINE('',#286,#2824);
#2822=VECTOR('',#2825,1.0);
#2823=VECTOR('',#2826,1.0);
#2824=VECTOR('',#2827,1.0);
#2825=DIRECTION('',(-0.9980116663296811,0.06302946826567105,0));
#2826=DIRECTION('',(-0.36132318684675374,-0.9324406440341958,0));
#2827=DIRECTION('',(0.3653488126137842,0.9308706919447503,0));
#2828=FACE_SURFACE('',(#2833),#2829,.T.);
#2829=PLANE('',#2830);
#2830=AXIS2_PLACEMENT_3D('',#288,#2831,#2832);
#2831=DIRECTION('',(0,-0,1));
#2832=DIRECTION('',(0.19729407434675855,0.9803443518619647,0));
#2833=FACE_BOUND('',#2834,.T.);
#2834=EDGE_LOOP('',(#2835,#2836,#2837));
#2835=ORIENTED_EDGE('',*,*,#2838,.T.);
#2836=ORIENTED_EDGE('',*,*,#2839,.T.);
#2837=ORIENTED_EDGE('',*,*,#2840,.T.);
#2838=EDGE_CURVE('',#289,#217,#2841,.F.);
#2839=EDGE_CURVE('',#217,#281,#2842,.T.);
#2840=EDGE_CURVE('',#281,#289,#2843,.T.);
#2841=LINE('',#288,#2844);
#2842=LINE('',#216,#2845);
#2843=LINE('',#280,#2846);
#2844=VECTOR('',#2847,1.0);
#2845=VECTOR('',#2848,1.0);
#2846=VECTOR('',#2849,1.0);
#2847=DIRECTION('',(0.19729407434675855,0.9803443518619647,0));
#2848=DIRECTION('',(-0.2005161720228323,-0.9796903922961121,0));
#2849=DIRECTION('',(0.8304273323646918,-0.557126956502431,0));
#2850=FACE_SURFACE('',(#2855),#2851,.T.);
#2851=PLANE('',#2852);
#2852=AXIS2_PLACEMENT_3D('',#286,#2853,#2854);
#2853=DIRECTION('',(-0,0,1));
#2854=DIRECTION('',(0.7460217271682356,-0.6659216039391744,0));
#2855=FACE_BOUND('',#2856,.T.);
#2856=EDGE_LOOP('',(#2857,#2858,#2859));
#2857=ORIENTED_EDGE('',*,*,#2860,.T.);
#2858=ORIENTED_EDGE('',*,*,#2861,.T.);
#2859=ORIENTED_EDGE('',*,*,#2862,.T.);
#2860=EDGE_CURVE('',#287,#173,#2863,.F.);
#2861=EDGE_CURVE('',#173,#177,#2864,.T.);
#2862=EDGE_CURVE('',#177,#287,#2865,.T.);
#2863=LINE('',#286,#2866);
#2864=LINE('',#172,#2867);
#2865=LINE('',#176,#2868);
#2866=VECTOR('',#2869,1.0);
#2867=VECTOR('',#2870,1.0);
#2868=VECTOR('',#2871,1.0);
#2869=DIRECTION('',(0.7460217271682356,-0.6659216039391744,0));
#2870=DIRECTION('',(0.010629963320288326,0.9999435003437992,0));
#2871=DIRECTION('',(-0.3653488126137842,-0.9308706919447503,0));
#2872=FACE_SURFACE('',(#2877),#2873,.T.);
#2873=PLANE('',#2874);
#2874=AXIS2_PLACEMENT_3D('',#174,#2875,#2876);
#2875=DIRECTION('',(0,0,1));
#2876=DIRECTION('',(0.9817814258104299,0.19001376774760106,0));
#2877=FACE_BOUND('',#2878,.T.);
#2878=EDGE_LOOP('',(#2879,#2880,#2881));
#2879=ORIENTED_EDGE('',*,*,#2882,.T.);
#2880=ORIENTED_EDGE('',*,*,#2883,.T.);
#2881=ORIENTED_EDGE('',*,*,#2884,.T.);
#2882=EDGE_CURVE('',#175,#179,#2885,.F.);
#2883=EDGE_CURVE('',#179,#177,#2886,.T.);
#2884=EDGE_CURVE('',#177,#175,#2887,.T.);
#2885=LINE('',#174,#2888);
#2886=LINE('',#178,#2889);
#2887=LINE('',#176,#2890);
#2888=VECTOR('',#2891,1.0);
#2889=VECTOR('',#2892,1.0);
#2890=VECTOR('',#2893,1.0);
#2891=DIRECTION('',(0.9817814258104299,0.19001376774760106,0));
#2892=DIRECTION('',(0.0036394443336265716,0.9999933772005405,0));
#2893=DIRECTION('',(-0.007197352861103702,-0.9999740987204583,0));
#2894=FACE_SURFACE('',(#2899),#2895,.T.);
#2895=PLANE('',#2896);
#2896=AXIS2_PLACEMENT_3D('',#290,#2897,#2898);
#2897=DIRECTION('',(0,-0,1));
#2898=DIRECTION('',(0.19429462963203395,0.9809432179775498,0));
#2899=FACE_BOUND('',#2900,.T.);
#2900=EDGE_LOOP('',(#2901,#2902,#2903));
#2901=ORIENTED_EDGE('',*,*,#2904,.T.);
#2902=ORIENTED_EDGE('',*,*,#2905,.T.);
#2903=ORIENTED_EDGE('',*,*,#2906,.T.);
#2904=EDGE_CURVE('',#291,#217,#2907,.F.);
#2905=EDGE_CURVE('',#217,#289,#2908,.T.);
#2906=EDGE_CURVE('',#289,#291,#2909,.T.);
#2907=LINE('',#290,#2910);
#2908=LINE('',#216,#2911);
#2909=LINE('',#288,#2912);
#2910=VECTOR('',#2913,1.0);
#2911=VECTOR('',#2914,1.0);
#2912=VECTOR('',#2915,1.0);
#2913=DIRECTION('',(0.19429462963203395,0.9809432179775498,0));
#2914=DIRECTION('',(-0.19729407434675855,-0.9803443518619647,0));
#2915=DIRECTION('',(0.7479877490497359,-0.6637125336103797,0));
#2916=FACE_SURFACE('',(#2921),#2917,.T.);
#2917=PLANE('',#2918);
#2918=AXIS2_PLACEMENT_3D('',#292,#2919,#2920);
#2919=DIRECTION('',(-2.2204006901097064E-16,-2.220446984406777E-16,-1));
#2920=DIRECTION('',(0.9817799717682484,-0.19002128047862832,-1.758012747638222E-16));
#2921=FACE_BOUND('',#2922,.T.);
#2922=EDGE_LOOP('',(#2923,#2924,#2925));
#2923=ORIENTED_EDGE('',*,*,#2926,.T.);
#2924=ORIENTED_EDGE('',*,*,#2927,.T.);
#2925=ORIENTED_EDGE('',*,*,#2928,.T.);
#2926=EDGE_CURVE('',#293,#213,#2929,.F.);
#2927=EDGE_CURVE('',#213,#295,#2930,.T.);
#2928=EDGE_CURVE('',#295,#293,#2931,.T.);
#2929=LINE('',#292,#2932);
#2930=LINE('',#212,#2933);
#2931=LINE('',#294,#2934);
#2932=VECTOR('',#2935,1.0);
#2933=VECTOR('',#2936,1.0);
#2934=VECTOR('',#2937,1.0);
#2935=DIRECTION('',(0.9817799717682484,-0.19002128047862832,-1.758012747638222E-16));
#2936=DIRECTION('',(-0.027758580231922764,-0.9996146563668962,2.281226520002118E-16));
#2937=DIRECTION('',(0.02418345912860384,0.999707537385097,-2.273494556013856E-16));
#2938=FACE_SURFACE('',(#2943),#2939,.T.);
#2939=PLANE('',#2940);
#2940=AXIS2_PLACEMENT_3D('',#294,#2941,#2942);
#2941=DIRECTION('',(-2.220491835134004E-16,-2.2204447795599716E-16,-1));
#2942=DIRECTION('',(-0.9817799717682484,-0.19002128047862832,2.60196617145356E-16));
#2943=FACE_BOUND('',#2944,.T.);
#2944=EDGE_LOOP('',(#2945,#2946,#2947));
#2945=ORIENTED_EDGE('',*,*,#2948,.T.);
#2946=ORIENTED_EDGE('',*,*,#2949,.T.);
#2947=ORIENTED_EDGE('',*,*,#2950,.T.);
#2948=EDGE_CURVE('',#295,#297,#2951,.F.);
#2949=EDGE_CURVE('',#297,#293,#2952,.T.);
#2950=EDGE_CURVE('',#293,#295,#2953,.T.);
#2951=LINE('',#294,#2954);
#2952=LINE('',#296,#2955);
#2953=LINE('',#292,#2956);
#2954=VECTOR('',#2957,1.0);
#2955=VECTOR('',#2958,1.0);
#2956=VECTOR('',#2959,1.0);
#2957=DIRECTION('',(-0.9817799717682484,-0.19002128047862832,2.60196617145356E-16));
#2958=DIRECTION('',(0.027720387107838744,0.9996157162322887,-2.281144391913797E-16));
#2959=DIRECTION('',(-0.02418345912860384,-0.999707537385097,2.273494556013856E-16));
#2960=FACE_SURFACE('',(#2965),#2961,.T.);
#2961=PLANE('',#2962);
#2962=AXIS2_PLACEMENT_3D('',#270,#2963,#2964);
#2963=DIRECTION('',(0,-0,1));
#2964=DIRECTION('',(0.18699821893937937,0.9823602527146036,0));
#2965=FACE_BOUND('',#2966,.T.);
#2966=EDGE_LOOP('',(#2967,#2968,#2969));
#2967=ORIENTED_EDGE('',*,*,#2970,.T.);
#2968=ORIENTED_EDGE('',*,*,#2971,.T.);
#2969=ORIENTED_EDGE('',*,*,#2972,.T.);
#2970=EDGE_CURVE('',#271,#217,#2973,.F.);
#2971=EDGE_CURVE('',#217,#299,#2974,.T.);
#2972=EDGE_CURVE('',#299,#271,#2975,.T.);
#2973=LINE('',#270,#2976);
#2974=LINE('',#216,#2977);
#2975=LINE('',#298,#2978);
#2976=VECTOR('',#2979,1.0);
#2977=VECTOR('',#2980,1.0);
#2978=VECTOR('',#2981,1.0);
#2979=DIRECTION('',(0.18699821893937937,0.9823602527146036,0));
#2980=DIRECTION('',(-0.18908831484106253,-0.9819600853347182,0));
#2981=DIRECTION('',(0.43883585982299034,-0.8985672418541735,0));
#2982=FACE_SURFACE('',(#2987),#2983,.T.);
#2983=PLANE('',#2984);
#2984=AXIS2_PLACEMENT_3D('',#300,#2985,#2986);
#2985=DIRECTION('',(-0,0,1));
#2986=DIRECTION('',(0.5571315068177726,-0.8304242795769873,0));
#2987=FACE_BOUND('',#2988,.T.);
#2988=EDGE_LOOP('',(#2989,#2990,#2991));
#2989=ORIENTED_EDGE('',*,*,#2992,.T.);
#2990=ORIENTED_EDGE('',*,*,#2993,.T.);
#2991=ORIENTED_EDGE('',*,*,#2994,.T.);
#2992=EDGE_CURVE('',#301,#299,#2995,.F.);
#2993=EDGE_CURVE('',#299,#217,#2996,.T.);
#2994=EDGE_CURVE('',#217,#301,#2997,.T.);
#2995=LINE('',#300,#2998);
#2996=LINE('',#298,#2999);
#2997=LINE('',#216,#3000);
#2998=VECTOR('',#3001,1.0);
#2999=VECTOR('',#3002,1.0);
#3000=VECTOR('',#3003,1.0);
#3001=DIRECTION('',(0.5571315068177726,-0.8304242795769873,0));
#3002=DIRECTION('',(0.18908831484106253,0.9819600853347182,0));
#3003=DIRECTION('',(-0.19153492948357767,-0.9814857975476369,0));
#3004=FACE_SURFACE('',(#3009),#3005,.T.);
#3005=PLANE('',#3006);
#3006=AXIS2_PLACEMENT_3D('',#300,#3007,#3008);
#3007=DIRECTION('',(0,-0,1));
#3008=DIRECTION('',(0.19153492948357767,0.9814857975476369,0));
#3009=FACE_BOUND('',#3010,.T.);
#3010=EDGE_LOOP('',(#3011,#3012,#3013));
#3011=ORIENTED_EDGE('',*,*,#3014,.T.);
#3012=ORIENTED_EDGE('',*,*,#3015,.T.);
#3013=ORIENTED_EDGE('',*,*,#3016,.T.);
#3014=EDGE_CURVE('',#301,#217,#3017,.F.);
#3015=EDGE_CURVE('',#217,#291,#3018,.T.);
#3016=EDGE_CURVE('',#291,#301,#3019,.T.);
#3017=LINE('',#300,#3020);
#3018=LINE('',#216,#3021);
#3019=LINE('',#290,#3022);
#3020=VECTOR('',#3023,1.0);
#3021=VECTOR('',#3024,1.0);
#3022=VECTOR('',#3025,1.0);
#3023=DIRECTION('',(0.19153492948357767,0.9814857975476369,0));
#3024=DIRECTION('',(-0.19429462963203395,-0.9809432179775498,0));
#3025=DIRECTION('',(0.6637075457536028,-0.747992174898728,0));
#3026=FACE_SURFACE('',(#3031),#3027,.T.);
#3027=PLANE('',#3028);
#3028=AXIS2_PLACEMENT_3D('',#234,#3029,#3030);
#3029=DIRECTION('',(-0.7479877490497358,0.6637125336103796,0));
#3030=DIRECTION('',(-0.02098940489398396,-0.02365454458896939,-0.9994998286155354));
#3031=FACE_BOUND('',#3032,.T.);
#3032=EDGE_LOOP('',(#3033,#3034,#3035));
#3033=ORIENTED_EDGE('',*,*,#3036,.T.);
#3034=ORIENTED_EDGE('',*,*,#3037,.T.);
#3035=ORIENTED_EDGE('',*,*,#3038,.T.);
#3036=EDGE_CURVE('',#235,#303,#3039,.F.);
#3037=EDGE_CURVE('',#303,#253,#3040,.T.);
#3038=EDGE_CURVE('',#253,#235,#3041,.T.);
#3039=LINE('',#234,#3042);
#3040=LINE('',#302,#3043);
#3041=LINE('',#252,#3044);
#3042=VECTOR('',#3045,1.0);
#3043=VECTOR('',#3046,1.0);
#3044=VECTOR('',#3047,1.0);
#3045=DIRECTION('',(-0.02098940489398396,-0.02365454458896939,-0.9994998286155354));
#3046=DIRECTION('',(0,0,1));
#3047=DIRECTION('',(0.6637125336103797,0.7479877490497359,0));
#3048=FACE_SURFACE('',(#3053),#3049,.T.);
#3049=PLANE('',#3050);
#3050=AXIS2_PLACEMENT_3D('',#304,#3051,#3052);
#3051=DIRECTION('',(0,0,1));
#3052=DIRECTION('',(-0.7479877490497359,0.6637125336103797,0));
#3053=FACE_BOUND('',#3054,.T.);
#3054=EDGE_LOOP('',(#3055,#3056,#3057));
#3055=ORIENTED_EDGE('',*,*,#3058,.T.);
#3056=ORIENTED_EDGE('',*,*,#3059,.T.);
#3057=ORIENTED_EDGE('',*,*,#3060,.T.);
#3058=EDGE_CURVE('',#305,#307,#3061,.F.);
#3059=EDGE_CURVE('',#307,#309,#3062,.T.);
#3060=EDGE_CURVE('',#309,#305,#3063,.T.);
#3061=LINE('',#304,#3064);
#3062=LINE('',#306,#3065);
#3063=LINE('',#308,#3066);
#3064=VECTOR('',#3067,1.0);
#3065=VECTOR('',#3068,1.0);
#3066=VECTOR('',#3069,1.0);
#3067=DIRECTION('',(-0.7479877490497359,0.6637125336103797,0));
#3068=DIRECTION('',(-0.7271792636361271,-0.6864476080063356,0));
#3069=DIRECTION('',(0.7337324470572726,0.6794385153458306,0));
#3070=FACE_SURFACE('',(#3075),#3071,.T.);
#3071=PLANE('',#3072);
#3072=AXIS2_PLACEMENT_3D('',#310,#3073,#3074);
#3073=DIRECTION('',(-0,0,1));
#3074=DIRECTION('',(0.7474386984027229,-0.6643307851741055,0));
#3075=FACE_BOUND('',#3076,.T.);
#3076=EDGE_LOOP('',(#3077,#3078,#3079));
#3077=ORIENTED_EDGE('',*,*,#3080,.T.);
#3078=ORIENTED_EDGE('',*,*,#3081,.T.);
#3079=ORIENTED_EDGE('',*,*,#3082,.T.);
#3080=EDGE_CURVE('',#311,#153,#3083,.F.);
#3081=EDGE_CURVE('',#153,#313,#3084,.T.);
#3082=EDGE_CURVE('',#313,#311,#3085,.T.);
#3083=LINE('',#310,#3086);
#3084=LINE('',#152,#3087);
#3085=LINE('',#312,#3088);
#3086=VECTOR('',#3089,1.0);
#3087=VECTOR('',#3090,1.0);
#3088=VECTOR('',#3091,1.0);
#3089=DIRECTION('',(0.7474386984027229,-0.6643307851741055,0));
#3090=DIRECTION('',(-0.7407145242504952,0.671819911556931,0));
#3091=DIRECTION('',(-0.9817780934682556,-0.19003098480468153,0));
#3092=FACE_SURFACE('',(#3097),#3093,.T.);
#3093=PLANE('',#3094);
#3094=AXIS2_PLACEMENT_3D('',#314,#3095,#3096);
#3095=DIRECTION('',(-0.6637181547720364,0.7479827611823704,0));
#3096=DIRECTION('',(0.02365454443121569,0.020989722486440734,0.999499821949806));
#3097=FACE_BOUND('',#3098,.T.);
#3098=EDGE_LOOP('',(#3099,#3100,#3101));
#3099=ORIENTED_EDGE('',*,*,#3102,.T.);
#3100=ORIENTED_EDGE('',*,*,#3103,.T.);
#3101=ORIENTED_EDGE('',*,*,#3104,.T.);
#3102=EDGE_CURVE('',#315,#253,#3105,.F.);
#3103=EDGE_CURVE('',#253,#303,#3106,.T.);
#3104=EDGE_CURVE('',#303,#315,#3107,.T.);
#3105=LINE('',#314,#3108);
#3106=LINE('',#252,#3109);
#3107=LINE('',#302,#3110);
#3108=VECTOR('',#3111,1.0);
#3109=VECTOR('',#3112,1.0);
#3110=VECTOR('',#3113,1.0);
#3111=DIRECTION('',(0.02365454443121569,0.020989722486440734,0.999499821949806));
#3112=DIRECTION('',(0,0,-1));
#3113=DIRECTION('',(-0.7479827611823705,-0.6637181547720366,3.134583412622046E-16));
#3114=FACE_SURFACE('',(#3119),#3115,.T.);
#3115=PLANE('',#3116);
#3116=AXIS2_PLACEMENT_3D('',#296,#3117,#3118);
#3117=DIRECTION('',(-2.220493559290666E-16,-2.2204447348643633E-16,-1));
#3118=DIRECTION('',(-0.9454842926142162,-0.3256677024511265,2.8225689173833364E-16));
#3119=FACE_BOUND('',#3120,.T.);
#3120=EDGE_LOOP('',(#3121,#3122,#3123));
#3121=ORIENTED_EDGE('',*,*,#3124,.T.);
#3122=ORIENTED_EDGE('',*,*,#3125,.T.);
#3123=ORIENTED_EDGE('',*,*,#3126,.T.);
#3124=EDGE_CURVE('',#297,#317,#3127,.F.);
#3125=EDGE_CURVE('',#317,#319,#3128,.T.);
#3126=EDGE_CURVE('',#319,#297,#3129,.T.);
#3127=LINE('',#296,#3130);
#3128=LINE('',#316,#3131);
#3129=LINE('',#318,#3132);
#3130=VECTOR('',#3133,1.0);
#3131=VECTOR('',#3134,1.0);
#3132=VECTOR('',#3135,1.0);
#3133=DIRECTION('',(-0.9454842926142162,-0.3256677024511265,2.8225689173833364E-16));
#3134=DIRECTION('',(0.0276548541889109,0.999617531378772,-2.2810029100377057E-16));
#3135=DIRECTION('',(-0.02425266357160441,-0.999705860895935,2.2736444984958153E-16));
#3136=FACE_SURFACE('',(#3141),#3137,.T.);
#3137=PLANE('',#3138);
#3138=AXIS2_PLACEMENT_3D('',#306,#3139,#3140);
#3139=DIRECTION('',(0,0,1));
#3140=DIRECTION('',(-0.6637075457536028,0.747992174898728,0));
#3141=FACE_BOUND('',#3142,.T.);
#3142=EDGE_LOOP('',(#3143,#3144,#3145));
#3143=ORIENTED_EDGE('',*,*,#3146,.T.);
#3144=ORIENTED_EDGE('',*,*,#3147,.T.);
#3145=ORIENTED_EDGE('',*,*,#3148,.T.);
#3146=EDGE_CURVE('',#307,#321,#3149,.F.);
#3147=EDGE_CURVE('',#321,#309,#3150,.T.);
#3148=EDGE_CURVE('',#309,#307,#3151,.T.);
#3149=LINE('',#306,#3152);
#3150=LINE('',#320,#3153);
#3151=LINE('',#308,#3154);
#3152=VECTOR('',#3155,1.0);
#3153=VECTOR('',#3156,1.0);
#3154=VECTOR('',#3157,1.0);
#3155=DIRECTION('',(-0.6637075457536028,0.747992174898728,0));
#3156=DIRECTION('',(-0.7205324515875812,-0.6934212184590185,0));
#3157=DIRECTION('',(0.7271792636361271,0.6864476080063356,0));
#3158=FACE_SURFACE('',(#3163),#3159,.T.);
#3159=PLANE('',#3160);
#3160=AXIS2_PLACEMENT_3D('',#322,#3161,#3162);
#3161=DIRECTION('',(0,0,1));
#3162=DIRECTION('',(-0.8304397783464071,0.5571084046574509,0));
#3163=FACE_BOUND('',#3164,.T.);
#3164=EDGE_LOOP('',(#3165,#3166,#3167));
#3165=ORIENTED_EDGE('',*,*,#3168,.T.);
#3166=ORIENTED_EDGE('',*,*,#3169,.T.);
#3167=ORIENTED_EDGE('',*,*,#3170,.T.);
#3168=EDGE_CURVE('',#323,#305,#3171,.F.);
#3169=EDGE_CURVE('',#305,#309,#3172,.T.);
#3170=EDGE_CURVE('',#309,#323,#3173,.T.);
#3171=LINE('',#322,#3174);
#3172=LINE('',#304,#3175);
#3173=LINE('',#308,#3176);
#3174=VECTOR('',#3177,1.0);
#3175=VECTOR('',#3178,1.0);
#3176=VECTOR('',#3179,1.0);
#3177=DIRECTION('',(-0.8304397783464071,0.5571084046574509,0));
#3178=DIRECTION('',(-0.7337324470572726,-0.6794385153458306,0));
#3179=DIRECTION('',(0.7400683127176841,0.6725317037219881,0));
#3180=FACE_SURFACE('',(#3185),#3181,.T.);
#3181=PLANE('',#3182);
#3182=AXIS2_PLACEMENT_3D('',#250,#3183,#3184);
#3183=DIRECTION('',(0,0,1));
#3184=DIRECTION('',(-0.9454842926142162,-0.3256677024511265,0));
#3185=FACE_BOUND('',#3186,.T.);
#3186=EDGE_LOOP('',(#3187,#3188,#3189));
#3187=ORIENTED_EDGE('',*,*,#3190,.T.);
#3188=ORIENTED_EDGE('',*,*,#3191,.T.);
#3189=ORIENTED_EDGE('',*,*,#3192,.T.);
#3190=EDGE_CURVE('',#251,#313,#3193,.F.);
#3191=EDGE_CURVE('',#313,#153,#3194,.T.);
#3192=EDGE_CURVE('',#153,#251,#3195,.T.);
#3193=LINE('',#250,#3196);
#3194=LINE('',#312,#3197);
#3195=LINE('',#152,#3198);
#3196=VECTOR('',#3199,1.0);
#3197=VECTOR('',#3200,1.0);
#3198=VECTOR('',#3201,1.0);
#3199=DIRECTION('',(-0.9454842926142162,-0.3256677024511265,0));
#3200=DIRECTION('',(0.7407145242504952,-0.671819911556931,0));
#3201=DIRECTION('',(-0.7331242900747411,0.6800946811308017,0));
#3202=FACE_SURFACE('',(#3207),#3203,.T.);
#3203=PLANE('',#3204);
#3204=AXIS2_PLACEMENT_3D('',#152,#3205,#3206);
#3205=DIRECTION('',(0,0,1));
#3206=DIRECTION('',(-0.7474386984027229,0.6643307851741055,0));
#3207=FACE_BOUND('',#3208,.T.);
#3208=EDGE_LOOP('',(#3209,#3210,#3211));
#3209=ORIENTED_EDGE('',*,*,#3212,.T.);
#3210=ORIENTED_EDGE('',*,*,#3213,.T.);
#3211=ORIENTED_EDGE('',*,*,#3214,.T.);
#3212=EDGE_CURVE('',#153,#311,#3215,.F.);
#3213=EDGE_CURVE('',#311,#325,#3216,.T.);
#3214=EDGE_CURVE('',#325,#153,#3217,.T.);
#3215=LINE('',#152,#3218);
#3216=LINE('',#310,#3219);
#3217=LINE('',#324,#3220);
#3218=VECTOR('',#3221,1.0);
#3219=VECTOR('',#3222,1.0);
#3220=VECTOR('',#3223,1.0);
#3221=DIRECTION('',(-0.7474386984027229,0.6643307851741055,0));
#3222=DIRECTION('',(-0.9980118255304575,-0.06302694742222241,0));
#3223=DIRECTION('',(0.7533180987812462,-0.6576563251795032,0));
#3224=FACE_SURFACE('',(#3229),#3225,.T.);
#3225=PLANE('',#3226);
#3226=AXIS2_PLACEMENT_3D('',#326,#3227,#3228);
#3227=DIRECTION('',(-2.2204631932618085E-16,-2.2204622997774206E-16,-1));
#3228=DIRECTION('',(-0.43883585982299034,-0.8985672418541735,2.9696535589725204E-16));
#3229=FACE_BOUND('',#3230,.T.);
#3230=EDGE_LOOP('',(#3231,#3232,#3233));
#3231=ORIENTED_EDGE('',*,*,#3234,.T.);
#3232=ORIENTED_EDGE('',*,*,#3235,.T.);
#3233=ORIENTED_EDGE('',*,*,#3236,.T.);
#3234=EDGE_CURVE('',#327,#279,#3237,.F.);
#3235=EDGE_CURVE('',#279,#259,#3238,.T.);
#3236=EDGE_CURVE('',#259,#327,#3239,.T.);
#3237=LINE('',#326,#3240);
#3238=LINE('',#278,#3241);
#3239=LINE('',#258,#3242);
#3240=VECTOR('',#3243,1.0);
#3241=VECTOR('',#3244,1.0);
#3242=VECTOR('',#3245,1.0);
#3243=DIRECTION('',(-0.43883585982299034,-0.8985672418541735,2.9696535589725204E-16));
#3244=DIRECTION('',(-0.7074097303282154,0.7068037021952853,1.3462946813256008E-19));
#3245=DIRECTION('',(0.7138650123821336,-0.7002833313000217,-3.0158248637673254E-18));
#3246=FACE_SURFACE('',(#3251),#3247,.T.);
#3247=PLANE('',#3248);
#3248=AXIS2_PLACEMENT_3D('',#328,#3249,#3250);
#3249=DIRECTION('',(-2.2204150585690255E-16,-2.2204132315338633E-16,-1));
#3250=DIRECTION('',(-0.5571315068177726,-0.8304242795769873,3.0809482455011525E-16));
#3251=FACE_BOUND('',#3252,.T.);
#3252=EDGE_LOOP('',(#3253,#3254,#3255));
#3253=ORIENTED_EDGE('',*,*,#3256,.T.);
#3254=ORIENTED_EDGE('',*,*,#3257,.T.);
#3255=ORIENTED_EDGE('',*,*,#3258,.T.);
#3256=EDGE_CURVE('',#329,#327,#3259,.F.);
#3257=EDGE_CURVE('',#327,#259,#3260,.T.);
#3258=EDGE_CURVE('',#259,#329,#3261,.T.);
#3259=LINE('',#328,#3262);
#3260=LINE('',#326,#3263);
#3261=LINE('',#258,#3264);
#3262=VECTOR('',#3265,1.0);
#3263=VECTOR('',#3266,1.0);
#3264=VECTOR('',#3267,1.0);
#3265=DIRECTION('',(-0.5571315068177726,-0.8304242795769873,3.0809482455011525E-16));
#3266=DIRECTION('',(-0.7138650123821336,0.7002833313000217,3.0158248637673254E-18));
#3267=DIRECTION('',(0.7204817238916364,-0.6934739256368158,-5.99697889450446E-18));
#3268=FACE_SURFACE('',(#3273),#3269,.T.);
#3269=PLANE('',#3270);
#3270=AXIS2_PLACEMENT_3D('',#330,#3271,#3272);
#3271=DIRECTION('',(-2.22028541891634E-16,-2.2202783459344303E-16,-1));
#3272=DIRECTION('',(-0.7206910725132126,0.6932563580665925,6.0917799847643325E-18));
#3273=FACE_BOUND('',#3274,.T.);
#3274=EDGE_LOOP('',(#3275,#3276,#3277));
#3275=ORIENTED_EDGE('',*,*,#3278,.T.);
#3276=ORIENTED_EDGE('',*,*,#3279,.T.);
#3277=ORIENTED_EDGE('',*,*,#3280,.T.);
#3278=EDGE_CURVE('',#331,#55,#3281,.F.);
#3279=EDGE_CURVE('',#55,#333,#3282,.T.);
#3280=EDGE_CURVE('',#333,#331,#3283,.T.);
#3281=LINE('',#330,#3284);
#3282=LINE('',#54,#3285);
#3283=LINE('',#332,#3286);
#3284=VECTOR('',#3287,1.0);
#3285=VECTOR('',#3288,1.0);
#3286=VECTOR('',#3289,1.0);
#3287=DIRECTION('',(-0.7206910725132126,0.6932563580665925,6.0917799847643325E-18));
#3288=DIRECTION('',(0.7251501778812625,-0.6885907489349341,-8.117723740335118E-18));
#3289=DIRECTION('',(0.18999811557599663,-0.9817844549989423,1.757984720174221E-16));
#3290=FACE_SURFACE('',(#3295),#3291,.T.);
#3291=PLANE('',#3292);
#3292=AXIS2_PLACEMENT_3D('',#334,#3293,#3294);
#3293=DIRECTION('',(0,0,1));
#3294=DIRECTION('',(0.9973692980977401,-0.07248781423122974,0));
#3295=FACE_BOUND('',#3296,.T.);
#3296=EDGE_LOOP('',(#3297,#3298,#3299));
#3297=ORIENTED_EDGE('',*,*,#3300,.T.);
#3298=ORIENTED_EDGE('',*,*,#3301,.T.);
#3299=ORIENTED_EDGE('',*,*,#3302,.T.);
#3300=EDGE_CURVE('',#335,#153,#3303,.F.);
#3301=EDGE_CURVE('',#153,#337,#3304,.T.);
#3302=EDGE_CURVE('',#337,#335,#3305,.T.);
#3303=LINE('',#334,#3306);
#3304=LINE('',#152,#3307);
#3305=LINE('',#336,#3308);
#3306=VECTOR('',#3309,1.0);
#3307=VECTOR('',#3310,1.0);
#3308=VECTOR('',#3311,1.0);
#3309=DIRECTION('',(0.9973692980977401,-0.07248781423122974,0));
#3310=DIRECTION('',(-0.7650467671252094,0.6439747231928173,0));
#3311=DIRECTION('',(-0.9999989263280393,0.001465381441302937,0));
#3312=FACE_SURFACE('',(#3317),#3313,.T.);
#3313=PLANE('',#3314);
#3314=AXIS2_PLACEMENT_3D('',#338,#3315,#3316);
#3315=DIRECTION('',(0,0,1));
#3316=DIRECTION('',(-0.9817795476561741,0.19002347171872733,0));
#3317=FACE_BOUND('',#3318,.T.);
#3318=EDGE_LOOP('',(#3319,#3320,#3321));
#3319=ORIENTED_EDGE('',*,*,#3322,.T.);
#3320=ORIENTED_EDGE('',*,*,#3323,.T.);
#3321=ORIENTED_EDGE('',*,*,#3324,.T.);
#3322=EDGE_CURVE('',#339,#341,#3325,.F.);
#3323=EDGE_CURVE('',#341,#153,#3326,.T.);
#3324=EDGE_CURVE('',#153,#339,#3327,.T.);
#3325=LINE('',#338,#3328);
#3326=LINE('',#340,#3329);
#3327=LINE('',#152,#3330);
#3328=VECTOR('',#3331,1.0);
#3329=VECTOR('',#3332,1.0);
#3330=VECTOR('',#3333,1.0);
#3331=DIRECTION('',(-0.9817795476561741,0.19002347171872733,0));
#3332=DIRECTION('',(0.7621969630797952,-0.6473451857177416,0));
#3333=DIRECTION('',(-0.758262483394194,0.6519493893523252,0));
#3334=FACE_SURFACE('',(#3339),#3335,.T.);
#3335=PLANE('',#3336);
#3336=AXIS2_PLACEMENT_3D('',#342,#3337,#3338);
#3337=DIRECTION('',(-2.2204649031146213E-16,-2.2204669503062307E-16,-1));
#3338=DIRECTION('',(-0.7303924324503014,0.6830277407392266,1.0517023730262578E-17));
#3339=FACE_BOUND('',#3340,.T.);
#3340=EDGE_LOOP('',(#3341,#3342,#3343));
#3341=ORIENTED_EDGE('',*,*,#3344,.T.);
#3342=ORIENTED_EDGE('',*,*,#3345,.T.);
#3343=ORIENTED_EDGE('',*,*,#3346,.T.);
#3344=EDGE_CURVE('',#343,#55,#3347,.F.);
#3345=EDGE_CURVE('',#55,#345,#3348,.T.);
#3346=EDGE_CURVE('',#345,#343,#3349,.T.);
#3347=LINE('',#342,#3350);
#3348=LINE('',#54,#3351);
#3349=LINE('',#344,#3352);
#3350=VECTOR('',#3353,1.0);
#3351=VECTOR('',#3354,1.0);
#3352=VECTOR('',#3355,1.0);
#3353=DIRECTION('',(-0.7303924324503014,0.6830277407392266,1.0517023730262578E-17));
#3354=DIRECTION('',(0.7364505566882963,-0.6764913728596238,-1.331358784035025E-17));
#3355=DIRECTION('',(-0.07348446814677068,-0.9972963616404034,2.377633293127115E-16));
#3356=FACE_SURFACE('',(#3361),#3357,.T.);
#3357=PLANE('',#3358);
#3358=AXIS2_PLACEMENT_3D('',#336,#3359,#3360);
#3359=DIRECTION('',(0,0,1));
#3360=DIRECTION('',(-0.8985653228989117,0.43883978908432475,0));
#3361=FACE_BOUND('',#3362,.T.);
#3362=EDGE_LOOP('',(#3363,#3364,#3365));
#3363=ORIENTED_EDGE('',*,*,#3366,.T.);
#3364=ORIENTED_EDGE('',*,*,#3367,.T.);
#3365=ORIENTED_EDGE('',*,*,#3368,.T.);
#3366=EDGE_CURVE('',#337,#347,#3369,.F.);
#3367=EDGE_CURVE('',#347,#335,#3370,.T.);
#3368=EDGE_CURVE('',#335,#337,#3371,.T.);
#3369=LINE('',#336,#3372);
#3370=LINE('',#346,#3373);
#3371=LINE('',#334,#3374);
#3372=VECTOR('',#3375,1.0);
#3373=VECTOR('',#3376,1.0);
#3374=VECTOR('',#3377,1.0);
#3375=DIRECTION('',(-0.8985653228989117,0.43883978908432475,0));
#3376=DIRECTION('',(-0.9999996649361043,0.0008186132659401185,0));
#3377=DIRECTION('',(0.9999989263280393,-0.001465381441302937,0));
#3378=FACE_SURFACE('',(#3383),#3379,.T.);
#3379=PLANE('',#3380);
#3380=AXIS2_PLACEMENT_3D('',#348,#3381,#3382);
#3381=DIRECTION('',(-2.2203816123273732E-16,-2.2203741310043707E-16,-1));
#3382=DIRECTION('',(-0.7430115789579409,0.6692785619862835,1.6372044219439098E-17));
#3383=FACE_BOUND('',#3384,.T.);
#3384=EDGE_LOOP('',(#3385,#3386,#3387));
#3385=ORIENTED_EDGE('',*,*,#3388,.T.);
#3386=ORIENTED_EDGE('',*,*,#3389,.T.);
#3387=ORIENTED_EDGE('',*,*,#3390,.T.);
#3388=EDGE_CURVE('',#349,#55,#3391,.F.);
#3389=EDGE_CURVE('',#55,#351,#3392,.T.);
#3390=EDGE_CURVE('',#351,#349,#3393,.T.);
#3391=LINE('',#348,#3394);
#3392=LINE('',#54,#3395);
#3393=LINE('',#350,#3396);
#3394=VECTOR('',#3397,1.0);
#3395=VECTOR('',#3398,1.0);
#3396=VECTOR('',#3399,1.0);
#3397=DIRECTION('',(-0.7430115789579409,0.6692785619862835,1.6372044219439098E-17));
#3398=DIRECTION('',(0.7500894686150581,-0.661336366059496,-1.9707070462234337E-17));
#3399=DIRECTION('',(-0.3256856145113362,-0.9454781226979149,2.822461514929539E-16));
#3400=FACE_SURFACE('',(#3405),#3401,.T.);
#3401=PLANE('',#3402);
#3402=AXIS2_PLACEMENT_3D('',#320,#3403,#3404);
#3403=DIRECTION('',(0,0,1));
#3404=DIRECTION('',(-0.5571315068177726,0.8304242795769873,0));
#3405=FACE_BOUND('',#3406,.T.);
#3406=EDGE_LOOP('',(#3407,#3408,#3409));
#3407=ORIENTED_EDGE('',*,*,#3410,.T.);
#3408=ORIENTED_EDGE('',*,*,#3411,.T.);
#3409=ORIENTED_EDGE('',*,*,#3412,.T.);
#3410=EDGE_CURVE('',#321,#353,#3413,.F.);
#3411=EDGE_CURVE('',#353,#309,#3414,.T.);
#3412=EDGE_CURVE('',#309,#321,#3415,.T.);
#3413=LINE('',#320,#3416);
#3414=LINE('',#352,#3417);
#3415=LINE('',#308,#3418);
#3416=VECTOR('',#3419,1.0);
#3417=VECTOR('',#3420,1.0);
#3418=VECTOR('',#3421,1.0);
#3419=DIRECTION('',(-0.5571315068177726,0.8304242795769873,0));
#3420=DIRECTION('',(-0.7139156801515928,-0.7002316771138596,0));
#3421=DIRECTION('',(0.7205324515875812,0.6934212184590185,0));
#3422=FACE_SURFACE('',(#3427),#3423,.T.);
#3423=PLANE('',#3424);
#3424=AXIS2_PLACEMENT_3D('',#354,#3425,#3426);
#3425=DIRECTION('',(0,0,1));
#3426=DIRECTION('',(-0.7479827611823705,0.6637181547720366,0));
#3427=FACE_BOUND('',#3428,.T.);
#3428=EDGE_LOOP('',(#3429,#3430,#3431));
#3429=ORIENTED_EDGE('',*,*,#3432,.T.);
#3430=ORIENTED_EDGE('',*,*,#3433,.T.);
#3431=ORIENTED_EDGE('',*,*,#3434,.T.);
#3432=EDGE_CURVE('',#355,#357,#3435,.F.);
#3433=EDGE_CURVE('',#357,#335,#3436,.T.);
#3434=EDGE_CURVE('',#335,#355,#3437,.T.);
#3435=LINE('',#354,#3438);
#3436=LINE('',#356,#3439);
#3437=LINE('',#334,#3440);
#3438=VECTOR('',#3441,1.0);
#3439=VECTOR('',#3442,1.0);
#3440=VECTOR('',#3443,1.0);
#3441=DIRECTION('',(-0.7479827611823705,0.6637181547720366,0));
#3442=DIRECTION('',(-0.9999995243480694,-0.0009753479557880311,0));
#3443=DIRECTION('',(1,0,0));
#3444=FACE_SURFACE('',(#3449),#3445,.T.);
#3445=PLANE('',#3446);
#3446=AXIS2_PLACEMENT_3D('',#346,#3447,#3448);
#3447=DIRECTION('',(0,0,1));
#3448=DIRECTION('',(-0.8304397783464071,0.5571084046574509,0));
#3449=FACE_BOUND('',#3450,.T.);
#3450=EDGE_LOOP('',(#3451,#3452,#3453));
#3451=ORIENTED_EDGE('',*,*,#3454,.T.);
#3452=ORIENTED_EDGE('',*,*,#3455,.T.);
#3453=ORIENTED_EDGE('',*,*,#3456,.T.);
#3454=EDGE_CURVE('',#347,#355,#3457,.F.);
#3455=EDGE_CURVE('',#355,#335,#3458,.T.);
#3456=EDGE_CURVE('',#335,#347,#3459,.T.);
#3457=LINE('',#346,#3460);
#3458=LINE('',#354,#3461);
#3459=LINE('',#334,#3462);
#3460=VECTOR('',#3463,1.0);
#3461=VECTOR('',#3464,1.0);
#3462=VECTOR('',#3465,1.0);
#3463=DIRECTION('',(-0.8304397783464071,0.5571084046574509,0));
#3464=DIRECTION('',(-1,0,0));
#3465=DIRECTION('',(0.9999996649361043,-0.0008186132659401185,0));
#3466=FACE_SURFACE('',(#3471),#3467,.T.);
#3467=PLANE('',#3468);
#3468=AXIS2_PLACEMENT_3D('',#358,#3469,#3470);
#3469=DIRECTION('',(0,0,1));
#3470=DIRECTION('',(-0.3256497900402563,0.9454904622716916,0));
#3471=FACE_BOUND('',#3472,.T.);
#3472=EDGE_LOOP('',(#3473,#3474,#3475));
#3473=ORIENTED_EDGE('',*,*,#3476,.T.);
#3474=ORIENTED_EDGE('',*,*,#3477,.T.);
#3475=ORIENTED_EDGE('',*,*,#3478,.T.);
#3476=EDGE_CURVE('',#359,#361,#3479,.F.);
#3477=EDGE_CURVE('',#361,#309,#3480,.T.);
#3478=EDGE_CURVE('',#309,#359,#3481,.T.);
#3479=LINE('',#358,#3482);
#3480=LINE('',#360,#3483);
#3481=LINE('',#308,#3484);
#3482=VECTOR('',#3485,1.0);
#3483=VECTOR('',#3486,1.0);
#3484=VECTOR('',#3487,1.0);
#3485=DIRECTION('',(-0.3256497900402563,0.9454904622716916,0));
#3486=DIRECTION('',(-0.7013479214884306,-0.7128191166234659,0));
#3487=DIRECTION('',(0.7074602505152203,0.7067531350768398,0));
#3488=FACE_SURFACE('',(#3493),#3489,.T.);
#3489=PLANE('',#3490);
#3490=AXIS2_PLACEMENT_3D('',#360,#3491,#3492);
#3491=DIRECTION('',(0,0,1));
#3492=DIRECTION('',(-0.1900369322817254,0.9817769422679222,0));
#3493=FACE_BOUND('',#3494,.T.);
#3494=EDGE_LOOP('',(#3495,#3496,#3497));
#3495=ORIENTED_EDGE('',*,*,#3498,.T.);
#3496=ORIENTED_EDGE('',*,*,#3499,.T.);
#3497=ORIENTED_EDGE('',*,*,#3500,.T.);
#3498=EDGE_CURVE('',#361,#363,#3501,.F.);
#3499=EDGE_CURVE('',#363,#309,#3502,.T.);
#3500=EDGE_CURVE('',#309,#361,#3503,.T.);
#3501=LINE('',#360,#3504);
#3502=LINE('',#362,#3505);
#3503=LINE('',#308,#3506);
#3504=VECTOR('',#3507,1.0);
#3505=VECTOR('',#3508,1.0);
#3506=VECTOR('',#3509,1.0);
#3507=DIRECTION('',(-0.1900369322817254,0.9817769422679222,0));
#3508=DIRECTION('',(-0.6957579650919283,-0.7182763075663424,0));
#3509=DIRECTION('',(0.7013479214884306,0.7128191166234659,0));
#3510=FACE_SURFACE('',(#3515),#3511,.T.);
#3511=PLANE('',#3512);
#3512=AXIS2_PLACEMENT_3D('',#352,#3513,#3514);
#3513=DIRECTION('',(0,0,1));
#3514=DIRECTION('',(-0.43883585982299034,0.8985672418541735,0));
#3515=FACE_BOUND('',#3516,.T.);
#3516=EDGE_LOOP('',(#3517,#3518,#3519));
#3517=ORIENTED_EDGE('',*,*,#3520,.T.);
#3518=ORIENTED_EDGE('',*,*,#3521,.T.);
#3519=ORIENTED_EDGE('',*,*,#3522,.T.);
#3520=EDGE_CURVE('',#353,#359,#3523,.F.);
#3521=EDGE_CURVE('',#359,#309,#3524,.T.);
#3522=EDGE_CURVE('',#309,#353,#3525,.T.);
#3523=LINE('',#352,#3526);
#3524=LINE('',#358,#3527);
#3525=LINE('',#308,#3528);
#3526=VECTOR('',#3529,1.0);
#3527=VECTOR('',#3530,1.0);
#3528=VECTOR('',#3531,1.0);
#3529=DIRECTION('',(-0.43883585982299034,0.8985672418541735,0));
#3530=DIRECTION('',(-0.7074602505152203,-0.7067531350768398,0));
#3531=DIRECTION('',(0.7139156801515928,0.7002316771138596,0));
#3532=FACE_SURFACE('',(#3537),#3533,.T.);
#3533=PLANE('',#3534);
#3534=AXIS2_PLACEMENT_3D('',#362,#3535,#3536);
#3535=DIRECTION('',(0,0,1));
#3536=DIRECTION('',(-0.06299827076435198,0.998013636119618,0));
#3537=FACE_BOUND('',#3538,.T.);
#3538=EDGE_LOOP('',(#3539,#3540,#3541));
#3539=ORIENTED_EDGE('',*,*,#3542,.T.);
#3540=ORIENTED_EDGE('',*,*,#3543,.T.);
#3541=ORIENTED_EDGE('',*,*,#3544,.T.);
#3542=EDGE_CURVE('',#363,#365,#3545,.F.);
#3543=EDGE_CURVE('',#365,#309,#3546,.T.);
#3544=EDGE_CURVE('',#309,#363,#3547,.T.);
#3545=LINE('',#362,#3548);
#3546=LINE('',#364,#3549);
#3547=LINE('',#308,#3550);
#3548=VECTOR('',#3551,1.0);
#3549=VECTOR('',#3552,1.0);
#3550=VECTOR('',#3553,1.0);
#3551=DIRECTION('',(-0.06299827076435198,0.998013636119618,0));
#3552=DIRECTION('',(-0.690712279293383,-0.7231296890830439,0));
#3553=DIRECTION('',(0.6957579650919283,0.7182763075663424,0));
#3554=FACE_SURFACE('',(#3559),#3555,.T.);
#3555=PLANE('',#3556);
#3556=AXIS2_PLACEMENT_3D('',#366,#3557,#3558);
#3557=DIRECTION('',(-2.2204308877916876E-16,-2.2204296772360155E-16,-1));
#3558=DIRECTION('',(-0.6637075457536028,-0.747992174898728,3.1345807585371624E-16));
#3559=FACE_BOUND('',#3560,.T.);
#3560=EDGE_LOOP('',(#3561,#3562,#3563));
#3561=ORIENTED_EDGE('',*,*,#3564,.T.);
#3562=ORIENTED_EDGE('',*,*,#3565,.T.);
#3563=ORIENTED_EDGE('',*,*,#3566,.T.);
#3564=EDGE_CURVE('',#367,#329,#3567,.F.);
#3565=EDGE_CURVE('',#329,#259,#3568,.T.);
#3566=EDGE_CURVE('',#259,#367,#3569,.T.);
#3567=LINE('',#366,#3570);
#3568=LINE('',#328,#3571);
#3569=LINE('',#258,#3572);
#3570=VECTOR('',#3573,1.0);
#3571=VECTOR('',#3574,1.0);
#3572=VECTOR('',#3575,1.0);
#3573=DIRECTION('',(-0.6637075457536028,-0.747992174898728,3.1345807585371624E-16));
#3574=DIRECTION('',(-0.7204817238916364,0.6934739256368158,5.99697889450446E-18));
#3575=DIRECTION('',(0.727128565344258,-0.6865013106035569,-9.021084236048943E-18));
#3576=FACE_SURFACE('',(#3581),#3577,.T.);
#3577=PLANE('',#3578);
#3578=AXIS2_PLACEMENT_3D('',#368,#3579,#3580);
#3579=DIRECTION('',(0,0,1));
#3580=DIRECTION('',(1,0,0));
#3581=FACE_BOUND('',#3582,.T.);
#3582=EDGE_LOOP('',(#3583,#3584,#3585));
#3583=ORIENTED_EDGE('',*,*,#3586,.T.);
#3584=ORIENTED_EDGE('',*,*,#3587,.T.);
#3585=ORIENTED_EDGE('',*,*,#3588,.T.);
#3586=EDGE_CURVE('',#369,#309,#3589,.F.);
#3587=EDGE_CURVE('',#309,#365,#3590,.T.);
#3588=EDGE_CURVE('',#365,#369,#3591,.T.);
#3589=LINE('',#368,#3592);
#3590=LINE('',#308,#3593);
#3591=LINE('',#364,#3594);
#3592=VECTOR('',#3595,1.0);
#3593=VECTOR('',#3596,1.0);
#3594=VECTOR('',#3597,1.0);
#3595=DIRECTION('',(1,0,0));
#3596=DIRECTION('',(0.690712279293383,0.7231296890830439,0));
#3597=DIRECTION('',(-0.9395125774934032,-0.34251440368501584,0));
#3598=FACE_SURFACE('',(#3603),#3599,.T.);
#3599=PLANE('',#3600);
#3600=AXIS2_PLACEMENT_3D('',#370,#3601,#3602);
#3601=DIRECTION('',(0,0,1));
#3602=DIRECTION('',(-0.979771424995676,-0.20011985099420376,0));
#3603=FACE_BOUND('',#3604,.T.);
#3604=EDGE_LOOP('',(#3605,#3606,#3607));
#3605=ORIENTED_EDGE('',*,*,#3608,.T.);
#3606=ORIENTED_EDGE('',*,*,#3609,.T.);
#3607=ORIENTED_EDGE('',*,*,#3610,.T.);
#3608=EDGE_CURVE('',#371,#335,#3611,.F.);
#3609=EDGE_CURVE('',#335,#357,#3612,.T.);
#3610=EDGE_CURVE('',#357,#371,#3613,.T.);
#3611=LINE('',#370,#3614);
#3612=LINE('',#334,#3615);
#3613=LINE('',#356,#3616);
#3614=VECTOR('',#3617,1.0);
#3615=VECTOR('',#3618,1.0);
#3616=VECTOR('',#3619,1.0);
#3617=DIRECTION('',(-0.979771424995676,-0.20011985099420376,0));
#3618=DIRECTION('',(0.9999995243480694,0.0009753479557880311,0));
#3619=DIRECTION('',(-0.9584391998445779,0.2852968632867966,0));
#3620=FACE_SURFACE('',(#3625),#3621,.T.);
#3621=PLANE('',#3622);
#3622=AXIS2_PLACEMENT_3D('',#372,#3623,#3624);
#3623=DIRECTION('',(-0.8985672418541736,0.4388358598229904,0));
#3624=DIRECTION('',(-0.013992820065376164,-0.028651919505799872,-0.9994915049640247));
#3625=FACE_BOUND('',#3626,.T.);
#3626=EDGE_LOOP('',(#3627,#3628,#3629));
#3627=ORIENTED_EDGE('',*,*,#3630,.T.);
#3628=ORIENTED_EDGE('',*,*,#3631,.T.);
#3629=ORIENTED_EDGE('',*,*,#3632,.T.);
#3630=EDGE_CURVE('',#373,#375,#3633,.F.);
#3631=EDGE_CURVE('',#375,#377,#3634,.T.);
#3632=EDGE_CURVE('',#377,#373,#3635,.T.);
#3633=LINE('',#372,#3636);
#3634=LINE('',#374,#3637);
#3635=LINE('',#376,#3638);
#3636=VECTOR('',#3639,1.0);
#3637=VECTOR('',#3640,1.0);
#3638=VECTOR('',#3641,1.0);
#3639=DIRECTION('',(-0.013992820065376164,-0.028651919505799872,-0.9994915049640247));
#3640=DIRECTION('',(0,0,1));
#3641=DIRECTION('',(0.43883585982299034,0.8985672418541735,0));
#3642=FACE_SURFACE('',(#3647),#3643,.T.);
#3643=PLANE('',#3644);
#3644=AXIS2_PLACEMENT_3D('',#378,#3645,#3646);
#3645=DIRECTION('',(0,0,1));
#3646=DIRECTION('',(-0.9335573398943129,0.35842808641267804,0));
#3647=FACE_BOUND('',#3648,.T.);
#3648=EDGE_LOOP('',(#3649,#3650,#3651));
#3649=ORIENTED_EDGE('',*,*,#3652,.T.);
#3650=ORIENTED_EDGE('',*,*,#3653,.T.);
#3651=ORIENTED_EDGE('',*,*,#3654,.T.);
#3652=EDGE_CURVE('',#379,#381,#3655,.F.);
#3653=EDGE_CURVE('',#381,#357,#3656,.T.);
#3654=EDGE_CURVE('',#357,#379,#3657,.T.);
#3655=LINE('',#378,#3658);
#3656=LINE('',#380,#3659);
#3657=LINE('',#356,#3660);
#3658=VECTOR('',#3661,1.0);
#3659=VECTOR('',#3662,1.0);
#3660=VECTOR('',#3663,1.0);
#3661=DIRECTION('',(-0.9335573398943129,0.35842808641267804,0));
#3662=DIRECTION('',(0.9328306537169935,-0.36031510027464364,0));
#3663=DIRECTION('',(-0.6637125336103797,0.7479877490497359,0));
#3664=FACE_SURFACE('',(#3669),#3665,.T.);
#3665=PLANE('',#3666);
#3666=AXIS2_PLACEMENT_3D('',#382,#3667,#3668);
#3667=DIRECTION('',(-0.9817769422679222,-0.1900369322817254,0));
#3668=DIRECTION('',(0,0,1));
#3669=FACE_BOUND('',#3670,.T.);
#3670=EDGE_LOOP('',(#3671,#3672,#3673));
#3671=ORIENTED_EDGE('',*,*,#3674,.T.);
#3672=ORIENTED_EDGE('',*,*,#3675,.T.);
#3673=ORIENTED_EDGE('',*,*,#3676,.T.);
#3674=EDGE_CURVE('',#383,#255,#3677,.F.);
#3675=EDGE_CURVE('',#255,#257,#3678,.T.);
#3676=EDGE_CURVE('',#257,#383,#3679,.T.);
#3677=LINE('',#382,#3680);
#3678=LINE('',#254,#3681);
#3679=LINE('',#256,#3682);
#3680=VECTOR('',#3683,1.0);
#3681=VECTOR('',#3684,1.0);
#3682=VECTOR('',#3685,1.0);
#3683=DIRECTION('',(0,0,1));
#3684=DIRECTION('',(-0.1900369322817254,0.9817769422679222,0));
#3685=DIRECTION('',(0.0059975297309052345,-0.03098469507832256,-0.9995018650848183));
#3686=FACE_SURFACE('',(#3691),#3687,.T.);
#3687=PLANE('',#3688);
#3688=AXIS2_PLACEMENT_3D('',#384,#3689,#3690);
#3689=DIRECTION('',(-2.220489749348877E-16,-2.2204365423473283E-16,-1));
#3690=DIRECTION('',(-0.9817799717682484,0.19002128047862832,1.758102168429048E-16));
#3691=FACE_BOUND('',#3692,.T.);
#3692=EDGE_LOOP('',(#3693,#3694,#3695));
#3693=ORIENTED_EDGE('',*,*,#3696,.T.);
#3694=ORIENTED_EDGE('',*,*,#3697,.T.);
#3695=ORIENTED_EDGE('',*,*,#3698,.T.);
#3696=EDGE_CURVE('',#385,#387,#3699,.F.);
#3697=EDGE_CURVE('',#387,#389,#3700,.T.);
#3698=EDGE_CURVE('',#389,#385,#3701,.T.);
#3699=LINE('',#384,#3702);
#3700=LINE('',#386,#3703);
#3701=LINE('',#388,#3704);
#3702=VECTOR('',#3705,1.0);
#3703=VECTOR('',#3706,1.0);
#3704=VECTOR('',#3707,1.0);
#3705=DIRECTION('',(-0.9817799717682484,0.19002128047862832,1.758102168429048E-16));
#3706=DIRECTION('',(0.21084352201885337,0.9775198254883045,-2.6386966207426927E-16));
#3707=DIRECTION('',(-0.20737505825410668,-0.9782615116696075,2.632641799607004E-16));
#3708=FACE_SURFACE('',(#3713),#3709,.T.);
#3709=PLANE('',#3710);
#3710=AXIS2_PLACEMENT_3D('',#390,#3711,#3712);
#3711=DIRECTION('',(0,-0,1));
#3712=DIRECTION('',(0.1900369322817254,0.9817769422679222,0));
#3713=FACE_BOUND('',#3714,.T.);
#3714=EDGE_LOOP('',(#3715,#3716,#3717));
#3715=ORIENTED_EDGE('',*,*,#3718,.T.);
#3716=ORIENTED_EDGE('',*,*,#3719,.T.);
#3717=ORIENTED_EDGE('',*,*,#3720,.T.);
#3718=EDGE_CURVE('',#391,#393,#3721,.F.);
#3719=EDGE_CURVE('',#393,#369,#3722,.T.);
#3720=EDGE_CURVE('',#369,#391,#3723,.T.);
#3721=LINE('',#390,#3724);
#3722=LINE('',#392,#3725);
#3723=LINE('',#368,#3726);
#3724=VECTOR('',#3727,1.0);
#3725=VECTOR('',#3728,1.0);
#3726=VECTOR('',#3729,1.0);
#3727=DIRECTION('',(0.1900369322817254,0.9817769422679222,0));
#3728=DIRECTION('',(-0.9367775515371898,-0.3499254476827712,0));
#3729=DIRECTION('',(0.9381004576187086,0.3463632939784028,0));
#3730=FACE_SURFACE('',(#3735),#3731,.T.);
#3731=PLANE('',#3732);
#3732=AXIS2_PLACEMENT_3D('',#394,#3733,#3734);
#3733=DIRECTION('',(0,0,1));
#3734=DIRECTION('',(-0.9344692554372446,0.3560438324737022,0));
#3735=FACE_BOUND('',#3736,.T.);
#3736=EDGE_LOOP('',(#3737,#3738,#3739));
#3737=ORIENTED_EDGE('',*,*,#3740,.T.);
#3738=ORIENTED_EDGE('',*,*,#3741,.T.);
#3739=ORIENTED_EDGE('',*,*,#3742,.T.);
#3740=EDGE_CURVE('',#395,#381,#3743,.F.);
#3741=EDGE_CURVE('',#381,#379,#3744,.T.);
#3742=EDGE_CURVE('',#379,#395,#3745,.T.);
#3743=LINE('',#394,#3746);
#3744=LINE('',#380,#3747);
#3745=LINE('',#378,#3748);
#3746=VECTOR('',#3749,1.0);
#3747=VECTOR('',#3750,1.0);
#3748=VECTOR('',#3751,1.0);
#3749=DIRECTION('',(-0.9344692554372446,0.3560438324737022,0));
#3750=DIRECTION('',(0.9335573398943129,-0.35842808641267804,0));
#3751=DIRECTION('',(-0.5571315068177726,0.8304242795769873,0));
#3752=FACE_SURFACE('',(#3757),#3753,.T.);
#3753=PLANE('',#3754);
#3754=AXIS2_PLACEMENT_3D('',#376,#3755,#3756);
#3755=DIRECTION('',(-0.8304242795769873,0.5571315068177726,0));
#3756=DIRECTION('',(0,0,-1));
#3757=FACE_BOUND('',#3758,.T.);
#3758=EDGE_LOOP('',(#3759,#3760,#3761));
#3759=ORIENTED_EDGE('',*,*,#3762,.T.);
#3760=ORIENTED_EDGE('',*,*,#3763,.T.);
#3761=ORIENTED_EDGE('',*,*,#3764,.T.);
#3762=EDGE_CURVE('',#377,#375,#3765,.F.);
#3763=EDGE_CURVE('',#375,#219,#3766,.T.);
#3764=EDGE_CURVE('',#219,#377,#3767,.T.);
#3765=LINE('',#376,#3768);
#3766=LINE('',#374,#3769);
#3767=LINE('',#218,#3770);
#3768=VECTOR('',#3771,1.0);
#3769=VECTOR('',#3772,1.0);
#3770=VECTOR('',#3773,1.0);
#3771=DIRECTION('',(0,0,-1));
#3772=DIRECTION('',(-0.01765825843449465,-0.026320260763579024,0.9994975886826329));
#3773=DIRECTION('',(0.5571315068177726,0.8304242795769873,0));
#3774=FACE_SURFACE('',(#3779),#3775,.T.);
#3775=PLANE('',#3776);
#3776=AXIS2_PLACEMENT_3D('',#254,#3777,#3778);
#3777=DIRECTION('',(-0.9972963075777806,-0.07348520185537083,-0));
#3778=DIRECTION('',(0,0,-1));
#3779=FACE_BOUND('',#3780,.T.);
#3780=EDGE_LOOP('',(#3781,#3782,#3783));
#3781=ORIENTED_EDGE('',*,*,#3784,.T.);
#3782=ORIENTED_EDGE('',*,*,#3785,.T.);
#3783=ORIENTED_EDGE('',*,*,#3786,.T.);
#3784=EDGE_CURVE('',#255,#383,#3787,.F.);
#3785=EDGE_CURVE('',#383,#397,#3788,.T.);
#3786=EDGE_CURVE('',#397,#255,#3789,.T.);
#3787=LINE('',#254,#3790);
#3788=LINE('',#382,#3791);
#3789=LINE('',#396,#3792);
#3790=VECTOR('',#3793,1.0);
#3791=VECTOR('',#3794,1.0);
#3792=VECTOR('',#3795,1.0);
#3793=DIRECTION('',(0,0,-1));
#3794=DIRECTION('',(0.07348520185537083,-0.9972963075777806,2.0512727199548883E-16));
#3795=DIRECTION('',(-0.0023321478123150916,0.031650486672473506,0.999496277021569));
#3796=FACE_SURFACE('',(#3801),#3797,.T.);
#3797=PLANE('',#3798);
#3798=AXIS2_PLACEMENT_3D('',#398,#3799,#3800);
#3799=DIRECTION('',(0,-0,1));
#3800=DIRECTION('',(0.43883585982299034,0.8985672418541735,0));
#3801=FACE_BOUND('',#3802,.T.);
#3802=EDGE_LOOP('',(#3803,#3804,#3805));
#3803=ORIENTED_EDGE('',*,*,#3806,.T.);
#3804=ORIENTED_EDGE('',*,*,#3807,.T.);
#3805=ORIENTED_EDGE('',*,*,#3808,.T.);
#3806=EDGE_CURVE('',#399,#401,#3809,.F.);
#3807=EDGE_CURVE('',#401,#369,#3810,.T.);
#3808=EDGE_CURVE('',#369,#399,#3811,.T.);
#3809=LINE('',#398,#3812);
#3810=LINE('',#400,#3813);
#3811=LINE('',#368,#3814);
#3812=VECTOR('',#3815,1.0);
#3813=VECTOR('',#3816,1.0);
#3814=VECTOR('',#3817,1.0);
#3815=DIRECTION('',(0.43883585982299034,0.8985672418541735,0));
#3816=DIRECTION('',(-0.9344847650179652,-0.35600312351062086,0));
#3817=DIRECTION('',(0.9355696260008499,0.3531422870524426,0));
#3818=FACE_SURFACE('',(#3823),#3819,.T.);
#3819=PLANE('',#3820);
#3820=AXIS2_PLACEMENT_3D('',#402,#3821,#3822);
#3821=DIRECTION('',(0,0,1));
#3822=DIRECTION('',(-0.9355541729193964,0.3531832237424426,0));
#3823=FACE_BOUND('',#3824,.T.);
#3824=EDGE_LOOP('',(#3825,#3826,#3827));
#3825=ORIENTED_EDGE('',*,*,#3828,.T.);
#3826=ORIENTED_EDGE('',*,*,#3829,.T.);
#3827=ORIENTED_EDGE('',*,*,#3830,.T.);
#3828=EDGE_CURVE('',#403,#381,#3831,.F.);
#3829=EDGE_CURVE('',#381,#395,#3832,.T.);
#3830=EDGE_CURVE('',#395,#403,#3833,.T.);
#3831=LINE('',#402,#3834);
#3832=LINE('',#380,#3835);
#3833=LINE('',#394,#3836);
#3834=VECTOR('',#3837,1.0);
#3835=VECTOR('',#3838,1.0);
#3836=VECTOR('',#3839,1.0);
#3837=DIRECTION('',(-0.9355541729193964,0.3531832237424426,0));
#3838=DIRECTION('',(0.9344692554372446,-0.3560438324737022,0));
#3839=DIRECTION('',(-0.43883585982299034,0.8985672418541735,0));
#3840=FACE_SURFACE('',(#3845),#3841,.T.);
#3841=PLANE('',#3842);
#3842=AXIS2_PLACEMENT_3D('',#400,#3843,#3844);
#3843=DIRECTION('',(0,-0,1));
#3844=DIRECTION('',(0.5571315068177726,0.8304242795769873,0));
#3845=FACE_BOUND('',#3846,.T.);
#3846=EDGE_LOOP('',(#3847,#3848,#3849));
#3847=ORIENTED_EDGE('',*,*,#3850,.T.);
#3848=ORIENTED_EDGE('',*,*,#3851,.T.);
#3849=ORIENTED_EDGE('',*,*,#3852,.T.);
#3850=EDGE_CURVE('',#401,#405,#3853,.F.);
#3851=EDGE_CURVE('',#405,#369,#3854,.T.);
#3852=EDGE_CURVE('',#369,#401,#3855,.T.);
#3853=LINE('',#400,#3856);
#3854=LINE('',#404,#3857);
#3855=LINE('',#368,#3858);
#3856=VECTOR('',#3859,1.0);
#3857=VECTOR('',#3860,1.0);
#3858=VECTOR('',#3861,1.0);
#3859=DIRECTION('',(0.5571315068177726,0.8304242795769873,0));
#3860=DIRECTION('',(-0.9335728817918006,-0.3583876035564743,0));
#3861=DIRECTION('',(0.9344847650179652,0.35600312351062086,0));
#3862=FACE_SURFACE('',(#3867),#3863,.T.);
#3863=PLANE('',#3864);
#3864=AXIS2_PLACEMENT_3D('',#384,#3865,#3866);
#3865=DIRECTION('',(-0.3256677024511265,-0.9454842926142161,0));
#3866=DIRECTION('',(0.029984960503960763,-0.010328181305278563,0.9994969888971658));
#3867=FACE_BOUND('',#3868,.T.);
#3868=EDGE_LOOP('',(#3869,#3870,#3871));
#3869=ORIENTED_EDGE('',*,*,#3872,.T.);
#3870=ORIENTED_EDGE('',*,*,#3873,.T.);
#3871=ORIENTED_EDGE('',*,*,#3874,.T.);
#3872=EDGE_CURVE('',#385,#283,#3875,.F.);
#3873=EDGE_CURVE('',#283,#407,#3876,.T.);
#3874=EDGE_CURVE('',#407,#385,#3877,.T.);
#3875=LINE('',#384,#3878);
#3876=LINE('',#282,#3879);
#3877=LINE('',#406,#3880);
#3878=VECTOR('',#3881,1.0);
#3879=VECTOR('',#3882,1.0);
#3880=VECTOR('',#3883,1.0);
#3881=DIRECTION('',(0.029984960503960763,-0.010328181305278563,0.9994969888971658));
#3882=DIRECTION('',(-0.9454842926142162,0.3256677024511265,0));
#3883=DIRECTION('',(0,0,-1));
#3884=FACE_SURFACE('',(#3889),#3885,.T.);
#3885=PLANE('',#3886);
#3886=AXIS2_PLACEMENT_3D('',#408,#3887,#3888);
#3887=DIRECTION('',(0,0,1));
#3888=DIRECTION('',(-0.9367621758120984,0.3499666069324088,0));
#3889=FACE_BOUND('',#3890,.T.);
#3890=EDGE_LOOP('',(#3891,#3892,#3893));
#3891=ORIENTED_EDGE('',*,*,#3894,.T.);
#3892=ORIENTED_EDGE('',*,*,#3895,.T.);
#3893=ORIENTED_EDGE('',*,*,#3896,.T.);
#3894=EDGE_CURVE('',#409,#381,#3897,.F.);
#3895=EDGE_CURVE('',#381,#403,#3898,.T.);
#3896=EDGE_CURVE('',#403,#409,#3899,.T.);
#3897=LINE('',#408,#3900);
#3898=LINE('',#380,#3901);
#3899=LINE('',#402,#3902);
#3900=VECTOR('',#3903,1.0);
#3901=VECTOR('',#3904,1.0);
#3902=VECTOR('',#3905,1.0);
#3903=DIRECTION('',(-0.9367621758120984,0.3499666069324088,0));
#3904=DIRECTION('',(0.9355541729193964,-0.3531832237424426,0));
#3905=DIRECTION('',(-0.3256497900402563,0.9454904622716916,0));
#3906=FACE_SURFACE('',(#3911),#3907,.T.);
#3907=PLANE('',#3908);
#3908=AXIS2_PLACEMENT_3D('',#404,#3909,#3910);
#3909=DIRECTION('',(0,-0,1));
#3910=DIRECTION('',(0.6637125336103797,0.7479877490497359,0));
#3911=FACE_BOUND('',#3912,.T.);
#3912=EDGE_LOOP('',(#3913,#3914,#3915));
#3913=ORIENTED_EDGE('',*,*,#3916,.T.);
#3914=ORIENTED_EDGE('',*,*,#3917,.T.);
#3915=ORIENTED_EDGE('',*,*,#3918,.T.);
#3916=EDGE_CURVE('',#405,#411,#3919,.F.);
#3917=EDGE_CURVE('',#411,#369,#3920,.T.);
#3918=EDGE_CURVE('',#369,#405,#3921,.T.);
#3919=LINE('',#404,#3922);
#3920=LINE('',#410,#3923);
#3921=LINE('',#368,#3924);
#3922=VECTOR('',#3925,1.0);
#3923=VECTOR('',#3926,1.0);
#3924=VECTOR('',#3927,1.0);
#3925=DIRECTION('',(0.6637125336103797,0.7479877490497359,0));
#3926=DIRECTION('',(-0.9328462043858592,-0.36027483809294203,0));
#3927=DIRECTION('',(0.9335728817918006,0.3583876035564743,0));
#3928=FACE_SURFACE('',(#3933),#3929,.T.);
#3929=PLANE('',#3930);
#3930=AXIS2_PLACEMENT_3D('',#412,#3931,#3932);
#3931=DIRECTION('',(0,0,1));
#3932=DIRECTION('',(-0.9380851816141184,0.3464046651475796,0));
#3933=FACE_BOUND('',#3934,.T.);
#3934=EDGE_LOOP('',(#3935,#3936,#3937));
#3935=ORIENTED_EDGE('',*,*,#3938,.T.);
#3936=ORIENTED_EDGE('',*,*,#3939,.T.);
#3937=ORIENTED_EDGE('',*,*,#3940,.T.);
#3938=EDGE_CURVE('',#413,#381,#3941,.F.);
#3939=EDGE_CURVE('',#381,#409,#3942,.T.);
#3940=EDGE_CURVE('',#409,#413,#3943,.T.);
#3941=LINE('',#412,#3944);
#3942=LINE('',#380,#3945);
#3943=LINE('',#408,#3946);
#3944=VECTOR('',#3947,1.0);
#3945=VECTOR('',#3948,1.0);
#3946=VECTOR('',#3949,1.0);
#3947=DIRECTION('',(-0.9380851816141184,0.3464046651475796,0));
#3948=DIRECTION('',(0.9367621758120984,-0.3499666069324088,0));
#3949=DIRECTION('',(-0.1900369322817254,0.9817769422679222,0));
#3950=FACE_SURFACE('',(#3955),#3951,.T.);
#3951=PLANE('',#3952);
#3952=AXIS2_PLACEMENT_3D('',#414,#3953,#3954);
#3953=DIRECTION('',(0,0,1));
#3954=DIRECTION('',(1,0,0));
#3955=FACE_BOUND('',#3956,.T.);
#3956=EDGE_LOOP('',(#3957,#3958,#3959));
#3957=ORIENTED_EDGE('',*,*,#3960,.T.);
#3958=ORIENTED_EDGE('',*,*,#3961,.T.);
#3959=ORIENTED_EDGE('',*,*,#3962,.T.);
#3960=EDGE_CURVE('',#415,#369,#3963,.F.);
#3961=EDGE_CURVE('',#369,#411,#3964,.T.);
#3962=EDGE_CURVE('',#411,#415,#3965,.T.);
#3963=LINE('',#414,#3966);
#3964=LINE('',#368,#3967);
#3965=LINE('',#410,#3968);
#3966=VECTOR('',#3969,1.0);
#3967=VECTOR('',#3970,1.0);
#3968=VECTOR('',#3971,1.0);
#3969=DIRECTION('',(1,0,0));
#3970=DIRECTION('',(0.9328462043858592,0.36027483809294203,0));
#3971=DIRECTION('',(-0.9584492168024802,-0.2852632097041475,0));
#3972=FACE_SURFACE('',(#3977),#3973,.T.);
#3973=PLANE('',#3974);
#3974=AXIS2_PLACEMENT_3D('',#416,#3975,#3976);
#3975=DIRECTION('',(0,0,1));
#3976=DIRECTION('',(-0.9394974211552276,0.34255597446647595,0));
#3977=FACE_BOUND('',#3978,.T.);
#3978=EDGE_LOOP('',(#3979,#3980,#3981));
#3979=ORIENTED_EDGE('',*,*,#3982,.T.);
#3980=ORIENTED_EDGE('',*,*,#3983,.T.);
#3981=ORIENTED_EDGE('',*,*,#3984,.T.);
#3982=EDGE_CURVE('',#417,#381,#3985,.F.);
#3983=EDGE_CURVE('',#381,#413,#3986,.T.);
#3984=EDGE_CURVE('',#413,#417,#3987,.T.);
#3985=LINE('',#416,#3988);
#3986=LINE('',#380,#3989);
#3987=LINE('',#412,#3990);
#3988=VECTOR('',#3991,1.0);
#3989=VECTOR('',#3992,1.0);
#3990=VECTOR('',#3993,1.0);
#3991=DIRECTION('',(-0.9394974211552276,0.34255597446647595,0));
#3992=DIRECTION('',(0.9380851816141184,-0.3464046651475796,0));
#3993=DIRECTION('',(-0.06299764085672659,0.9980136758814916,0));
#3994=FACE_SURFACE('',(#3999),#3995,.T.);
#3995=PLANE('',#3996);
#3996=AXIS2_PLACEMENT_3D('',#418,#3997,#3998);
#3997=DIRECTION('',(-2.220446435674702E-16,-2.2204457063640685E-16,-1));
#3998=DIRECTION('',(-0.6637125336103797,-0.7479877490497359,3.1346043153582037E-16));
#3999=FACE_BOUND('',#4000,.T.);
#4000=EDGE_LOOP('',(#4001,#4002,#4003));
#4001=ORIENTED_EDGE('',*,*,#4004,.T.);
#4002=ORIENTED_EDGE('',*,*,#4005,.T.);
#4003=ORIENTED_EDGE('',*,*,#4006,.T.);
#4004=EDGE_CURVE('',#419,#421,#4007,.F.);
#4005=EDGE_CURVE('',#421,#55,#4008,.T.);
#4006=EDGE_CURVE('',#55,#419,#4009,.T.);
#4007=LINE('',#418,#4010);
#4008=LINE('',#420,#4011);
#4009=LINE('',#54,#4012);
#4010=VECTOR('',#4013,1.0);
#4011=VECTOR('',#4014,1.0);
#4012=VECTOR('',#4015,1.0);
#4013=DIRECTION('',(-0.6637125336103797,-0.7479877490497359,3.1346043153582037E-16));
#4014=DIRECTION('',(-0.7649427836767273,0.6440982360641112,2.6832931476484815E-17));
#4015=DIRECTION('',(0.7723416616249564,-0.6352073344337276,-3.0449989128387607E-17));
#4016=FACE_SURFACE('',(#4021),#4017,.T.);
#4017=PLANE('',#4018);
#4018=AXIS2_PLACEMENT_3D('',#420,#4019,#4020);
#4019=DIRECTION('',(-2.220475326654761E-16,-2.2204800178176196E-16,-1));
#4020=DIRECTION('',(-0.5571038536394067,-0.8304428314219603,3.081017074502937E-16));
#4021=FACE_BOUND('',#4022,.T.);
#4022=EDGE_LOOP('',(#4023,#4024,#4025));
#4023=ORIENTED_EDGE('',*,*,#4026,.T.);
#4024=ORIENTED_EDGE('',*,*,#4027,.T.);
#4025=ORIENTED_EDGE('',*,*,#4028,.T.);
#4026=EDGE_CURVE('',#421,#423,#4029,.F.);
#4027=EDGE_CURVE('',#423,#55,#4030,.T.);
#4028=EDGE_CURVE('',#55,#421,#4031,.T.);
#4029=LINE('',#420,#4032);
#4030=LINE('',#422,#4033);
#4031=LINE('',#54,#4034);
#4032=VECTOR('',#4035,1.0);
#4033=VECTOR('',#4036,1.0);
#4034=VECTOR('',#4037,1.0);
#4035=DIRECTION('',(-0.5571038536394067,-0.8304428314219603,3.081017074502937E-16));
#4036=DIRECTION('',(-0.7574743967607722,0.6528648698252221,2.3227981079798656E-17));
#4037=DIRECTION('',(0.7649427836767273,-0.6440982360641112,-2.6832931476484815E-17));
#4038=FACE_SURFACE('',(#4043),#4039,.T.);
#4039=PLANE('',#4040);
#4040=AXIS2_PLACEMENT_3D('',#276,#4041,#4042);
#4041=DIRECTION('',(-0.8304242795769873,-0.5571315068177726,-0));
#4042=DIRECTION('',(0,0,-1));
#4043=FACE_BOUND('',#4044,.T.);
#4044=EDGE_LOOP('',(#4045,#4046,#4047));
#4045=ORIENTED_EDGE('',*,*,#4048,.T.);
#4046=ORIENTED_EDGE('',*,*,#4049,.T.);
#4047=ORIENTED_EDGE('',*,*,#4050,.T.);
#4048=EDGE_CURVE('',#277,#425,#4051,.F.);
#4049=EDGE_CURVE('',#425,#233,#4052,.T.);
#4050=EDGE_CURVE('',#233,#277,#4053,.T.);
#4051=LINE('',#276,#4054);
#4052=LINE('',#424,#4055);
#4053=LINE('',#232,#4056);
#4054=VECTOR('',#4057,1.0);
#4055=VECTOR('',#4058,1.0);
#4056=VECTOR('',#4059,1.0);
#4057=DIRECTION('',(0,0,-1));
#4058=DIRECTION('',(0.01765825843449465,-0.026320260763579024,0.9994975886826329));
#4059=DIRECTION('',(-0.5571315068177726,0.8304242795769873,0));
#4060=FACE_SURFACE('',(#4065),#4061,.T.);
#4061=PLANE('',#4062);
#4062=AXIS2_PLACEMENT_3D('',#426,#4063,#4064);
#4063=DIRECTION('',(0,0,1));
#4064=DIRECTION('',(-0.9999995134880185,-0.000986419650167081,0));
#4065=FACE_BOUND('',#4066,.T.);
#4066=EDGE_LOOP('',(#4067,#4068,#4069));
#4067=ORIENTED_EDGE('',*,*,#4070,.T.);
#4068=ORIENTED_EDGE('',*,*,#4071,.T.);
#4069=ORIENTED_EDGE('',*,*,#4072,.T.);
#4070=EDGE_CURVE('',#427,#429,#4073,.F.);
#4071=EDGE_CURVE('',#429,#411,#4074,.T.);
#4072=EDGE_CURVE('',#411,#427,#4075,.T.);
#4073=LINE('',#426,#4076);
#4074=LINE('',#428,#4077);
#4075=LINE('',#410,#4078);
#4076=VECTOR('',#4079,1.0);
#4077=VECTOR('',#4080,1.0);
#4078=VECTOR('',#4081,1.0);
#4079=DIRECTION('',(-0.9999995134880185,-0.000986419650167081,0));
#4080=DIRECTION('',(1,0,0));
#4081=DIRECTION('',(0.7479827611823705,0.6637181547720366,0));
#4082=FACE_SURFACE('',(#4087),#4083,.T.);
#4083=PLANE('',#4084);
#4084=AXIS2_PLACEMENT_3D('',#430,#4085,#4086);
#4085=DIRECTION('',(-2.220403356697358E-16,-2.2203933271059278E-16,-1));
#4086=DIRECTION('',(-0.7479916128714834,-0.6637081791524925,3.1345363001371324E-16));
#4087=FACE_BOUND('',#4088,.T.);
#4088=EDGE_LOOP('',(#4089,#4090,#4091));
#4089=ORIENTED_EDGE('',*,*,#4092,.T.);
#4090=ORIENTED_EDGE('',*,*,#4093,.T.);
#4091=ORIENTED_EDGE('',*,*,#4094,.T.);
#4092=EDGE_CURVE('',#431,#419,#4095,.F.);
#4093=EDGE_CURVE('',#419,#55,#4096,.T.);
#4094=EDGE_CURVE('',#55,#431,#4097,.T.);
#4095=LINE('',#430,#4098);
#4096=LINE('',#418,#4099);
#4097=LINE('',#54,#4100);
#4098=VECTOR('',#4101,1.0);
#4099=VECTOR('',#4102,1.0);
#4100=VECTOR('',#4103,1.0);
#4101=DIRECTION('',(-0.7479916128714834,-0.6637081791524925,3.1345363001371324E-16));
#4102=DIRECTION('',(-0.7723416616249564,0.6352073344337276,3.0449989128387607E-17));
#4103=DIRECTION('',(0.7795375717752037,-0.6263554695145716,-3.4013233613491485E-17));
#4104=FACE_SURFACE('',(#4109),#4105,.T.);
#4105=PLANE('',#4106);
#4106=AXIS2_PLACEMENT_3D('',#432,#4107,#4108);
#4107=DIRECTION('',(-2.2204458988597345E-16,-2.2204462734208736E-16,-1));
#4108=DIRECTION('',(-0.8304335555109672,-0.5571176804602537,3.080982660044686E-16));
#4109=FACE_BOUND('',#4110,.T.);
#4110=EDGE_LOOP('',(#4111,#4112,#4113));
#4111=ORIENTED_EDGE('',*,*,#4114,.T.);
#4112=ORIENTED_EDGE('',*,*,#4115,.T.);
#4113=ORIENTED_EDGE('',*,*,#4116,.T.);
#4114=EDGE_CURVE('',#433,#431,#4117,.F.);
#4115=EDGE_CURVE('',#431,#55,#4118,.T.);
#4116=EDGE_CURVE('',#55,#433,#4119,.T.);
#4117=LINE('',#432,#4120);
#4118=LINE('',#430,#4121);
#4119=LINE('',#54,#4122);
#4120=VECTOR('',#4123,1.0);
#4121=VECTOR('',#4124,1.0);
#4122=VECTOR('',#4125,1.0);
#4123=DIRECTION('',(-0.8304335555109672,-0.5571176804602537,3.080982660044686E-16));
#4124=DIRECTION('',(-0.7795375717752037,0.6263554695145716,3.4013233613491485E-17));
#4125=DIRECTION('',(0.786385636281183,-0.6177358910170584,-3.744774038356055E-17));
#4126=FACE_SURFACE('',(#4131),#4127,.T.);
#4127=PLANE('',#4128);
#4128=AXIS2_PLACEMENT_3D('',#434,#4129,#4130);
#4129=DIRECTION('',(-2.220413650581918E-16,-2.2204034920311923E-16,-1));
#4130=DIRECTION('',(-0.7927629777698715,0.6095300329577258,4.068591238389702E-17));
#4131=FACE_BOUND('',#4132,.T.);
#4132=EDGE_LOOP('',(#4133,#4134,#4135));
#4133=ORIENTED_EDGE('',*,*,#4136,.T.);
#4134=ORIENTED_EDGE('',*,*,#4137,.T.);
#4135=ORIENTED_EDGE('',*,*,#4138,.T.);
#4136=EDGE_CURVE('',#435,#55,#4139,.F.);
#4137=EDGE_CURVE('',#55,#437,#4140,.T.);
#4138=EDGE_CURVE('',#437,#435,#4141,.T.);
#4139=LINE('',#434,#4142);
#4140=LINE('',#54,#4143);
#4141=LINE('',#436,#4144);
#4142=VECTOR('',#4145,1.0);
#4143=VECTOR('',#4146,1.0);
#4144=VECTOR('',#4147,1.0);
#4145=DIRECTION('',(-0.7927629777698715,0.6095300329577258,4.068591238389702E-17));
#4146=DIRECTION('',(0.7985304898902434,-0.6019543643131495,-4.364864275938292E-17));
#4147=DIRECTION('',(-0.9454842926142162,-0.3256677024511265,2.822479933495651E-16));
#4148=FACE_SURFACE('',(#4153),#4149,.T.);
#4149=PLANE('',#4150);
#4150=AXIS2_PLACEMENT_3D('',#438,#4151,#4152);
#4151=DIRECTION('',(-2.22046410228254E-16,-2.2204704193991154E-16,-1));
#4152=DIRECTION('',(-0.9817780934682556,-0.19003098480468153,2.601961193481732E-16));
#4153=FACE_BOUND('',#4154,.T.);
#4154=EDGE_LOOP('',(#4155,#4156,#4157));
#4155=ORIENTED_EDGE('',*,*,#4158,.T.);
#4156=ORIENTED_EDGE('',*,*,#4159,.T.);
#4157=ORIENTED_EDGE('',*,*,#4160,.T.);
#4158=EDGE_CURVE('',#439,#437,#4161,.F.);
#4159=EDGE_CURVE('',#437,#55,#4162,.T.);
#4160=EDGE_CURVE('',#55,#439,#4163,.T.);
#4161=LINE('',#438,#4164);
#4162=LINE('',#436,#4165);
#4163=LINE('',#54,#4166);
#4164=VECTOR('',#4167,1.0);
#4165=VECTOR('',#4168,1.0);
#4166=VECTOR('',#4169,1.0);
#4167=DIRECTION('',(-0.9817780934682556,-0.19003098480468153,2.601961193481732E-16));
#4168=DIRECTION('',(-0.7985304898902434,0.6019543643131495,4.364864275938292E-17));
#4169=DIRECTION('',(0.8035403160554528,-0.5952503342909631,-4.6249666710738105E-17));
#4170=FACE_SURFACE('',(#4175),#4171,.T.);
#4171=PLANE('',#4172);
#4172=AXIS2_PLACEMENT_3D('',#440,#4173,#4174);
#4173=DIRECTION('',(0,0,1));
#4174=DIRECTION('',(-0.7074097303282154,0.7068037021952853,0));
#4175=FACE_BOUND('',#4176,.T.);
#4176=EDGE_LOOP('',(#4177,#4178,#4179));
#4177=ORIENTED_EDGE('',*,*,#4180,.T.);
#4178=ORIENTED_EDGE('',*,*,#4181,.T.);
#4179=ORIENTED_EDGE('',*,*,#4182,.T.);
#4180=EDGE_CURVE('',#441,#287,#4183,.F.);
#4181=EDGE_CURVE('',#287,#443,#4184,.T.);
#4182=EDGE_CURVE('',#443,#441,#4185,.T.);
#4183=LINE('',#440,#4186);
#4184=LINE('',#286,#4187);
#4185=LINE('',#442,#4188);
#4186=VECTOR('',#4189,1.0);
#4187=VECTOR('',#4190,1.0);
#4188=VECTOR('',#4191,1.0);
#4189=DIRECTION('',(-0.7074097303282154,0.7068037021952853,0));
#4190=DIRECTION('',(0.7012976217090362,-0.7128686034503482,0));
#4191=DIRECTION('',(0.3256497900402563,0.9454904622716916,0));
#4192=FACE_SURFACE('',(#4197),#4193,.T.);
#4193=PLANE('',#4194);
#4194=AXIS2_PLACEMENT_3D('',#444,#4195,#4196);
#4195=DIRECTION('',(-2.2203986389623332E-16,-2.2206003148422246E-16,-1));
#4196=DIRECTION('',(0.9559491933306826,0.2935321784241334,-2.774405935613543E-16));
#4197=FACE_BOUND('',#4198,.T.);
#4198=EDGE_LOOP('',(#4199,#4200,#4201));
#4199=ORIENTED_EDGE('',*,*,#4202,.T.);
#4200=ORIENTED_EDGE('',*,*,#4203,.T.);
#4201=ORIENTED_EDGE('',*,*,#4204,.T.);
#4202=EDGE_CURVE('',#445,#447,#4205,.F.);
#4203=EDGE_CURVE('',#447,#449,#4206,.T.);
#4204=EDGE_CURVE('',#449,#445,#4207,.T.);
#4205=LINE('',#444,#4208);
#4206=LINE('',#446,#4209);
#4207=LINE('',#448,#4210);
#4208=VECTOR('',#4211,1.0);
#4209=VECTOR('',#4212,1.0);
#4210=VECTOR('',#4213,1.0);
#4211=DIRECTION('',(0.9559491933306826,0.2935321784241334,-2.774405935613543E-16));
#4212=DIRECTION('',(-0.955513777326619,-0.2949464719894378,2.776579719247132E-16));
#4213=DIRECTION('',(0.7479827611823705,0.6637181547720366,-3.134672648349908E-16));
#4214=FACE_SURFACE('',(#4219),#4215,.T.);
#4215=PLANE('',#4216);
#4216=AXIS2_PLACEMENT_3D('',#450,#4217,#4218);
#4217=DIRECTION('',(-2.2203880606492633E-16,-2.2205921711111953E-16,-1));
#4218=DIRECTION('',(0.9294825643061123,0.3688660497401921,-2.882913050608736E-16));
#4219=FACE_BOUND('',#4220,.T.);
#4220=EDGE_LOOP('',(#4221,#4222,#4223));
#4221=ORIENTED_EDGE('',*,*,#4224,.T.);
#4222=ORIENTED_EDGE('',*,*,#4225,.T.);
#4223=ORIENTED_EDGE('',*,*,#4226,.T.);
#4224=EDGE_CURVE('',#451,#149,#4227,.F.);
#4225=EDGE_CURVE('',#149,#453,#4228,.T.);
#4226=EDGE_CURVE('',#453,#451,#4229,.T.);
#4227=LINE('',#450,#4230);
#4228=LINE('',#148,#4231);
#4229=LINE('',#452,#4232);
#4230=VECTOR('',#4233,1.0);
#4231=VECTOR('',#4234,1.0);
#4232=VECTOR('',#4235,1.0);
#4233=DIRECTION('',(0.9294825643061123,0.3688660497401921,-2.882913050608736E-16));
#4234=DIRECTION('',(-0.9285231321898613,-0.3712745520343799,2.8861310403313855E-16));
#4235=DIRECTION('',(0.5571176804602537,0.8304335555109672,-3.081071698066246E-16));
#4236=FACE_SURFACE('',(#4241),#4237,.T.);
#4237=PLANE('',#4238);
#4238=AXIS2_PLACEMENT_3D('',#454,#4239,#4240);
#4239=DIRECTION('',(-2.2204793401957996E-16,-2.2203589893576284E-16,-1));
#4240=DIRECTION('',(0.9363994670134781,0.35093594597429656,-2.8584594530065386E-16));
#4241=FACE_BOUND('',#4242,.T.);
#4242=EDGE_LOOP('',(#4243,#4244,#4245));
#4243=ORIENTED_EDGE('',*,*,#4246,.T.);
#4244=ORIENTED_EDGE('',*,*,#4247,.T.);
#4245=ORIENTED_EDGE('',*,*,#4248,.T.);
#4246=EDGE_CURVE('',#455,#149,#4249,.F.);
#4247=EDGE_CURVE('',#149,#205,#4250,.T.);
#4248=EDGE_CURVE('',#205,#455,#4251,.T.);
#4249=LINE('',#454,#4252);
#4250=LINE('',#148,#4253);
#4251=LINE('',#204,#4254);
#4252=VECTOR('',#4255,1.0);
#4253=VECTOR('',#4256,1.0);
#4254=VECTOR('',#4257,1.0);
#4255=DIRECTION('',(0.9363994670134781,0.35093594597429656,-2.8584594530065386E-16));
#4256=DIRECTION('',(-0.9348299448136159,-0.355095725516053,2.864210565287051E-16));
#4257=DIRECTION('',(-0.06301822881954519,0.9980123760938275,-2.0760150756005646E-16));
#4258=FACE_SURFACE('',(#4263),#4259,.T.);
#4259=PLANE('',#4260);
#4260=AXIS2_PLACEMENT_3D('',#274,#4261,#4262);
#4261=DIRECTION('',(-2.220533334733068E-16,-2.220529701478729E-16,-1));
#4262=DIRECTION('',(-0.06299827076435198,-0.998013636119618,2.3560086817471797E-16));
#4263=FACE_BOUND('',#4264,.T.);
#4264=EDGE_LOOP('',(#4265,#4266,#4267));
#4265=ORIENTED_EDGE('',*,*,#4268,.T.);
#4266=ORIENTED_EDGE('',*,*,#4269,.T.);
#4267=ORIENTED_EDGE('',*,*,#4270,.T.);
#4268=EDGE_CURVE('',#275,#261,#4271,.F.);
#4269=EDGE_CURVE('',#261,#259,#4272,.T.);
#4270=EDGE_CURVE('',#259,#275,#4273,.T.);
#4271=LINE('',#274,#4274);
#4272=LINE('',#260,#4275);
#4273=LINE('',#258,#4276);
#4274=VECTOR('',#4277,1.0);
#4275=VECTOR('',#4278,1.0);
#4276=VECTOR('',#4279,1.0);
#4277=DIRECTION('',(-0.06299827076435198,-0.998013636119618,2.3560086817471797E-16));
#4278=DIRECTION('',(-0.690662616946433,0.7231771218399436,-7.219691449196575E-18));
#4279=DIRECTION('',(0.6957079558535758,-0.7183247456144324,5.021872573213248E-18));
#4280=FACE_SURFACE('',(#4285),#4281,.T.);
#4281=PLANE('',#4282);
#4282=AXIS2_PLACEMENT_3D('',#150,#4283,#4284);
#4283=DIRECTION('',(-2.220482412370218E-16,-2.2203544200912747E-16,-1));
#4284=DIRECTION('',(0.9306300733851656,0.36596129100100383,-2.879011480430954E-16));
#4285=FACE_BOUND('',#4286,.T.);
#4286=EDGE_LOOP('',(#4287,#4288,#4289));
#4287=ORIENTED_EDGE('',*,*,#4290,.T.);
#4288=ORIENTED_EDGE('',*,*,#4291,.T.);
#4289=ORIENTED_EDGE('',*,*,#4292,.T.);
#4290=EDGE_CURVE('',#151,#149,#4293,.F.);
#4291=EDGE_CURVE('',#149,#451,#4294,.T.);
#4292=EDGE_CURVE('',#451,#151,#4295,.T.);
#4293=LINE('',#150,#4296);
#4294=LINE('',#148,#4297);
#4295=LINE('',#450,#4298);
#4296=VECTOR('',#4299,1.0);
#4297=VECTOR('',#4300,1.0);
#4298=VECTOR('',#4301,1.0);
#4299=DIRECTION('',(0.9306300733851656,0.36596129100100383,-2.879011480430954E-16));
#4300=DIRECTION('',(-0.9294825643061123,-0.3688660497401921,2.882913050608736E-16));
#4301=DIRECTION('',(0.4388519507202181,0.8985593833181307,-2.9695833366735075E-16));
#4302=FACE_SURFACE('',(#4307),#4303,.T.);
#4303=PLANE('',#4304);
#4304=AXIS2_PLACEMENT_3D('',#206,#4305,#4306);
#4305=DIRECTION('',(-2.220465096687378E-16,-2.2203968231431273E-16,-1));
#4306=DIRECTION('',(0.9333217343571267,0.3590411399500134,-2.8696221416424257E-16));
#4307=FACE_BOUND('',#4308,.T.);
#4308=EDGE_LOOP('',(#4309,#4310,#4311));
#4309=ORIENTED_EDGE('',*,*,#4312,.T.);
#4310=ORIENTED_EDGE('',*,*,#4313,.T.);
#4311=ORIENTED_EDGE('',*,*,#4314,.T.);
#4312=EDGE_CURVE('',#207,#149,#4315,.F.);
#4313=EDGE_CURVE('',#149,#147,#4316,.T.);
#4314=EDGE_CURVE('',#147,#207,#4317,.T.);
#4315=LINE('',#206,#4318);
#4316=LINE('',#148,#4319);
#4317=LINE('',#146,#4320);
#4318=VECTOR('',#4321,1.0);
#4319=VECTOR('',#4322,1.0);
#4320=VECTOR('',#4323,1.0);
#4321=DIRECTION('',(0.9333217343571267,0.3590411399500134,-2.8696221416424257E-16));
#4322=DIRECTION('',(-0.9319124987685383,-0.36268318769827074,2.8745797744549214E-16));
#4323=DIRECTION('',(0.1900369322817254,0.9817769422679222,-2.6019047788599823E-16));
#4324=FACE_SURFACE('',(#4329),#4325,.T.);
#4325=PLANE('',#4326);
#4326=AXIS2_PLACEMENT_3D('',#260,#4327,#4328);
#4327=DIRECTION('',(-2.2204208753459106E-16,-2.2203775893631612E-16,-1));
#4328=DIRECTION('',(0.06299764085672659,-0.9980136758814916,2.0760859229493935E-16));
#4329=FACE_BOUND('',#4330,.T.);
#4330=EDGE_LOOP('',(#4331,#4332,#4333));
#4331=ORIENTED_EDGE('',*,*,#4334,.T.);
#4332=ORIENTED_EDGE('',*,*,#4335,.T.);
#4333=ORIENTED_EDGE('',*,*,#4336,.T.);
#4334=EDGE_CURVE('',#261,#457,#4337,.F.);
#4335=EDGE_CURVE('',#457,#109,#4338,.T.);
#4336=EDGE_CURVE('',#109,#261,#4339,.T.);
#4337=LINE('',#260,#4340);
#4338=LINE('',#456,#4341);
#4339=LINE('',#108,#4342);
#4340=VECTOR('',#4343,1.0);
#4341=VECTOR('',#4344,1.0);
#4342=VECTOR('',#4345,1.0);
#4343=DIRECTION('',(0.06299764085672659,-0.9980136758814916,2.0760859229493935E-16));
#4344=DIRECTION('',(-0.9380851816141184,0.3464046651475796,1.3137947647641124E-16));
#4345=DIRECTION('',(0.9394974211552276,-0.34255597446647595,-1.3254760774588937E-16));
#4346=FACE_SURFACE('',(#4351),#4347,.T.);
#4347=PLANE('',#4348);
#4348=AXIS2_PLACEMENT_3D('',#456,#4349,#4350);
#4349=DIRECTION('',(-2.220446163548544E-16,-2.2204460713743663E-16,-1));
#4350=DIRECTION('',(0.1900369322817254,-0.9817769422679222,1.758015977207254E-16));
#4351=FACE_BOUND('',#4352,.T.);
#4352=EDGE_LOOP('',(#4353,#4354,#4355));
#4353=ORIENTED_EDGE('',*,*,#4356,.T.);
#4354=ORIENTED_EDGE('',*,*,#4357,.T.);
#4355=ORIENTED_EDGE('',*,*,#4358,.T.);
#4356=EDGE_CURVE('',#457,#131,#4359,.F.);
#4357=EDGE_CURVE('',#131,#109,#4360,.T.);
#4358=EDGE_CURVE('',#109,#457,#4361,.T.);
#4359=LINE('',#456,#4362);
#4360=LINE('',#130,#4363);
#4361=LINE('',#108,#4364);
#4362=VECTOR('',#4365,1.0);
#4363=VECTOR('',#4366,1.0);
#4364=VECTOR('',#4367,1.0);
#4365=DIRECTION('',(0.1900369322817254,-0.9817769422679222,1.758015977207254E-16));
#4366=DIRECTION('',(-0.9367621758120984,0.3499666069324088,1.3029480019640765E-16));
#4367=DIRECTION('',(0.9380851816141184,-0.3464046651475796,-1.3137947647641124E-16));
#4368=FACE_SURFACE('',(#4373),#4369,.T.);
#4369=PLANE('',#4370);
#4370=AXIS2_PLACEMENT_3D('',#458,#4371,#4372);
#4371=DIRECTION('',(0,0,1));
#4372=DIRECTION('',(-0.7204817238916364,0.6934739256368158,0));
#4373=FACE_BOUND('',#4374,.T.);
#4374=EDGE_LOOP('',(#4375,#4376,#4377));
#4375=ORIENTED_EDGE('',*,*,#4378,.T.);
#4376=ORIENTED_EDGE('',*,*,#4379,.T.);
#4377=ORIENTED_EDGE('',*,*,#4380,.T.);
#4378=EDGE_CURVE('',#459,#287,#4381,.F.);
#4379=EDGE_CURVE('',#287,#461,#4382,.T.);
#4380=EDGE_CURVE('',#461,#459,#4383,.T.);
#4381=LINE('',#458,#4384);
#4382=LINE('',#286,#4385);
#4383=LINE('',#460,#4386);
#4384=VECTOR('',#4387,1.0);
#4385=VECTOR('',#4388,1.0);
#4386=VECTOR('',#4389,1.0);
#4387=DIRECTION('',(-0.7204817238916364,0.6934739256368158,0));
#4388=DIRECTION('',(0.7138650123821336,-0.7002833313000217,0));
#4389=DIRECTION('',(0.5571315068177726,0.8304242795769873,0));
#4390=FACE_SURFACE('',(#4395),#4391,.T.);
#4391=PLANE('',#4392);
#4392=AXIS2_PLACEMENT_3D('',#462,#4393,#4394);
#4393=DIRECTION('',(0,0,1));
#4394=DIRECTION('',(-0.727128565344258,0.6865013106035569,0));
#4395=FACE_BOUND('',#4396,.T.);
#4396=EDGE_LOOP('',(#4397,#4398,#4399));
#4397=ORIENTED_EDGE('',*,*,#4400,.T.);
#4398=ORIENTED_EDGE('',*,*,#4401,.T.);
#4399=ORIENTED_EDGE('',*,*,#4402,.T.);
#4400=EDGE_CURVE('',#463,#287,#4403,.F.);
#4401=EDGE_CURVE('',#287,#459,#4404,.T.);
#4402=EDGE_CURVE('',#459,#463,#4405,.T.);
#4403=LINE('',#462,#4406);
#4404=LINE('',#286,#4407);
#4405=LINE('',#458,#4408);
#4406=VECTOR('',#4409,1.0);
#4407=VECTOR('',#4410,1.0);
#4408=VECTOR('',#4411,1.0);
#4409=DIRECTION('',(-0.727128565344258,0.6865013106035569,0));
#4410=DIRECTION('',(0.7204817238916364,-0.6934739256368158,0));
#4411=DIRECTION('',(0.6637075457536028,0.747992174898728,0));
#4412=FACE_SURFACE('',(#4417),#4413,.T.);
#4413=PLANE('',#4414);
#4414=AXIS2_PLACEMENT_3D('',#464,#4415,#4416);
#4415=DIRECTION('',(-0.4388240724108126,-0.8985729984106967,0));
#4416=DIRECTION('',(0,0,1));
#4417=FACE_BOUND('',#4418,.T.);
#4418=EDGE_LOOP('',(#4419,#4420,#4421));
#4419=ORIENTED_EDGE('',*,*,#4422,.T.);
#4420=ORIENTED_EDGE('',*,*,#4423,.T.);
#4421=ORIENTED_EDGE('',*,*,#4424,.T.);
#4422=EDGE_CURVE('',#465,#267,#4425,.F.);
#4423=EDGE_CURVE('',#267,#467,#4426,.T.);
#4424=EDGE_CURVE('',#467,#465,#4427,.T.);
#4425=LINE('',#464,#4428);
#4426=LINE('',#266,#4429);
#4427=LINE('',#466,#4430);
#4428=VECTOR('',#4431,1.0);
#4429=VECTOR('',#4432,1.0);
#4430=VECTOR('',#4433,1.0);
#4431=DIRECTION('',(0,0,1));
#4432=DIRECTION('',(-0.8985729984106967,0.4388240724108126,0));
#4433=DIRECTION('',(0.028652871912634475,-0.013992819683216038,-0.9994914776667538));
#4434=FACE_SURFACE('',(#4439),#4435,.T.);
#4435=PLANE('',#4436);
#4436=AXIS2_PLACEMENT_3D('',#56,#4437,#4438);
#4437=DIRECTION('',(0,0,1));
#4438=DIRECTION('',(0.8140146979545834,-0.5808442747534905,0));
#4439=FACE_BOUND('',#4440,.T.);
#4440=EDGE_LOOP('',(#4441,#4442,#4443));
#4441=ORIENTED_EDGE('',*,*,#4444,.T.);
#4442=ORIENTED_EDGE('',*,*,#4445,.T.);
#4443=ORIENTED_EDGE('',*,*,#4446,.T.);
#4444=EDGE_CURVE('',#57,#469,#4447,.F.);
#4445=EDGE_CURVE('',#469,#427,#4448,.T.);
#4446=EDGE_CURVE('',#427,#57,#4449,.T.);
#4447=LINE('',#56,#4450);
#4448=LINE('',#468,#4451);
#4449=LINE('',#426,#4452);
#4450=VECTOR('',#4453,1.0);
#4451=VECTOR('',#4454,1.0);
#4452=VECTOR('',#4455,1.0);
#4453=DIRECTION('',(0.8140146979545834,-0.5808442747534905,0));
#4454=DIRECTION('',(0.9999980737298282,-0.001962787974563587,0));
#4455=DIRECTION('',(-0.9973986452835122,0.07208288553196723,0));
#4456=FACE_SURFACE('',(#4461),#4457,.T.);
#4457=PLANE('',#4458);
#4458=AXIS2_PLACEMENT_3D('',#470,#4459,#4460);
#4459=DIRECTION('',(-0.557126956502431,-0.8304273323646917,0));
#4460=DIRECTION('',(0,0,1));
#4461=FACE_BOUND('',#4462,.T.);
#4462=EDGE_LOOP('',(#4463,#4464,#4465));
#4463=ORIENTED_EDGE('',*,*,#4466,.T.);
#4464=ORIENTED_EDGE('',*,*,#4467,.T.);
#4465=ORIENTED_EDGE('',*,*,#4468,.T.);
#4466=EDGE_CURVE('',#471,#265,#4469,.F.);
#4467=EDGE_CURVE('',#265,#465,#4470,.T.);
#4468=EDGE_CURVE('',#465,#471,#4471,.T.);
#4469=LINE('',#470,#4472);
#4470=LINE('',#264,#4473);
#4471=LINE('',#464,#4474);
#4472=VECTOR('',#4475,1.0);
#4473=VECTOR('',#4476,1.0);
#4474=VECTOR('',#4477,1.0);
#4475=DIRECTION('',(0,0,1));
#4476=DIRECTION('',(-0.026319626035663103,0.01765762346450748,-0.9994976166149314));
#4477=DIRECTION('',(0.8304273323646918,-0.557126956502431,-6.068709997179945E-17));
#4478=FACE_SURFACE('',(#4483),#4479,.T.);
#4479=PLANE('',#4480);
#4480=AXIS2_PLACEMENT_3D('',#266,#4481,#4482);
#4481=DIRECTION('',(-0.557126956502431,-0.8304273323646917,-0));
#4482=DIRECTION('',(0,0,-1));
#4483=FACE_BOUND('',#4484,.T.);
#4484=EDGE_LOOP('',(#4485,#4486,#4487));
#4485=ORIENTED_EDGE('',*,*,#4488,.T.);
#4486=ORIENTED_EDGE('',*,*,#4489,.T.);
#4487=ORIENTED_EDGE('',*,*,#4490,.T.);
#4488=EDGE_CURVE('',#267,#465,#4491,.F.);
#4489=EDGE_CURVE('',#465,#265,#4492,.T.);
#4490=EDGE_CURVE('',#265,#267,#4493,.T.);
#4491=LINE('',#266,#4494);
#4492=LINE('',#464,#4495);
#4493=LINE('',#264,#4496);
#4494=VECTOR('',#4497,1.0);
#4495=VECTOR('',#4498,1.0);
#4496=VECTOR('',#4499,1.0);
#4497=DIRECTION('',(0,0,-1));
#4498=DIRECTION('',(0.026319626035663103,-0.01765762346450748,0.9994976166149314));
#4499=DIRECTION('',(-0.8304273323646918,0.557126956502431,0));
#4500=FACE_SURFACE('',(#4505),#4501,.T.);
#4501=PLANE('',#4502);
#4502=AXIS2_PLACEMENT_3D('',#472,#4503,#4504);
#4503=DIRECTION('',(0,0,1));
#4504=DIRECTION('',(-0.9975049399504073,0.07059670512519886,0));
#4505=FACE_BOUND('',#4506,.T.);
#4506=EDGE_LOOP('',(#4507,#4508,#4509));
#4507=ORIENTED_EDGE('',*,*,#4510,.T.);
#4508=ORIENTED_EDGE('',*,*,#4511,.T.);
#4509=ORIENTED_EDGE('',*,*,#4512,.T.);
#4510=EDGE_CURVE('',#473,#57,#4513,.F.);
#4511=EDGE_CURVE('',#57,#475,#4514,.T.);
#4512=EDGE_CURVE('',#475,#473,#4515,.T.);
#4513=LINE('',#472,#4516);
#4514=LINE('',#56,#4517);
#4515=LINE('',#474,#4518);
#4516=VECTOR('',#4519,1.0);
#4517=VECTOR('',#4520,1.0);
#4518=VECTOR('',#4521,1.0);
#4519=DIRECTION('',(-0.9975049399504073,0.07059670512519886,0));
#4520=DIRECTION('',(0.9974573504038529,-0.07126593944743663,0));
#4521=DIRECTION('',(0.8985653228989117,0.43883978908432475,0));
#4522=FACE_SURFACE('',(#4527),#4523,.T.);
#4523=PLANE('',#4524);
#4524=AXIS2_PLACEMENT_3D('',#470,#4525,#4526);
#4525=DIRECTION('',(-0.6637181547720366,-0.7479827611823704,0));
#4526=DIRECTION('',(0.023654544431215643,-0.020989722486440692,0.999499821949806));
#4527=FACE_BOUND('',#4528,.T.);
#4528=EDGE_LOOP('',(#4529,#4530,#4531));
#4529=ORIENTED_EDGE('',*,*,#4532,.T.);
#4530=ORIENTED_EDGE('',*,*,#4533,.T.);
#4531=ORIENTED_EDGE('',*,*,#4534,.T.);
#4532=EDGE_CURVE('',#471,#263,#4535,.F.);
#4533=EDGE_CURVE('',#263,#265,#4536,.T.);
#4534=EDGE_CURVE('',#265,#471,#4537,.T.);
#4535=LINE('',#470,#4538);
#4536=LINE('',#262,#4539);
#4537=LINE('',#264,#4540);
#4538=VECTOR('',#4541,1.0);
#4539=VECTOR('',#4542,1.0);
#4540=VECTOR('',#4543,1.0);
#4541=DIRECTION('',(0.023654544431215643,-0.020989722486440692,0.999499821949806));
#4542=DIRECTION('',(-0.7479827611823705,0.6637181547720366,0));
#4543=DIRECTION('',(0,0,-1));
#4544=FACE_SURFACE('',(#4549),#4545,.T.);
#4545=PLANE('',#4546);
#4546=AXIS2_PLACEMENT_3D('',#142,#4547,#4548);
#4547=DIRECTION('',(-2.2204458727851297E-16,-2.2204456421794888E-16,-1));
#4548=DIRECTION('',(0,-1,2.2204456421794888E-16));
#4549=FACE_BOUND('',#4550,.T.);
#4550=EDGE_LOOP('',(#4551,#4552,#4553));
#4551=ORIENTED_EDGE('',*,*,#4554,.T.);
#4552=ORIENTED_EDGE('',*,*,#4555,.T.);
#4553=ORIENTED_EDGE('',*,*,#4556,.T.);
#4554=EDGE_CURVE('',#143,#447,#4557,.F.);
#4555=EDGE_CURVE('',#447,#149,#4558,.T.);
#4556=EDGE_CURVE('',#149,#143,#4559,.T.);
#4557=LINE('',#142,#4560);
#4558=LINE('',#446,#4561);
#4559=LINE('',#148,#4562);
#4560=VECTOR('',#4563,1.0);
#4561=VECTOR('',#4564,1.0);
#4562=VECTOR('',#4565,1.0);
#4563=DIRECTION('',(0,-1,2.2204456421794888E-16));
#4564=DIRECTION('',(-1,0,2.2204458727851297E-16));
#4565=DIRECTION('',(0.41892538006585794,0.9080206638269178,-2.9464116571755826E-16));
#4566=FACE_SURFACE('',(#4571),#4567,.T.);
#4567=PLANE('',#4568);
#4568=AXIS2_PLACEMENT_3D('',#142,#4569,#4570);
#4569=DIRECTION('',(-2.2204458727851297E-16,-2.2204456421794888E-16,-1));
#4570=DIRECTION('',(-0.41892538006585794,-0.9080206638269178,2.9464116571755826E-16));
#4571=FACE_BOUND('',#4572,.T.);
#4572=EDGE_LOOP('',(#4573,#4574,#4575));
#4573=ORIENTED_EDGE('',*,*,#4576,.T.);
#4574=ORIENTED_EDGE('',*,*,#4577,.T.);
#4575=ORIENTED_EDGE('',*,*,#4578,.T.);
#4576=EDGE_CURVE('',#143,#149,#4579,.F.);
#4577=EDGE_CURVE('',#149,#89,#4580,.T.);
#4578=EDGE_CURVE('',#89,#143,#4581,.T.);
#4579=LINE('',#142,#4582);
#4580=LINE('',#148,#4583);
#4581=LINE('',#88,#4584);
#4582=VECTOR('',#4585,1.0);
#4583=VECTOR('',#4586,1.0);
#4584=VECTOR('',#4587,1.0);
#4585=DIRECTION('',(-0.41892538006585794,-0.9080206638269178,2.9464116571755826E-16));
#4586=DIRECTION('',(0,1,-2.2204456421794888E-16));
#4587=DIRECTION('',(1,0,-2.2204458727851297E-16));
#4588=FACE_SURFACE('',(#4593),#4589,.T.);
#4589=PLANE('',#4590);
#4590=AXIS2_PLACEMENT_3D('',#476,#4591,#4592);
#4591=DIRECTION('',(-2.2204458727851297E-16,-2.2204459678361482E-16,-1));
#4592=DIRECTION('',(0,-1,2.2204459678361482E-16));
#4593=FACE_BOUND('',#4594,.T.);
#4594=EDGE_LOOP('',(#4595,#4596,#4597));
#4595=ORIENTED_EDGE('',*,*,#4598,.T.);
#4596=ORIENTED_EDGE('',*,*,#4599,.T.);
#4597=ORIENTED_EDGE('',*,*,#4600,.T.);
#4598=EDGE_CURVE('',#477,#109,#4601,.F.);
#4599=EDGE_CURVE('',#109,#479,#4602,.T.);
#4600=EDGE_CURVE('',#479,#477,#4603,.T.);
#4601=LINE('',#476,#4604);
#4602=LINE('',#108,#4605);
#4603=LINE('',#478,#4606);
#4604=VECTOR('',#4607,1.0);
#4605=VECTOR('',#4608,1.0);
#4606=VECTOR('',#4609,1.0);
#4607=DIRECTION('',(0,-1,2.2204459678361482E-16));
#4608=DIRECTION('',(-1,0,2.2204458727851297E-16));
#4609=DIRECTION('',(0.41892538006585794,0.9080206638269178,-2.9464119528785586E-16));
#4610=FACE_SURFACE('',(#4615),#4611,.T.);
#4611=PLANE('',#4612);
#4612=AXIS2_PLACEMENT_3D('',#476,#4613,#4614);
#4613=DIRECTION('',(-2.2204458727851297E-16,-2.2204459678361482E-16,-1));
#4614=DIRECTION('',(-0.41892538006585794,-0.9080206638269178,2.9464119528785586E-16));
#4615=FACE_BOUND('',#4616,.T.);
#4616=EDGE_LOOP('',(#4617,#4618,#4619));
#4617=ORIENTED_EDGE('',*,*,#4620,.T.);
#4618=ORIENTED_EDGE('',*,*,#4621,.T.);
#4619=ORIENTED_EDGE('',*,*,#4622,.T.);
#4620=EDGE_CURVE('',#477,#479,#4623,.F.);
#4621=EDGE_CURVE('',#479,#141,#4624,.T.);
#4622=EDGE_CURVE('',#141,#477,#4625,.T.);
#4623=LINE('',#476,#4626);
#4624=LINE('',#478,#4627);
#4625=LINE('',#140,#4628);
#4626=VECTOR('',#4629,1.0);
#4627=VECTOR('',#4630,1.0);
#4628=VECTOR('',#4631,1.0);
#4629=DIRECTION('',(-0.41892538006585794,-0.9080206638269178,2.9464119528785586E-16));
#4630=DIRECTION('',(0,1,-2.2204459678361482E-16));
#4631=DIRECTION('',(1,0,-2.2204458727851297E-16));
#4632=FACE_SURFACE('',(#4637),#4633,.T.);
#4633=PLANE('',#4634);
#4634=AXIS2_PLACEMENT_3D('',#480,#4635,#4636);
#4635=DIRECTION('',(0,0,1));
#4636=DIRECTION('',(-0.7336818595251736,0.6794931412484482,0));
#4637=FACE_BOUND('',#4638,.T.);
#4638=EDGE_LOOP('',(#4639,#4640,#4641));
#4639=ORIENTED_EDGE('',*,*,#4642,.T.);
#4640=ORIENTED_EDGE('',*,*,#4643,.T.);
#4641=ORIENTED_EDGE('',*,*,#4644,.T.);
#4642=EDGE_CURVE('',#481,#287,#4645,.F.);
#4643=EDGE_CURVE('',#287,#463,#4646,.T.);
#4644=EDGE_CURVE('',#463,#481,#4647,.T.);
#4645=LINE('',#480,#4648);
#4646=LINE('',#286,#4649);
#4647=LINE('',#462,#4650);
#4648=VECTOR('',#4651,1.0);
#4649=VECTOR('',#4652,1.0);
#4650=VECTOR('',#4653,1.0);
#4651=DIRECTION('',(-0.7336818595251736,0.6794931412484482,0));
#4652=DIRECTION('',(0.727128565344258,-0.6865013106035569,0));
#4653=DIRECTION('',(0.7479877490497359,0.6637125336103797,0));
#4654=FACE_SURFACE('',(#4659),#4655,.T.);
#4655=PLANE('',#4656);
#4656=AXIS2_PLACEMENT_3D('',#482,#4657,#4658);
#4657=DIRECTION('',(0,0,1));
#4658=DIRECTION('',(-0.8985690693474205,-0.43883211779917664,0));
#4659=FACE_BOUND('',#4660,.T.);
#4660=EDGE_LOOP('',(#4661,#4662,#4663));
#4661=ORIENTED_EDGE('',*,*,#4664,.T.);
#4662=ORIENTED_EDGE('',*,*,#4665,.T.);
#4663=ORIENTED_EDGE('',*,*,#4666,.T.);
#4664=EDGE_CURVE('',#483,#227,#4667,.F.);
#4665=EDGE_CURVE('',#227,#159,#4668,.T.);
#4666=EDGE_CURVE('',#159,#483,#4669,.T.);
#4667=LINE('',#482,#4670);
#4668=LINE('',#226,#4671);
#4669=LINE('',#158,#4672);
#4670=VECTOR('',#4673,1.0);
#4671=VECTOR('',#4674,1.0);
#4672=VECTOR('',#4675,1.0);
#4673=DIRECTION('',(-0.8985690693474205,-0.43883211779917664,0));
#4674=DIRECTION('',(-0.006995992725417068,-0.9999755277434473,0));
#4675=DIRECTION('',(0.010267064581664515,0.9999472923033874,0));
#4676=FACE_SURFACE('',(#4681),#4677,.T.);
#4677=PLANE('',#4678);
#4678=AXIS2_PLACEMENT_3D('',#484,#4679,#4680);
#4679=DIRECTION('',(-0.19002128047862832,0.9817799717682483,0));
#4680=DIRECTION('',(0,0,1));
#4681=FACE_BOUND('',#4682,.T.);
#4682=EDGE_LOOP('',(#4683,#4684,#4685));
#4683=ORIENTED_EDGE('',*,*,#4686,.T.);
#4684=ORIENTED_EDGE('',*,*,#4687,.T.);
#4685=ORIENTED_EDGE('',*,*,#4688,.T.);
#4686=EDGE_CURVE('',#485,#157,#4689,.F.);
#4687=EDGE_CURVE('',#157,#155,#4690,.T.);
#4688=EDGE_CURVE('',#155,#485,#4691,.T.);
#4689=LINE('',#484,#4692);
#4690=LINE('',#156,#4693);
#4691=LINE('',#154,#4694);
#4692=VECTOR('',#4695,1.0);
#4693=VECTOR('',#4696,1.0);
#4694=VECTOR('',#4697,1.0);
#4695=DIRECTION('',(0,0,1));
#4696=DIRECTION('',(0.9817799717682484,0.19002128047862832,0));
#4697=DIRECTION('',(-0.030984060340292986,-0.005996894405663581,-0.9995018885736617));
#4698=FACE_SURFACE('',(#4703),#4699,.T.);
#4699=PLANE('',#4700);
#4700=AXIS2_PLACEMENT_3D('',#214,#4701,#4702);
#4701=DIRECTION('',(0,0,1));
#4702=DIRECTION('',(-0.7479877490497359,-0.6637125336103797,0));
#4703=FACE_BOUND('',#4704,.T.);
#4704=EDGE_LOOP('',(#4705,#4706,#4707));
#4705=ORIENTED_EDGE('',*,*,#4708,.T.);
#4706=ORIENTED_EDGE('',*,*,#4709,.T.);
#4707=ORIENTED_EDGE('',*,*,#4710,.T.);
#4708=EDGE_CURVE('',#215,#487,#4711,.F.);
#4709=EDGE_CURVE('',#487,#159,#4712,.T.);
#4710=EDGE_CURVE('',#159,#215,#4713,.T.);
#4711=LINE('',#214,#4714);
#4712=LINE('',#486,#4715);
#4713=LINE('',#158,#4716);
#4714=VECTOR('',#4717,1.0);
#4715=VECTOR('',#4718,1.0);
#4716=VECTOR('',#4719,1.0);
#4717=DIRECTION('',(-0.7479877490497359,-0.6637125336103797,0));
#4718=DIRECTION('',(-0.013254952104850934,-0.9999121492634732,0));
#4719=DIRECTION('',(0.015920411247406212,0.9998732622216244,0));
#4720=FACE_SURFACE('',(#4725),#4721,.T.);
#4721=PLANE('',#4722);
#4722=AXIS2_PLACEMENT_3D('',#488,#4723,#4724);
#4723=DIRECTION('',(-2.220451256495869E-16,-2.2203739013986983E-16,-1));
#4724=DIRECTION('',(0.9973755088850685,0.07240230850083712,-2.375383898098333E-16));
#4725=FACE_BOUND('',#4726,.T.);
#4726=EDGE_LOOP('',(#4727,#4728,#4729));
#4727=ORIENTED_EDGE('',*,*,#4730,.T.);
#4728=ORIENTED_EDGE('',*,*,#4731,.T.);
#4729=ORIENTED_EDGE('',*,*,#4732,.T.);
#4730=EDGE_CURVE('',#489,#65,#4733,.F.);
#4731=EDGE_CURVE('',#65,#491,#4734,.T.);
#4732=EDGE_CURVE('',#491,#489,#4735,.T.);
#4733=LINE('',#488,#4736);
#4734=LINE('',#64,#4737);
#4735=LINE('',#490,#4738);
#4736=VECTOR('',#4739,1.0);
#4737=VECTOR('',#4740,1.0);
#4738=VECTOR('',#4741,1.0);
#4739=DIRECTION('',(0.9973755088850685,0.07240230850083712,-2.375383898098333E-16));
#4740=DIRECTION('',(-0.9973148270258023,-0.07323343358394388,2.377094565431007E-16));
#4741=DIRECTION('',(-0.8304273323646918,0.557126956502431,6.068932595940066E-17));
#4742=FACE_SURFACE('',(#4747),#4743,.T.);
#4743=PLANE('',#4744);
#4744=AXIS2_PLACEMENT_3D('',#492,#4745,#4746);
#4745=DIRECTION('',(-2.2204396501699352E-16,-2.2205337839421433E-16,-1));
#4746=DIRECTION('',(0.9974247234877194,0.07172113339488215,-2.373980603817873E-16));
#4747=FACE_BOUND('',#4748,.T.);
#4748=EDGE_LOOP('',(#4749,#4750,#4751));
#4749=ORIENTED_EDGE('',*,*,#4752,.T.);
#4750=ORIENTED_EDGE('',*,*,#4753,.T.);
#4751=ORIENTED_EDGE('',*,*,#4754,.T.);
#4752=EDGE_CURVE('',#493,#65,#4755,.F.);
#4753=EDGE_CURVE('',#65,#489,#4756,.T.);
#4754=EDGE_CURVE('',#489,#493,#4757,.T.);
#4755=LINE('',#492,#4758);
#4756=LINE('',#64,#4759);
#4757=LINE('',#488,#4760);
#4758=VECTOR('',#4761,1.0);
#4759=VECTOR('',#4762,1.0);
#4760=VECTOR('',#4763,1.0);
#4761=DIRECTION('',(0.9974247234877194,0.07172113339488215,-2.373980603817873E-16));
#4762=DIRECTION('',(-0.9973755088850685,-0.07240230850083712,2.375383898098333E-16));
#4763=DIRECTION('',(-0.8985691607578904,0.43883193062362763,1.0207774655444226E-16));
#4764=FACE_SURFACE('',(#4769),#4765,.T.);
#4765=PLANE('',#4766);
#4766=AXIS2_PLACEMENT_3D('',#494,#4767,#4768);
#4767=DIRECTION('',(-0,0,1));
#4768=DIRECTION('',(0.9335254871580655,-0.3585110386393931,0));
#4769=FACE_BOUND('',#4770,.T.);
#4770=EDGE_LOOP('',(#4771,#4772,#4773));
#4771=ORIENTED_EDGE('',*,*,#4774,.T.);
#4772=ORIENTED_EDGE('',*,*,#4775,.T.);
#4773=ORIENTED_EDGE('',*,*,#4776,.T.);
#4774=EDGE_CURVE('',#495,#497,#4777,.F.);
#4775=EDGE_CURVE('',#497,#499,#4778,.T.);
#4776=EDGE_CURVE('',#499,#495,#4779,.T.);
#4777=LINE('',#494,#4780);
#4778=LINE('',#496,#4781);
#4779=LINE('',#498,#4782);
#4780=VECTOR('',#4783,1.0);
#4781=VECTOR('',#4784,1.0);
#4782=VECTOR('',#4785,1.0);
#4783=DIRECTION('',(0.9335254871580655,-0.3585110386393931,0));
#4784=DIRECTION('',(-0.9318242490845913,0.3629098632139081,0));
#4785=DIRECTION('',(-0.19001752404024772,-0.9817806988108974,0));
#4786=FACE_SURFACE('',(#4791),#4787,.T.);
#4787=PLANE('',#4788);
#4788=AXIS2_PLACEMENT_3D('',#156,#4789,#4790);
#4789=DIRECTION('',(-0.06302694742222241,0.9980118255304575,0));
#4790=DIRECTION('',(0,0,-1));
#4791=FACE_BOUND('',#4792,.T.);
#4792=EDGE_LOOP('',(#4793,#4794,#4795));
#4793=ORIENTED_EDGE('',*,*,#4796,.T.);
#4794=ORIENTED_EDGE('',*,*,#4797,.T.);
#4795=ORIENTED_EDGE('',*,*,#4798,.T.);
#4796=EDGE_CURVE('',#157,#485,#4799,.F.);
#4797=EDGE_CURVE('',#485,#177,#4800,.T.);
#4798=EDGE_CURVE('',#177,#157,#4801,.T.);
#4799=LINE('',#156,#4802);
#4800=LINE('',#484,#4803);
#4801=LINE('',#176,#4804);
#4802=VECTOR('',#4805,1.0);
#4803=VECTOR('',#4806,1.0);
#4804=VECTOR('',#4807,1.0);
#4805=DIRECTION('',(0,0,-1));
#4806=DIRECTION('',(-0.03165114434305635,-0.0019988490710545247,0.999496978316676));
#4807=DIRECTION('',(0.9980118255304575,0.06302694742222241,0));
#4808=FACE_SURFACE('',(#4813),#4809,.T.);
#4809=PLANE('',#4810);
#4810=AXIS2_PLACEMENT_3D('',#406,#4811,#4812);
#4811=DIRECTION('',(-0,0,1));
#4812=DIRECTION('',(0.9454842926142162,-0.3256677024511265,0));
#4813=FACE_BOUND('',#4814,.T.);
#4814=EDGE_LOOP('',(#4815,#4816,#4817));
#4815=ORIENTED_EDGE('',*,*,#4818,.T.);
#4816=ORIENTED_EDGE('',*,*,#4819,.T.);
#4817=ORIENTED_EDGE('',*,*,#4820,.T.);
#4818=EDGE_CURVE('',#407,#283,#4821,.F.);
#4819=EDGE_CURVE('',#283,#217,#4822,.T.);
#4820=EDGE_CURVE('',#217,#407,#4823,.T.);
#4821=LINE('',#406,#4824);
#4822=LINE('',#282,#4825);
#4823=LINE('',#216,#4826);
#4824=VECTOR('',#4827,1.0);
#4825=VECTOR('',#4828,1.0);
#4826=VECTOR('',#4829,1.0);
#4827=DIRECTION('',(0.9454842926142162,-0.3256677024511265,0));
#4828=DIRECTION('',(0.20391397666178865,0.9789888100085595,0));
#4829=DIRECTION('',(-0.20737505825410668,-0.9782615116696075,0));
#4830=FACE_SURFACE('',(#4835),#4831,.T.);
#4831=PLANE('',#4832);
#4832=AXIS2_PLACEMENT_3D('',#158,#4833,#4834);
#4833=DIRECTION('',(-0,0,1));
#4834=DIRECTION('',(0.9817799717682484,-0.19002128047862832,0));
#4835=FACE_BOUND('',#4836,.T.);
#4836=EDGE_LOOP('',(#4837,#4838,#4839));
#4837=ORIENTED_EDGE('',*,*,#4840,.T.);
#4838=ORIENTED_EDGE('',*,*,#4841,.T.);
#4839=ORIENTED_EDGE('',*,*,#4842,.T.);
#4840=EDGE_CURVE('',#159,#407,#4843,.F.);
#4841=EDGE_CURVE('',#407,#217,#4844,.T.);
#4842=EDGE_CURVE('',#217,#159,#4845,.T.);
#4843=LINE('',#158,#4846);
#4844=LINE('',#406,#4847);
#4845=LINE('',#216,#4848);
#4846=VECTOR('',#4849,1.0);
#4847=VECTOR('',#4850,1.0);
#4848=VECTOR('',#4851,1.0);
#4849=DIRECTION('',(0.9817799717682484,-0.19002128047862832,0));
#4850=DIRECTION('',(0.20737505825410668,0.9782615116696075,0));
#4851=DIRECTION('',(-0.21084352201885337,-0.9775198254883045,0));
#4852=FACE_SURFACE('',(#4857),#4853,.T.);
#4853=PLANE('',#4854);
#4854=AXIS2_PLACEMENT_3D('',#500,#4855,#4856);
#4855=DIRECTION('',(-2.2203788946048167E-16,-2.2204597939930955E-16,-1));
#4856=DIRECTION('',(0.20391397666178865,0.9789888100085595,-2.626571581487926E-16));
#4857=FACE_BOUND('',#4858,.T.);
#4858=EDGE_LOOP('',(#4859,#4860,#4861));
#4859=ORIENTED_EDGE('',*,*,#4862,.T.);
#4860=ORIENTED_EDGE('',*,*,#4863,.T.);
#4861=ORIENTED_EDGE('',*,*,#4864,.T.);
#4862=EDGE_CURVE('',#501,#389,#4865,.F.);
#4863=EDGE_CURVE('',#389,#503,#4866,.T.);
#4864=EDGE_CURVE('',#503,#501,#4867,.T.);
#4865=LINE('',#500,#4868);
#4866=LINE('',#388,#4869);
#4867=LINE('',#502,#4870);
#4868=VECTOR('',#4871,1.0);
#4869=VECTOR('',#4872,1.0);
#4870=VECTOR('',#4873,1.0);
#4871=DIRECTION('',(0.20391397666178865,0.9789888100085595,-2.626571581487926E-16));
#4872=DIRECTION('',(-0.2005161720228323,-0.9796903922961121,2.6205850030412855E-16));
#4873=DIRECTION('',(-0.8985690693474205,0.43883211779917664,1.0207547230377908E-16));
#4874=FACE_SURFACE('',(#4879),#4875,.T.);
#4875=PLANE('',#4876);
#4876=AXIS2_PLACEMENT_3D('',#504,#4877,#4878);
#4877=DIRECTION('',(-2.2204621673114453E-16,-2.220463464471779E-16,-1));
#4878=DIRECTION('',(-0.8985613935877542,-0.4388478346233841,2.969667162712035E-16));
#4879=FACE_BOUND('',#4880,.T.);
#4880=EDGE_LOOP('',(#4881,#4882,#4883));
#4881=ORIENTED_EDGE('',*,*,#4884,.T.);
#4882=ORIENTED_EDGE('',*,*,#4885,.T.);
#4883=ORIENTED_EDGE('',*,*,#4886,.T.);
#4884=EDGE_CURVE('',#505,#507,#4887,.F.);
#4885=EDGE_CURVE('',#507,#259,#4888,.T.);
#4886=EDGE_CURVE('',#259,#505,#4889,.T.);
#4887=LINE('',#504,#4890);
#4888=LINE('',#506,#4891);
#4889=LINE('',#258,#4892);
#4890=VECTOR('',#4893,1.0);
#4891=VECTOR('',#4894,1.0);
#4892=VECTOR('',#4895,1.0);
#4893=DIRECTION('',(-0.8985613935877542,-0.4388478346233841,2.969667162712035E-16));
#4894=DIRECTION('',(-0.7400179214515028,0.6725871511786391,1.4972660185018967E-17));
#4895=DIRECTION('',(0.7460217271682356,-0.6659216039391744,-1.7785842942002495E-17));
#4896=FACE_SURFACE('',(#4901),#4897,.T.);
#4897=PLANE('',#4898);
#4898=AXIS2_PLACEMENT_3D('',#258,#4899,#4900);
#4899=DIRECTION('',(-2.220446580772787E-16,-2.220446003112331E-16,-1));
#4900=DIRECTION('',(0.3653488126137842,0.9308706919447503,-2.8781856291008054E-16));
#4901=FACE_BOUND('',#4902,.T.);
#4902=EDGE_LOOP('',(#4903,#4904,#4905));
#4903=ORIENTED_EDGE('',*,*,#4906,.T.);
#4904=ORIENTED_EDGE('',*,*,#4907,.T.);
#4905=ORIENTED_EDGE('',*,*,#4908,.T.);
#4906=EDGE_CURVE('',#259,#509,#4909,.F.);
#4907=EDGE_CURVE('',#509,#505,#4910,.T.);
#4908=EDGE_CURVE('',#505,#259,#4911,.T.);
#4909=LINE('',#258,#4912);
#4910=LINE('',#508,#4913);
#4911=LINE('',#504,#4914);
#4912=VECTOR('',#4915,1.0);
#4913=VECTOR('',#4916,1.0);
#4914=VECTOR('',#4917,1.0);
#4915=DIRECTION('',(0.3653488126137842,0.9308706919447503,-2.8781856291008054E-16));
#4916=DIRECTION('',(-0.010629963320288326,-0.9999435003437992,2.243923814384817E-16));
#4917=DIRECTION('',(-0.7460217271682356,0.6659216039391744,1.7785842942002495E-17));
#4918=FACE_SURFACE('',(#4923),#4919,.T.);
#4919=PLANE('',#4920);
#4920=AXIS2_PLACEMENT_3D('',#510,#4921,#4922);
#4921=DIRECTION('',(-2.2204769429466847E-16,-2.2204784579422755E-16,-1));
#4922=DIRECTION('',(-0.7479877490497359,-0.6637125336103797,3.134648933519666E-16));
#4923=FACE_BOUND('',#4924,.T.);
#4924=EDGE_LOOP('',(#4925,#4926,#4927));
#4925=ORIENTED_EDGE('',*,*,#4928,.T.);
#4926=ORIENTED_EDGE('',*,*,#4929,.T.);
#4927=ORIENTED_EDGE('',*,*,#4930,.T.);
#4928=EDGE_CURVE('',#511,#367,#4931,.F.);
#4929=EDGE_CURVE('',#367,#259,#4932,.T.);
#4930=EDGE_CURVE('',#259,#511,#4933,.T.);
#4931=LINE('',#510,#4934);
#4932=LINE('',#366,#4935);
#4933=LINE('',#258,#4936);
#4934=VECTOR('',#4937,1.0);
#4935=VECTOR('',#4938,1.0);
#4936=VECTOR('',#4939,1.0);
#4937=DIRECTION('',(-0.7479877490497359,-0.6637125336103797,3.134648933519666E-16));
#4938=DIRECTION('',(-0.727128565344258,0.6865013106035569,9.021084236048943E-18));
#4939=DIRECTION('',(0.7336818595251736,-0.6794931412484482,-1.2032377007218932E-17));
#4940=FACE_SURFACE('',(#4945),#4941,.T.);
#4941=PLANE('',#4942);
#4942=AXIS2_PLACEMENT_3D('',#506,#4943,#4944);
#4943=DIRECTION('',(-2.2204153296760807E-16,-2.220411931091298E-16,-1));
#4944=DIRECTION('',(-0.8304397783464071,-0.5571084046574509,3.080931362825812E-16));
#4945=FACE_BOUND('',#4946,.T.);
#4946=EDGE_LOOP('',(#4947,#4948,#4949));
#4947=ORIENTED_EDGE('',*,*,#4950,.T.);
#4948=ORIENTED_EDGE('',*,*,#4951,.T.);
#4949=ORIENTED_EDGE('',*,*,#4952,.T.);
#4950=EDGE_CURVE('',#507,#511,#4953,.F.);
#4951=EDGE_CURVE('',#511,#259,#4954,.T.);
#4952=EDGE_CURVE('',#259,#507,#4955,.T.);
#4953=LINE('',#506,#4956);
#4954=LINE('',#510,#4957);
#4955=LINE('',#258,#4958);
#4956=VECTOR('',#4959,1.0);
#4957=VECTOR('',#4960,1.0);
#4958=VECTOR('',#4961,1.0);
#4959=DIRECTION('',(-0.8304397783464071,-0.5571084046574509,3.080931362825812E-16));
#4960=DIRECTION('',(-0.7336818595251736,0.6794931412484482,1.2032377007218932E-17));
#4961=DIRECTION('',(0.7400179214515028,-0.6725871511786391,-1.4972660185018967E-17));
#4962=FACE_SURFACE('',(#4967),#4963,.T.);
#4963=PLANE('',#4964);
#4964=AXIS2_PLACEMENT_3D('',#512,#4965,#4966);
#4965=DIRECTION('',(-2.2204460632473315E-16,-2.2204460086139185E-16,-1));
#4966=DIRECTION('',(-0.9454842926142162,-0.3256677024511265,2.8225244254394937E-16));
#4967=FACE_BOUND('',#4968,.T.);
#4968=EDGE_LOOP('',(#4969,#4970,#4971));
#4969=ORIENTED_EDGE('',*,*,#4972,.T.);
#4970=ORIENTED_EDGE('',*,*,#4973,.T.);
#4971=ORIENTED_EDGE('',*,*,#4974,.T.);
#4972=EDGE_CURVE('',#513,#505,#4975,.F.);
#4973=EDGE_CURVE('',#505,#509,#4976,.T.);
#4974=EDGE_CURVE('',#509,#513,#4977,.T.);
#4975=LINE('',#512,#4978);
#4976=LINE('',#504,#4979);
#4977=LINE('',#508,#4980);
#4978=VECTOR('',#4981,1.0);
#4979=VECTOR('',#4982,1.0);
#4980=VECTOR('',#4983,1.0);
#4981=DIRECTION('',(-0.9454842926142162,-0.3256677024511265,2.8225244254394937E-16));
#4982=DIRECTION('',(0.010629963320288326,0.9999435003437992,-2.243923814384817E-16));
#4983=DIRECTION('',(-0.007197352861103702,-0.9999740987204583,2.236369830047382E-16));
#4984=FACE_SURFACE('',(#4989),#4985,.T.);
#4985=PLANE('',#4986);
#4986=AXIS2_PLACEMENT_3D('',#514,#4987,#4988);
#4987=DIRECTION('',(-2.2203548535188223E-16,-2.220446665099523E-16,-1));
#4988=DIRECTION('',(-0.9817814258104299,-0.19001376774760106,2.601818590810974E-16));
#4989=FACE_BOUND('',#4990,.T.);
#4990=EDGE_LOOP('',(#4991,#4992,#4993));
#4991=ORIENTED_EDGE('',*,*,#4994,.T.);
#4992=ORIENTED_EDGE('',*,*,#4995,.T.);
#4993=ORIENTED_EDGE('',*,*,#4996,.T.);
#4994=EDGE_CURVE('',#515,#513,#4997,.F.);
#4995=EDGE_CURVE('',#513,#509,#4998,.T.);
#4996=EDGE_CURVE('',#509,#515,#4999,.T.);
#4997=LINE('',#514,#5000);
#4998=LINE('',#512,#5001);
#4999=LINE('',#508,#5002);
#5000=VECTOR('',#5003,1.0);
#5001=VECTOR('',#5004,1.0);
#5002=VECTOR('',#5005,1.0);
#5003=DIRECTION('',(-0.9817814258104299,-0.19001376774760106,2.601818590810974E-16));
#5004=DIRECTION('',(0.007197352861103702,0.9999740987204583,-2.236369830047382E-16));
#5005=DIRECTION('',(-0.0036394443336265716,-0.9999933772005405,2.228512817416829E-16));
#5006=FACE_SURFACE('',(#5011),#5007,.T.);
#5007=PLANE('',#5008);
#5008=AXIS2_PLACEMENT_3D('',#516,#5009,#5010);
#5009=DIRECTION('',(-2.220535216037585E-16,-2.2204460086758285E-16,-1));
#5010=DIRECTION('',(-0.9972961994476772,-0.07348666931640717,2.377704513268507E-16));
#5011=FACE_BOUND('',#5012,.T.);
#5012=EDGE_LOOP('',(#5013,#5014,#5015));
#5013=ORIENTED_EDGE('',*,*,#5016,.T.);
#5014=ORIENTED_EDGE('',*,*,#5017,.T.);
#5015=ORIENTED_EDGE('',*,*,#5018,.T.);
#5016=EDGE_CURVE('',#517,#515,#5019,.F.);
#5017=EDGE_CURVE('',#515,#509,#5020,.T.);
#5018=EDGE_CURVE('',#509,#517,#5021,.T.);
#5019=LINE('',#516,#5022);
#5020=LINE('',#514,#5023);
#5021=LINE('',#508,#5024);
#5022=VECTOR('',#5025,1.0);
#5023=VECTOR('',#5026,1.0);
#5024=VECTOR('',#5027,1.0);
#5025=DIRECTION('',(-0.9972961994476772,-0.07348666931640717,2.377704513268507E-16));
#5026=DIRECTION('',(0.0036394443336265716,0.9999933772005405,-2.228512817416829E-16));
#5027=DIRECTION('',(0,-1,2.2204460086758285E-16));
#5028=FACE_SURFACE('',(#5033),#5029,.T.);
#5029=PLANE('',#5030);
#5030=AXIS2_PLACEMENT_3D('',#508,#5031,#5032);
#5031=DIRECTION('',(-2.2204237617583923E-16,-2.2204460086758285E-16,-1));
#5032=DIRECTION('',(0.9980118255304575,0.06302694742222241,-2.355957105766394E-16));
#5033=FACE_BOUND('',#5034,.T.);
#5034=EDGE_LOOP('',(#5035,#5036,#5037));
#5035=ORIENTED_EDGE('',*,*,#5038,.T.);
#5036=ORIENTED_EDGE('',*,*,#5039,.T.);
#5037=ORIENTED_EDGE('',*,*,#5040,.T.);
#5038=EDGE_CURVE('',#509,#485,#5041,.F.);
#5039=EDGE_CURVE('',#485,#517,#5042,.T.);
#5040=EDGE_CURVE('',#517,#509,#5043,.T.);
#5041=LINE('',#508,#5044);
#5042=LINE('',#484,#5045);
#5043=LINE('',#516,#5046);
#5044=VECTOR('',#5047,1.0);
#5045=VECTOR('',#5048,1.0);
#5046=VECTOR('',#5049,1.0);
#5047=DIRECTION('',(0.9980118255304575,0.06302694742222241,-2.355957105766394E-16));
#5048=DIRECTION('',(-0.0036397299736118703,-0.9999933761609219,2.2285130437185774E-16));
#5049=DIRECTION('',(0,1,-2.2204460086758285E-16));
#5050=FACE_SURFACE('',(#5055),#5051,.T.);
#5051=PLANE('',#5052);
#5052=AXIS2_PLACEMENT_3D('',#518,#5053,#5054);
#5053=DIRECTION('',(0.19001376774760106,0.9817814258104299,-0));
#5054=DIRECTION('',(0,0,1));
#5055=FACE_BOUND('',#5056,.T.);
#5056=EDGE_LOOP('',(#5057,#5058,#5059));
#5057=ORIENTED_EDGE('',*,*,#5060,.T.);
#5058=ORIENTED_EDGE('',*,*,#5061,.T.);
#5059=ORIENTED_EDGE('',*,*,#5062,.T.);
#5060=EDGE_CURVE('',#519,#521,#5063,.F.);
#5061=EDGE_CURVE('',#521,#285,#5064,.T.);
#5062=EDGE_CURVE('',#285,#519,#5065,.T.);
#5063=LINE('',#518,#5066);
#5064=LINE('',#520,#5067);
#5065=LINE('',#284,#5068);
#5066=VECTOR('',#5069,1.0);
#5067=VECTOR('',#5070,1.0);
#5068=VECTOR('',#5071,1.0);
#5069=DIRECTION('',(0,0,1));
#5070=DIRECTION('',(0.9817814258104299,-0.19001376774760106,0));
#5071=DIRECTION('',(-0.030985330052481438,0.005996894169509174,-0.9995018492138265));
#5072=FACE_SURFACE('',(#5077),#5073,.T.);
#5073=PLANE('',#5074);
#5074=AXIS2_PLACEMENT_3D('',#520,#5075,#5076);
#5075=DIRECTION('',(0.32566770245112653,0.9454842926142162,0));
#5076=DIRECTION('',(0,0,-1));
#5077=FACE_BOUND('',#5078,.T.);
#5078=EDGE_LOOP('',(#5079,#5080,#5081));
#5079=ORIENTED_EDGE('',*,*,#5082,.T.);
#5080=ORIENTED_EDGE('',*,*,#5083,.T.);
#5081=ORIENTED_EDGE('',*,*,#5084,.T.);
#5082=EDGE_CURVE('',#521,#519,#5085,.F.);
#5083=EDGE_CURVE('',#519,#523,#5086,.T.);
#5084=EDGE_CURVE('',#523,#521,#5087,.T.);
#5085=LINE('',#520,#5088);
#5086=LINE('',#518,#5089);
#5087=LINE('',#522,#5090);
#5088=VECTOR('',#5091,1.0);
#5089=VECTOR('',#5092,1.0);
#5090=VECTOR('',#5093,1.0);
#5091=DIRECTION('',(0,0,-1));
#5092=DIRECTION('',(-0.029984960503960705,0.010328181305278543,0.9994969888971658));
#5093=DIRECTION('',(0.9454842926142162,-0.3256677024511265,0));
#5094=FACE_SURFACE('',(#5099),#5095,.T.);
#5095=PLANE('',#5096);
#5096=AXIS2_PLACEMENT_3D('',#524,#5097,#5098);
#5097=DIRECTION('',(0.32566770245112653,0.9454842926142162,-0));
#5098=DIRECTION('',(0,0,1));
#5099=FACE_BOUND('',#5100,.T.);
#5100=EDGE_LOOP('',(#5101,#5102,#5103));
#5101=ORIENTED_EDGE('',*,*,#5104,.T.);
#5102=ORIENTED_EDGE('',*,*,#5105,.T.);
#5103=ORIENTED_EDGE('',*,*,#5106,.T.);
#5104=EDGE_CURVE('',#525,#523,#5107,.F.);
#5105=EDGE_CURVE('',#523,#519,#5108,.T.);
#5106=EDGE_CURVE('',#519,#525,#5109,.T.);
#5107=LINE('',#524,#5110);
#5108=LINE('',#522,#5111);
#5109=LINE('',#518,#5112);
#5110=VECTOR('',#5113,1.0);
#5111=VECTOR('',#5114,1.0);
#5112=VECTOR('',#5115,1.0);
#5113=DIRECTION('',(0,0,1));
#5114=DIRECTION('',(0.029984960503960705,-0.010328181305278543,-0.9994969888971658));
#5115=DIRECTION('',(-0.9454842926142162,0.3256677024511265,1.376269298887433E-16));
#5116=FACE_SURFACE('',(#5121),#5117,.T.);
#5117=PLANE('',#5118);
#5118=AXIS2_PLACEMENT_3D('',#524,#5119,#5120);
#5119=DIRECTION('',(0.43884783462338406,0.8985613935877542,-0));
#5120=DIRECTION('',(-0.02865160190945304,0.013993137860342234,0.9994915096191882));
#5121=FACE_BOUND('',#5122,.T.);
#5122=EDGE_LOOP('',(#5123,#5124,#5125));
#5123=ORIENTED_EDGE('',*,*,#5126,.T.);
#5124=ORIENTED_EDGE('',*,*,#5127,.T.);
#5125=ORIENTED_EDGE('',*,*,#5128,.T.);
#5126=EDGE_CURVE('',#525,#323,#5129,.F.);
#5127=EDGE_CURVE('',#323,#523,#5130,.T.);
#5128=EDGE_CURVE('',#523,#525,#5131,.T.);
#5129=LINE('',#524,#5132);
#5130=LINE('',#322,#5133);
#5131=LINE('',#522,#5134);
#5132=VECTOR('',#5135,1.0);
#5133=VECTOR('',#5136,1.0);
#5134=VECTOR('',#5137,1.0);
#5135=DIRECTION('',(-0.02865160190945304,0.013993137860342234,0.9994915096191882));
#5136=DIRECTION('',(0.8985613935877542,-0.4388478346233841,0));
#5137=DIRECTION('',(0,0,-1));
#5138=FACE_SURFACE('',(#5143),#5139,.T.);
#5139=PLANE('',#5140);
#5140=AXIS2_PLACEMENT_3D('',#526,#5141,#5142);
#5141=DIRECTION('',(0,0,1));
#5142=DIRECTION('',(-0.6957079558535758,0.7183247456144324,0));
#5143=FACE_BOUND('',#5144,.T.);
#5144=EDGE_LOOP('',(#5145,#5146,#5147));
#5145=ORIENTED_EDGE('',*,*,#5148,.T.);
#5146=ORIENTED_EDGE('',*,*,#5149,.T.);
#5147=ORIENTED_EDGE('',*,*,#5150,.T.);
#5148=EDGE_CURVE('',#527,#287,#5151,.F.);
#5149=EDGE_CURVE('',#287,#417,#5152,.T.);
#5150=EDGE_CURVE('',#417,#527,#5153,.T.);
#5151=LINE('',#526,#5154);
#5152=LINE('',#286,#5155);
#5153=LINE('',#416,#5156);
#5154=VECTOR('',#5157,1.0);
#5155=VECTOR('',#5158,1.0);
#5156=VECTOR('',#5159,1.0);
#5157=DIRECTION('',(-0.6957079558535758,0.7183247456144324,0));
#5158=DIRECTION('',(0.690662616946433,-0.7231771218399436,0));
#5159=DIRECTION('',(0.06299827076435198,0.998013636119618,0));
#5160=FACE_SURFACE('',(#5165),#5161,.T.);
#5161=PLANE('',#5162);
#5162=AXIS2_PLACEMENT_3D('',#442,#5163,#5164);
#5163=DIRECTION('',(0,0,1));
#5164=DIRECTION('',(-0.7012976217090362,0.7128686034503482,0));
#5165=FACE_BOUND('',#5166,.T.);
#5166=EDGE_LOOP('',(#5167,#5168,#5169));
#5167=ORIENTED_EDGE('',*,*,#5170,.T.);
#5168=ORIENTED_EDGE('',*,*,#5171,.T.);
#5169=ORIENTED_EDGE('',*,*,#5172,.T.);
#5170=EDGE_CURVE('',#443,#287,#5173,.F.);
#5171=EDGE_CURVE('',#287,#527,#5174,.T.);
#5172=EDGE_CURVE('',#527,#443,#5175,.T.);
#5173=LINE('',#442,#5176);
#5174=LINE('',#286,#5177);
#5175=LINE('',#526,#5178);
#5176=VECTOR('',#5179,1.0);
#5177=VECTOR('',#5180,1.0);
#5178=VECTOR('',#5181,1.0);
#5179=DIRECTION('',(-0.7012976217090362,0.7128686034503482,0));
#5180=DIRECTION('',(0.6957079558535758,-0.7183247456144324,0));
#5181=DIRECTION('',(0.1900369322817254,0.9817769422679222,0));
#5182=FACE_SURFACE('',(#5187),#5183,.T.);
#5183=PLANE('',#5184);
#5184=AXIS2_PLACEMENT_3D('',#460,#5185,#5186);
#5185=DIRECTION('',(0,0,1));
#5186=DIRECTION('',(-0.7138650123821336,0.7002833313000217,0));
#5187=FACE_BOUND('',#5188,.T.);
#5188=EDGE_LOOP('',(#5189,#5190,#5191));
#5189=ORIENTED_EDGE('',*,*,#5192,.T.);
#5190=ORIENTED_EDGE('',*,*,#5193,.T.);
#5191=ORIENTED_EDGE('',*,*,#5194,.T.);
#5192=EDGE_CURVE('',#461,#287,#5195,.F.);
#5193=EDGE_CURVE('',#287,#441,#5196,.T.);
#5194=EDGE_CURVE('',#441,#461,#5197,.T.);
#5195=LINE('',#460,#5198);
#5196=LINE('',#286,#5199);
#5197=LINE('',#440,#5200);
#5198=VECTOR('',#5201,1.0);
#5199=VECTOR('',#5202,1.0);
#5200=VECTOR('',#5203,1.0);
#5201=DIRECTION('',(-0.7138650123821336,0.7002833313000217,0));
#5202=DIRECTION('',(0.7074097303282154,-0.7068037021952853,0));
#5203=DIRECTION('',(0.43883585982299034,0.8985672418541735,0));
#5204=FACE_SURFACE('',(#5209),#5205,.T.);
#5205=PLANE('',#5206);
#5206=AXIS2_PLACEMENT_3D('',#528,#5207,#5208);
#5207=DIRECTION('',(0,-0,1));
#5208=DIRECTION('',(0.8985613935877542,0.4388478346233841,0));
#5209=FACE_BOUND('',#5210,.T.);
#5210=EDGE_LOOP('',(#5211,#5212,#5213));
#5211=ORIENTED_EDGE('',*,*,#5214,.T.);
#5212=ORIENTED_EDGE('',*,*,#5215,.T.);
#5213=ORIENTED_EDGE('',*,*,#5216,.T.);
#5214=EDGE_CURVE('',#529,#173,#5217,.F.);
#5215=EDGE_CURVE('',#173,#287,#5218,.T.);
#5216=EDGE_CURVE('',#287,#529,#5219,.T.);
#5217=LINE('',#528,#5220);
#5218=LINE('',#172,#5221);
#5219=LINE('',#286,#5222);
#5220=VECTOR('',#5223,1.0);
#5221=VECTOR('',#5224,1.0);
#5222=VECTOR('',#5225,1.0);
#5223=DIRECTION('',(0.8985613935877542,0.4388478346233841,0));
#5224=DIRECTION('',(-0.7460217271682356,0.6659216039391744,0));
#5225=DIRECTION('',(0.7400179214515028,-0.6725871511786391,0));
#5226=FACE_SURFACE('',(#5231),#5227,.T.);
#5227=PLANE('',#5228);
#5228=AXIS2_PLACEMENT_3D('',#156,#5229,#5230);
#5229=DIRECTION('',(0,0,1));
#5230=DIRECTION('',(-0.9980118255304575,-0.06302694742222241,0));
#5231=FACE_BOUND('',#5232,.T.);
#5232=EDGE_LOOP('',(#5233,#5234,#5235));
#5233=ORIENTED_EDGE('',*,*,#5236,.T.);
#5234=ORIENTED_EDGE('',*,*,#5237,.T.);
#5235=ORIENTED_EDGE('',*,*,#5238,.T.);
#5236=EDGE_CURVE('',#157,#177,#5239,.F.);
#5237=EDGE_CURVE('',#177,#181,#5240,.T.);
#5238=EDGE_CURVE('',#181,#157,#5241,.T.);
#5239=LINE('',#156,#5242);
#5240=LINE('',#176,#5243);
#5241=LINE('',#180,#5244);
#5242=VECTOR('',#5245,1.0);
#5243=VECTOR('',#5246,1.0);
#5244=VECTOR('',#5247,1.0);
#5245=DIRECTION('',(-0.9980118255304575,-0.06302694742222241,0));
#5246=DIRECTION('',(0,-1,0));
#5247=DIRECTION('',(0.0036397299736118703,0.9999933761609219,0));
#5248=FACE_SURFACE('',(#5253),#5249,.T.);
#5249=PLANE('',#5250);
#5250=AXIS2_PLACEMENT_3D('',#486,#5251,#5252);
#5251=DIRECTION('',(0,0,1));
#5252=DIRECTION('',(-0.8304273323646918,-0.557126956502431,0));
#5253=FACE_BOUND('',#5254,.T.);
#5254=EDGE_LOOP('',(#5255,#5256,#5257));
#5255=ORIENTED_EDGE('',*,*,#5258,.T.);
#5256=ORIENTED_EDGE('',*,*,#5259,.T.);
#5257=ORIENTED_EDGE('',*,*,#5260,.T.);
#5258=EDGE_CURVE('',#487,#483,#5261,.F.);
#5259=EDGE_CURVE('',#483,#159,#5262,.T.);
#5260=EDGE_CURVE('',#159,#487,#5263,.T.);
#5261=LINE('',#486,#5264);
#5262=LINE('',#482,#5265);
#5263=LINE('',#158,#5266);
#5264=VECTOR('',#5267,1.0);
#5265=VECTOR('',#5268,1.0);
#5266=VECTOR('',#5269,1.0);
#5267=DIRECTION('',(-0.8304273323646918,-0.557126956502431,0));
#5268=DIRECTION('',(-0.010267064581664515,-0.9999472923033874,0));
#5269=DIRECTION('',(0.013254952104850934,0.9999121492634732,0));
#5270=FACE_SURFACE('',(#5275),#5271,.T.);
#5271=PLANE('',#5272);
#5272=AXIS2_PLACEMENT_3D('',#370,#5273,#5274);
#5273=DIRECTION('',(-0,0,1));
#5274=DIRECTION('',(0.9584391998445779,-0.2852968632867966,0));
#5275=FACE_BOUND('',#5276,.T.);
#5276=EDGE_LOOP('',(#5277,#5278,#5279));
#5277=ORIENTED_EDGE('',*,*,#5280,.T.);
#5278=ORIENTED_EDGE('',*,*,#5281,.T.);
#5279=ORIENTED_EDGE('',*,*,#5282,.T.);
#5280=EDGE_CURVE('',#371,#357,#5283,.F.);
#5281=EDGE_CURVE('',#357,#381,#5284,.T.);
#5282=EDGE_CURVE('',#381,#371,#5285,.T.);
#5283=LINE('',#370,#5286);
#5284=LINE('',#356,#5287);
#5285=LINE('',#380,#5288);
#5286=VECTOR('',#5289,1.0);
#5287=VECTOR('',#5290,1.0);
#5288=VECTOR('',#5291,1.0);
#5289=DIRECTION('',(0.9584391998445779,-0.2852968632867966,0));
#5290=DIRECTION('',(-0.9328306537169935,0.36031510027464364,0));
#5291=DIRECTION('',(-1,0,0));
#5292=FACE_SURFACE('',(#5297),#5293,.T.);
#5293=PLANE('',#5294);
#5294=AXIS2_PLACEMENT_3D('',#530,#5295,#5296);
#5295=DIRECTION('',(-0,0,1));
#5296=DIRECTION('',(0.3256497900402563,-0.9454904622716916,0));
#5297=FACE_BOUND('',#5298,.T.);
#5298=EDGE_LOOP('',(#5299,#5300,#5301));
#5299=ORIENTED_EDGE('',*,*,#5302,.T.);
#5300=ORIENTED_EDGE('',*,*,#5303,.T.);
#5301=ORIENTED_EDGE('',*,*,#5304,.T.);
#5302=EDGE_CURVE('',#531,#533,#5305,.F.);
#5303=EDGE_CURVE('',#533,#133,#5306,.T.);
#5304=EDGE_CURVE('',#133,#531,#5307,.T.);
#5305=LINE('',#530,#5308);
#5306=LINE('',#532,#5309);
#5307=LINE('',#132,#5310);
#5308=VECTOR('',#5311,1.0);
#5309=VECTOR('',#5312,1.0);
#5310=VECTOR('',#5313,1.0);
#5311=DIRECTION('',(0.3256497900402563,-0.9454904622716916,0));
#5312=DIRECTION('',(0.6566714294170841,0.7541767921298849,0));
#5313=DIRECTION('',(-0.6633006434460095,-0.7483530292609964,0));
#5314=FACE_SURFACE('',(#5319),#5315,.T.);
#5315=PLANE('',#5316);
#5316=AXIS2_PLACEMENT_3D('',#534,#5317,#5318);
#5317=DIRECTION('',(-0,0,1));
#5318=DIRECTION('',(-0.1900369322817254,-0.9817769422679222,0));
#5319=FACE_BOUND('',#5320,.T.);
#5320=EDGE_LOOP('',(#5321,#5322,#5323));
#5321=ORIENTED_EDGE('',*,*,#5324,.T.);
#5322=ORIENTED_EDGE('',*,*,#5325,.T.);
#5323=ORIENTED_EDGE('',*,*,#5326,.T.);
#5324=EDGE_CURVE('',#535,#537,#5327,.F.);
#5325=EDGE_CURVE('',#537,#539,#5328,.T.);
#5326=EDGE_CURVE('',#539,#535,#5329,.T.);
#5327=LINE('',#534,#5330);
#5328=LINE('',#536,#5331);
#5329=LINE('',#538,#5332);
#5330=VECTOR('',#5333,1.0);
#5331=VECTOR('',#5334,1.0);
#5332=VECTOR('',#5335,1.0);
#5333=DIRECTION('',(-0.1900369322817254,-0.9817769422679222,0));
#5334=DIRECTION('',(0.9319124987685383,0.36268318769827074,0));
#5335=DIRECTION('',(-0.9333217343571267,-0.3590411399500134,0));
#5336=FACE_SURFACE('',(#5341),#5337,.T.);
#5337=PLANE('',#5338);
#5338=AXIS2_PLACEMENT_3D('',#540,#5339,#5340);
#5339=DIRECTION('',(-0,0,1));
#5340=DIRECTION('',(-0.5571176804602537,-0.8304335555109672,0));
#5341=FACE_BOUND('',#5342,.T.);
#5342=EDGE_LOOP('',(#5343,#5344,#5345));
#5343=ORIENTED_EDGE('',*,*,#5346,.T.);
#5344=ORIENTED_EDGE('',*,*,#5347,.T.);
#5345=ORIENTED_EDGE('',*,*,#5348,.T.);
#5346=EDGE_CURVE('',#541,#543,#5349,.F.);
#5347=EDGE_CURVE('',#543,#539,#5350,.T.);
#5348=EDGE_CURVE('',#539,#541,#5351,.T.);
#5349=LINE('',#540,#5352);
#5350=LINE('',#542,#5353);
#5351=LINE('',#538,#5354);
#5352=VECTOR('',#5355,1.0);
#5353=VECTOR('',#5356,1.0);
#5354=VECTOR('',#5357,1.0);
#5355=DIRECTION('',(-0.5571176804602537,-0.8304335555109672,0));
#5356=DIRECTION('',(0.9285231321898613,0.3712745520343799,0));
#5357=DIRECTION('',(-0.9294825643061123,-0.3688660497401921,0));
#5358=FACE_SURFACE('',(#5363),#5359,.T.);
#5359=PLANE('',#5360);
#5360=AXIS2_PLACEMENT_3D('',#542,#5361,#5362);
#5361=DIRECTION('',(-0,0,1));
#5362=DIRECTION('',(-0.6637125336103797,-0.7479877490497359,0));
#5363=FACE_BOUND('',#5364,.T.);
#5364=EDGE_LOOP('',(#5365,#5366,#5367));
#5365=ORIENTED_EDGE('',*,*,#5368,.T.);
#5366=ORIENTED_EDGE('',*,*,#5369,.T.);
#5367=ORIENTED_EDGE('',*,*,#5370,.T.);
#5368=EDGE_CURVE('',#543,#545,#5371,.F.);
#5369=EDGE_CURVE('',#545,#539,#5372,.T.);
#5370=EDGE_CURVE('',#539,#543,#5373,.T.);
#5371=LINE('',#542,#5374);
#5372=LINE('',#544,#5375);
#5373=LINE('',#538,#5376);
#5374=VECTOR('',#5377,1.0);
#5375=VECTOR('',#5378,1.0);
#5376=VECTOR('',#5379,1.0);
#5377=DIRECTION('',(-0.6637125336103797,-0.7479877490497359,0));
#5378=DIRECTION('',(0.9277644307920178,0.3731663984835229,0));
#5379=DIRECTION('',(-0.9285231321898613,-0.3712745520343799,0));
#5380=FACE_SURFACE('',(#5385),#5381,.T.);
#5381=PLANE('',#5382);
#5382=AXIS2_PLACEMENT_3D('',#546,#5383,#5384);
#5383=DIRECTION('',(0,0,1));
#5384=DIRECTION('',(-1,0,0));
#5385=FACE_BOUND('',#5386,.T.);
#5386=EDGE_LOOP('',(#5387,#5388,#5389));
#5387=ORIENTED_EDGE('',*,*,#5390,.T.);
#5388=ORIENTED_EDGE('',*,*,#5391,.T.);
#5389=ORIENTED_EDGE('',*,*,#5392,.T.);
#5390=EDGE_CURVE('',#547,#539,#5393,.F.);
#5391=EDGE_CURVE('',#539,#545,#5394,.T.);
#5392=EDGE_CURVE('',#545,#547,#5395,.T.);
#5393=LINE('',#546,#5396);
#5394=LINE('',#538,#5397);
#5395=LINE('',#544,#5398);
#5396=VECTOR('',#5399,1.0);
#5397=VECTOR('',#5400,1.0);
#5398=VECTOR('',#5401,1.0);
#5399=DIRECTION('',(-1,0,0));
#5400=DIRECTION('',(-0.9277644307920178,-0.3731663984835229,0));
#5401=DIRECTION('',(0.9559491933306826,0.2935321784241334,0));
#5402=FACE_SURFACE('',(#5407),#5403,.T.);
#5403=PLANE('',#5404);
#5404=AXIS2_PLACEMENT_3D('',#544,#5405,#5406);
#5405=DIRECTION('',(-0,0,1));
#5406=DIRECTION('',(-0.7479827611823705,-0.6637181547720366,0));
#5407=FACE_BOUND('',#5408,.T.);
#5408=EDGE_LOOP('',(#5409,#5410,#5411));
#5409=ORIENTED_EDGE('',*,*,#5412,.T.);
#5410=ORIENTED_EDGE('',*,*,#5413,.T.);
#5411=ORIENTED_EDGE('',*,*,#5414,.T.);
#5412=EDGE_CURVE('',#545,#335,#5415,.F.);
#5413=EDGE_CURVE('',#335,#547,#5416,.T.);
#5414=EDGE_CURVE('',#547,#545,#5417,.T.);
#5415=LINE('',#544,#5418);
#5416=LINE('',#334,#5419);
#5417=LINE('',#546,#5420);
#5418=VECTOR('',#5421,1.0);
#5419=VECTOR('',#5422,1.0);
#5420=VECTOR('',#5423,1.0);
#5421=DIRECTION('',(-0.7479827611823705,-0.6637181547720366,0));
#5422=DIRECTION('',(0.955513777326619,0.2949464719894378,0));
#5423=DIRECTION('',(-0.9559491933306826,-0.2935321784241334,0));
#5424=FACE_SURFACE('',(#5429),#5425,.T.);
#5425=PLANE('',#5426);
#5426=AXIS2_PLACEMENT_3D('',#422,#5427,#5428);
#5427=DIRECTION('',(-2.220490856599051E-16,-2.220498036148406E-16,-1));
#5428=DIRECTION('',(-0.43883585982299034,-0.8985672418541735,2.969697810169215E-16));
#5429=FACE_BOUND('',#5430,.T.);
#5430=EDGE_LOOP('',(#5431,#5432,#5433));
#5431=ORIENTED_EDGE('',*,*,#5434,.T.);
#5432=ORIENTED_EDGE('',*,*,#5435,.T.);
#5433=ORIENTED_EDGE('',*,*,#5436,.T.);
#5434=EDGE_CURVE('',#423,#351,#5437,.F.);
#5435=EDGE_CURVE('',#351,#55,#5438,.T.);
#5436=EDGE_CURVE('',#55,#423,#5439,.T.);
#5437=LINE('',#422,#5440);
#5438=LINE('',#350,#5441);
#5439=LINE('',#54,#5442);
#5440=VECTOR('',#5443,1.0);
#5441=VECTOR('',#5444,1.0);
#5442=VECTOR('',#5445,1.0);
#5443=DIRECTION('',(-0.43883585982299034,-0.8985672418541735,2.969697810169215E-16));
#5444=DIRECTION('',(-0.7500894686150581,0.661336366059496,1.9707070462234337E-17));
#5445=DIRECTION('',(0.7574743967607722,-0.6528648698252221,-2.3227981079798656E-17));
#5446=FACE_SURFACE('',(#5451),#5447,.T.);
#5447=PLANE('',#5448);
#5448=AXIS2_PLACEMENT_3D('',#54,#5449,#5450);
#5449=DIRECTION('',(-2.220481273579454E-16,-2.2204847717277937E-16,-1));
#5450=DIRECTION('',(0.7430115789579409,-0.6692785619862835,-1.6372044219439098E-17));
#5451=FACE_BOUND('',#5452,.T.);
#5452=EDGE_LOOP('',(#5453,#5454,#5455));
#5453=ORIENTED_EDGE('',*,*,#5456,.T.);
#5454=ORIENTED_EDGE('',*,*,#5457,.T.);
#5455=ORIENTED_EDGE('',*,*,#5458,.T.);
#5456=EDGE_CURVE('',#55,#349,#5459,.F.);
#5457=EDGE_CURVE('',#349,#345,#5460,.T.);
#5458=EDGE_CURVE('',#345,#55,#5461,.T.);
#5459=LINE('',#54,#5462);
#5460=LINE('',#348,#5463);
#5461=LINE('',#344,#5464);
#5462=VECTOR('',#5465,1.0);
#5463=VECTOR('',#5466,1.0);
#5464=VECTOR('',#5467,1.0);
#5465=DIRECTION('',(0.7430115789579409,-0.6692785619862835,-1.6372044219439098E-17));
#5466=DIRECTION('',(-0.18999811557599663,-0.9817844549989423,2.601924689096108E-16));
#5467=DIRECTION('',(-0.7364505566882963,0.6764913728596238,1.331358784035025E-17));
#5468=FACE_SURFACE('',(#5473),#5469,.T.);
#5469=PLANE('',#5470);
#5470=AXIS2_PLACEMENT_3D('',#332,#5471,#5472);
#5471=DIRECTION('',(-2.220490081553418E-16,-2.22049387474877E-16,-1));
#5472=DIRECTION('',(-0.7251501778812625,0.6885907489349341,8.117723740335118E-18));
#5473=FACE_BOUND('',#5474,.T.);
#5474=EDGE_LOOP('',(#5475,#5476,#5477));
#5475=ORIENTED_EDGE('',*,*,#5478,.T.);
#5476=ORIENTED_EDGE('',*,*,#5479,.T.);
#5477=ORIENTED_EDGE('',*,*,#5480,.T.);
#5478=EDGE_CURVE('',#333,#55,#5481,.F.);
#5479=EDGE_CURVE('',#55,#343,#5482,.T.);
#5480=EDGE_CURVE('',#343,#333,#5483,.T.);
#5481=LINE('',#332,#5484);
#5482=LINE('',#54,#5485);
#5483=LINE('',#342,#5486);
#5484=VECTOR('',#5487,1.0);
#5485=VECTOR('',#5488,1.0);
#5486=VECTOR('',#5489,1.0);
#5487=DIRECTION('',(-0.7251501778812625,0.6885907489349341,8.117723740335118E-18));
#5488=DIRECTION('',(0.7303924324503014,-0.6830277407392266,-1.0517023730262578E-17));
#5489=DIRECTION('',(0.07348520185537083,-0.9972963075777806,2.0513171804252255E-16));
#5490=FACE_SURFACE('',(#5495),#5491,.T.);
#5491=PLANE('',#5492);
#5492=AXIS2_PLACEMENT_3D('',#548,#5493,#5494);
#5493=DIRECTION('',(-0,0,1));
#5494=DIRECTION('',(0.6240464872882794,-0.7813872162399121,0));
#5495=FACE_BOUND('',#5496,.T.);
#5496=EDGE_LOOP('',(#5497,#5498,#5499));
#5497=ORIENTED_EDGE('',*,*,#5500,.T.);
#5498=ORIENTED_EDGE('',*,*,#5501,.T.);
#5499=ORIENTED_EDGE('',*,*,#5502,.T.);
#5500=EDGE_CURVE('',#549,#551,#5503,.F.);
#5501=EDGE_CURVE('',#551,#553,#5504,.T.);
#5502=EDGE_CURVE('',#553,#549,#5505,.T.);
#5503=LINE('',#548,#5506);
#5504=LINE('',#550,#5507);
#5505=LINE('',#552,#5508);
#5506=VECTOR('',#5509,1.0);
#5507=VECTOR('',#5510,1.0);
#5508=VECTOR('',#5511,1.0);
#5509=DIRECTION('',(0.6240464872882794,-0.7813872162399121,0));
#5510=DIRECTION('',(-0.6164084647099809,0.7874265709473387,0));
#5511=DIRECTION('',(-0.43883585982299034,-0.8985672418541735,0));
#5512=FACE_SURFACE('',(#5517),#5513,.T.);
#5513=PLANE('',#5514);
#5514=AXIS2_PLACEMENT_3D('',#496,#5515,#5516);
#5515=DIRECTION('',(0,0,1));
#5516=DIRECTION('',(0,-1,0));
#5517=FACE_BOUND('',#5518,.T.);
#5518=EDGE_LOOP('',(#5519,#5520,#5521));
#5519=ORIENTED_EDGE('',*,*,#5522,.T.);
#5520=ORIENTED_EDGE('',*,*,#5523,.T.);
#5521=ORIENTED_EDGE('',*,*,#5524,.T.);
#5522=EDGE_CURVE('',#497,#539,#5525,.F.);
#5523=EDGE_CURVE('',#539,#547,#5526,.T.);
#5524=EDGE_CURVE('',#547,#497,#5527,.T.);
#5525=LINE('',#496,#5528);
#5526=LINE('',#538,#5529);
#5527=LINE('',#546,#5530);
#5528=VECTOR('',#5531,1.0);
#5529=VECTOR('',#5532,1.0);
#5530=VECTOR('',#5533,1.0);
#5531=DIRECTION('',(0,-1,0));
#5532=DIRECTION('',(1,0,0));
#5533=DIRECTION('',(-0.41892538006585794,0.9080206638269178,0));
#5534=FACE_SURFACE('',(#5539),#5535,.T.);
#5535=PLANE('',#5536);
#5536=AXIS2_PLACEMENT_3D('',#496,#5537,#5538);
#5537=DIRECTION('',(-0,0,1));
#5538=DIRECTION('',(0.41892538006585794,-0.9080206638269178,0));
#5539=FACE_BOUND('',#5540,.T.);
#5540=EDGE_LOOP('',(#5541,#5542,#5543));
#5541=ORIENTED_EDGE('',*,*,#5544,.T.);
#5542=ORIENTED_EDGE('',*,*,#5545,.T.);
#5543=ORIENTED_EDGE('',*,*,#5546,.T.);
#5544=EDGE_CURVE('',#497,#547,#5547,.F.);
#5545=EDGE_CURVE('',#547,#555,#5548,.T.);
#5546=EDGE_CURVE('',#555,#497,#5549,.T.);
#5547=LINE('',#496,#5550);
#5548=LINE('',#546,#5551);
#5549=LINE('',#554,#5552);
#5550=VECTOR('',#5553,1.0);
#5551=VECTOR('',#5554,1.0);
#5552=VECTOR('',#5555,1.0);
#5553=DIRECTION('',(0.41892538006585794,-0.9080206638269178,0));
#5554=DIRECTION('',(0,1,0));
#5555=DIRECTION('',(-1,0,0));
#5556=FACE_SURFACE('',(#5561),#5557,.T.);
#5557=PLANE('',#5558);
#5558=AXIS2_PLACEMENT_3D('',#414,#5559,#5560);
#5559=DIRECTION('',(0,0,1));
#5560=DIRECTION('',(0,-1,0));
#5561=FACE_BOUND('',#5562,.T.);
#5562=EDGE_LOOP('',(#5563,#5564,#5565));
#5563=ORIENTED_EDGE('',*,*,#5566,.T.);
#5564=ORIENTED_EDGE('',*,*,#5567,.T.);
#5565=ORIENTED_EDGE('',*,*,#5568,.T.);
#5566=EDGE_CURVE('',#415,#371,#5569,.F.);
#5567=EDGE_CURVE('',#371,#381,#5570,.T.);
#5568=EDGE_CURVE('',#381,#415,#5571,.T.);
#5569=LINE('',#414,#5572);
#5570=LINE('',#370,#5573);
#5571=LINE('',#380,#5574);
#5572=VECTOR('',#5575,1.0);
#5573=VECTOR('',#5576,1.0);
#5574=VECTOR('',#5577,1.0);
#5575=DIRECTION('',(0,-1,0));
#5576=DIRECTION('',(1,0,0));
#5577=DIRECTION('',(-0.41892538006585794,0.9080206638269178,0));
#5578=FACE_SURFACE('',(#5583),#5579,.T.);
#5579=PLANE('',#5580);
#5580=AXIS2_PLACEMENT_3D('',#414,#5581,#5582);
#5581=DIRECTION('',(-0,0,1));
#5582=DIRECTION('',(0.41892538006585794,-0.9080206638269178,0));
#5583=FACE_BOUND('',#5584,.T.);
#5584=EDGE_LOOP('',(#5585,#5586,#5587));
#5585=ORIENTED_EDGE('',*,*,#5588,.T.);
#5586=ORIENTED_EDGE('',*,*,#5589,.T.);
#5587=ORIENTED_EDGE('',*,*,#5590,.T.);
#5588=EDGE_CURVE('',#415,#381,#5591,.F.);
#5589=EDGE_CURVE('',#381,#369,#5592,.T.);
#5590=EDGE_CURVE('',#369,#415,#5593,.T.);
#5591=LINE('',#414,#5594);
#5592=LINE('',#380,#5595);
#5593=LINE('',#368,#5596);
#5594=VECTOR('',#5597,1.0);
#5595=VECTOR('',#5598,1.0);
#5596=VECTOR('',#5599,1.0);
#5597=DIRECTION('',(0.41892538006585794,-0.9080206638269178,0));
#5598=DIRECTION('',(0,1,0));
#5599=DIRECTION('',(-1,0,0));
#5600=FACE_SURFACE('',(#5605),#5601,.T.);
#5601=PLANE('',#5602);
#5602=AXIS2_PLACEMENT_3D('',#180,#5603,#5604);
#5603=DIRECTION('',(-0,0,1));
#5604=DIRECTION('',(0.9972964157014067,-0.07348373445278193,0));
#5605=FACE_BOUND('',#5606,.T.);
#5606=EDGE_LOOP('',(#5607,#5608,#5609));
#5607=ORIENTED_EDGE('',*,*,#5610,.T.);
#5608=ORIENTED_EDGE('',*,*,#5611,.T.);
#5609=ORIENTED_EDGE('',*,*,#5612,.T.);
#5610=EDGE_CURVE('',#181,#159,#5613,.F.);
#5611=EDGE_CURVE('',#159,#157,#5614,.T.);
#5612=EDGE_CURVE('',#157,#181,#5615,.T.);
#5613=LINE('',#180,#5616);
#5614=LINE('',#158,#5617);
#5615=LINE('',#156,#5618);
#5616=VECTOR('',#5619,1.0);
#5617=VECTOR('',#5620,1.0);
#5618=VECTOR('',#5621,1.0);
#5619=DIRECTION('',(0.9972964157014067,-0.07348373445278193,0));
#5620=DIRECTION('',(0,1,0));
#5621=DIRECTION('',(-0.0036397299736118703,-0.9999933761609219,0));
#5622=FACE_SURFACE('',(#5627),#5623,.T.);
#5623=PLANE('',#5624);
#5624=AXIS2_PLACEMENT_3D('',#378,#5625,#5626);
#5625=DIRECTION('',(0.8304242795769872,0.5571315068177726,0));
#5626=DIRECTION('',(0,0,-1));
#5627=FACE_BOUND('',#5628,.T.);
#5628=EDGE_LOOP('',(#5629,#5630,#5631));
#5629=ORIENTED_EDGE('',*,*,#5632,.T.);
#5630=ORIENTED_EDGE('',*,*,#5633,.T.);
#5631=ORIENTED_EDGE('',*,*,#5634,.T.);
#5632=EDGE_CURVE('',#379,#105,#5635,.F.);
#5633=EDGE_CURVE('',#105,#121,#5636,.T.);
#5634=EDGE_CURVE('',#121,#379,#5637,.T.);
#5635=LINE('',#378,#5638);
#5636=LINE('',#104,#5639);
#5637=LINE('',#120,#5640);
#5638=VECTOR('',#5641,1.0);
#5639=VECTOR('',#5642,1.0);
#5640=VECTOR('',#5643,1.0);
#5641=DIRECTION('',(0,0,-1));
#5642=DIRECTION('',(-0.5571315068177726,0.8304242795769873,-6.068763760753651E-17));
#5643=DIRECTION('',(0.01765825843449469,-0.026320260763579083,0.9994975886826329));
#5644=FACE_SURFACE('',(#5649),#5645,.T.);
#5645=PLANE('',#5646);
#5646=AXIS2_PLACEMENT_3D('',#556,#5647,#5648);
#5647=DIRECTION('',(0.6637125336103797,0.7479877490497359,-0));
#5648=DIRECTION('',(-0.7479877490497359,0.6637125336103797,1.8714530098258555E-17));
#5649=FACE_BOUND('',#5650,.T.);
#5650=EDGE_LOOP('',(#5651,#5652,#5653));
#5651=ORIENTED_EDGE('',*,*,#5654,.T.);
#5652=ORIENTED_EDGE('',*,*,#5655,.T.);
#5653=ORIENTED_EDGE('',*,*,#5656,.T.);
#5654=EDGE_CURVE('',#557,#559,#5657,.F.);
#5655=EDGE_CURVE('',#559,#305,#5658,.T.);
#5656=EDGE_CURVE('',#305,#557,#5659,.T.);
#5657=LINE('',#556,#5660);
#5658=LINE('',#558,#5661);
#5659=LINE('',#304,#5662);
#5660=VECTOR('',#5663,1.0);
#5661=VECTOR('',#5664,1.0);
#5662=VECTOR('',#5665,1.0);
#5663=DIRECTION('',(-0.7479877490497359,0.6637125336103797,1.8714530098258555E-17));
#5664=DIRECTION('',(0.02365454458896935,-0.020989404893983925,0.9994998286155355));
#5665=DIRECTION('',(0,0,-1));
#5666=FACE_SURFACE('',(#5671),#5667,.T.);
#5667=PLANE('',#5668);
#5668=AXIS2_PLACEMENT_3D('',#560,#5669,#5670);
#5669=DIRECTION('',(-0,-0,1));
#5670=DIRECTION('',(0.925700894391393,-0.3782563338834856,0));
#5671=FACE_BOUND('',#5672,.T.);
#5672=EDGE_LOOP('',(#5673,#5674,#5675));
#5673=ORIENTED_EDGE('',*,*,#5676,.T.);
#5674=ORIENTED_EDGE('',*,*,#5677,.T.);
#5675=ORIENTED_EDGE('',*,*,#5678,.T.);
#5676=EDGE_CURVE('',#561,#497,#5679,.F.);
#5677=EDGE_CURVE('',#497,#563,#5680,.T.);
#5678=EDGE_CURVE('',#563,#561,#5681,.T.);
#5679=LINE('',#560,#5682);
#5680=LINE('',#496,#5683);
#5681=LINE('',#562,#5684);
#5682=VECTOR('',#5685,1.0);
#5683=VECTOR('',#5686,1.0);
#5684=VECTOR('',#5687,1.0);
#5685=DIRECTION('',(0.925700894391393,-0.3782563338834856,0));
#5686=DIRECTION('',(-0.9244929235304488,0.38119920558957604,0));
#5687=DIRECTION('',(0.43883585982299034,-0.8985672418541735,0));
#5688=FACE_SURFACE('',(#5693),#5689,.T.);
#5689=PLANE('',#5690);
#5690=AXIS2_PLACEMENT_3D('',#564,#5691,#5692);
#5691=DIRECTION('',(-0,-0,1));
#5692=DIRECTION('',(0.9270558005372639,-0.37492338242661366,0));
#5693=FACE_BOUND('',#5694,.T.);
#5694=EDGE_LOOP('',(#5695,#5696,#5697));
#5695=ORIENTED_EDGE('',*,*,#5698,.T.);
#5696=ORIENTED_EDGE('',*,*,#5699,.T.);
#5697=ORIENTED_EDGE('',*,*,#5700,.T.);
#5698=EDGE_CURVE('',#565,#497,#5701,.F.);
#5699=EDGE_CURVE('',#497,#561,#5702,.T.);
#5700=EDGE_CURVE('',#561,#565,#5703,.T.);
#5701=LINE('',#564,#5704);
#5702=LINE('',#496,#5705);
#5703=LINE('',#560,#5706);
#5704=VECTOR('',#5707,1.0);
#5705=VECTOR('',#5708,1.0);
#5706=VECTOR('',#5709,1.0);
#5707=DIRECTION('',(0.9270558005372639,-0.37492338242661366,0));
#5708=DIRECTION('',(-0.925700894391393,0.3782563338834856,0));
#5709=DIRECTION('',(0.3256677024511265,-0.9454842926142162,0));
#5710=FACE_SURFACE('',(#5715),#5711,.T.);
#5711=PLANE('',#5712);
#5712=AXIS2_PLACEMENT_3D('',#216,#5713,#5714);
#5713=DIRECTION('',(0,0,1));
#5714=DIRECTION('',(-0.9991656654800093,0.040840824255764345,0));
#5715=FACE_BOUND('',#5716,.T.);
#5716=EDGE_LOOP('',(#5717,#5718,#5719));
#5717=ORIENTED_EDGE('',*,*,#5720,.T.);
#5718=ORIENTED_EDGE('',*,*,#5721,.T.);
#5719=ORIENTED_EDGE('',*,*,#5722,.T.);
#5720=EDGE_CURVE('',#217,#215,#5723,.F.);
#5721=EDGE_CURVE('',#215,#159,#5724,.T.);
#5722=EDGE_CURVE('',#159,#217,#5725,.T.);
#5723=LINE('',#216,#5726);
#5724=LINE('',#214,#5727);
#5725=LINE('',#158,#5728);
#5726=VECTOR('',#5729,1.0);
#5727=VECTOR('',#5730,1.0);
#5728=VECTOR('',#5731,1.0);
#5729=DIRECTION('',(-0.9991656654800093,0.040840824255764345,0));
#5730=DIRECTION('',(-0.015920411247406212,-0.9998732622216244,0));
#5731=DIRECTION('',(0.21084352201885337,0.9775198254883045,0));
#5732=FACE_SURFACE('',(#5737),#5733,.T.);
#5733=PLANE('',#5734);
#5734=AXIS2_PLACEMENT_3D('',#480,#5735,#5736);
#5735=DIRECTION('',(0,-0,1));
#5736=DIRECTION('',(0.8304397783464071,0.5571084046574509,0));
#5737=FACE_BOUND('',#5738,.T.);
#5738=EDGE_LOOP('',(#5739,#5740,#5741));
#5739=ORIENTED_EDGE('',*,*,#5742,.T.);
#5740=ORIENTED_EDGE('',*,*,#5743,.T.);
#5741=ORIENTED_EDGE('',*,*,#5744,.T.);
#5742=EDGE_CURVE('',#481,#529,#5745,.F.);
#5743=EDGE_CURVE('',#529,#287,#5746,.T.);
#5744=EDGE_CURVE('',#287,#481,#5747,.T.);
#5745=LINE('',#480,#5748);
#5746=LINE('',#528,#5749);
#5747=LINE('',#286,#5750);
#5748=VECTOR('',#5751,1.0);
#5749=VECTOR('',#5752,1.0);
#5750=VECTOR('',#5753,1.0);
#5751=DIRECTION('',(0.8304397783464071,0.5571084046574509,0));
#5752=DIRECTION('',(-0.7400179214515028,0.6725871511786391,0));
#5753=DIRECTION('',(0.7336818595251736,-0.6794931412484482,0));
#5754=FACE_SURFACE('',(#5759),#5755,.T.);
#5755=PLANE('',#5756);
#5756=AXIS2_PLACEMENT_3D('',#286,#5757,#5758);
#5757=DIRECTION('',(0,0,1));
#5758=DIRECTION('',(-1,0,0));
#5759=FACE_BOUND('',#5760,.T.);
#5760=EDGE_LOOP('',(#5761,#5762,#5763));
#5761=ORIENTED_EDGE('',*,*,#5764,.T.);
#5762=ORIENTED_EDGE('',*,*,#5765,.T.);
#5763=ORIENTED_EDGE('',*,*,#5766,.T.);
#5764=EDGE_CURVE('',#287,#381,#5767,.F.);
#5765=EDGE_CURVE('',#381,#417,#5768,.T.);
#5766=EDGE_CURVE('',#417,#287,#5769,.T.);
#5767=LINE('',#286,#5770);
#5768=LINE('',#380,#5771);
#5769=LINE('',#416,#5772);
#5770=VECTOR('',#5773,1.0);
#5771=VECTOR('',#5774,1.0);
#5772=VECTOR('',#5775,1.0);
#5773=DIRECTION('',(-1,0,0));
#5774=DIRECTION('',(0.9394974211552276,-0.34255597446647595,0));
#5775=DIRECTION('',(-0.690662616946433,0.7231771218399436,0));
#5776=FACE_SURFACE('',(#5781),#5777,.T.);
#5777=PLANE('',#5778);
#5778=AXIS2_PLACEMENT_3D('',#566,#5779,#5780);
#5779=DIRECTION('',(-0,0,1));
#5780=DIRECTION('',(-0.06301759871395407,-0.9980124158808482,0));
#5781=FACE_BOUND('',#5782,.T.);
#5782=EDGE_LOOP('',(#5783,#5784,#5785));
#5783=ORIENTED_EDGE('',*,*,#5786,.T.);
#5784=ORIENTED_EDGE('',*,*,#5787,.T.);
#5785=ORIENTED_EDGE('',*,*,#5788,.T.);
#5786=EDGE_CURVE('',#567,#535,#5789,.F.);
#5787=EDGE_CURVE('',#535,#539,#5790,.T.);
#5788=EDGE_CURVE('',#539,#567,#5791,.T.);
#5789=LINE('',#566,#5792);
#5790=LINE('',#534,#5793);
#5791=LINE('',#538,#5794);
#5792=VECTOR('',#5795,1.0);
#5793=VECTOR('',#5796,1.0);
#5794=VECTOR('',#5797,1.0);
#5795=DIRECTION('',(-0.06301759871395407,-0.9980124158808482,0));
#5796=DIRECTION('',(0.9333217343571267,0.3590411399500134,0));
#5797=DIRECTION('',(-0.9348299448136159,-0.355095725516053,0));
#5798=FACE_SURFACE('',(#5803),#5799,.T.);
#5799=PLANE('',#5800);
#5800=AXIS2_PLACEMENT_3D('',#568,#5801,#5802);
#5801=DIRECTION('',(-0,0,1));
#5802=DIRECTION('',(0.06301822881954519,-0.9980123760938275,0));
#5803=FACE_BOUND('',#5804,.T.);
#5804=EDGE_LOOP('',(#5805,#5806,#5807));
#5805=ORIENTED_EDGE('',*,*,#5808,.T.);
#5806=ORIENTED_EDGE('',*,*,#5809,.T.);
#5807=ORIENTED_EDGE('',*,*,#5810,.T.);
#5808=EDGE_CURVE('',#569,#567,#5811,.F.);
#5809=EDGE_CURVE('',#567,#539,#5812,.T.);
#5810=EDGE_CURVE('',#539,#569,#5813,.T.);
#5811=LINE('',#568,#5814);
#5812=LINE('',#566,#5815);
#5813=LINE('',#538,#5816);
#5814=VECTOR('',#5817,1.0);
#5815=VECTOR('',#5818,1.0);
#5816=VECTOR('',#5819,1.0);
#5817=DIRECTION('',(0.06301822881954519,-0.9980123760938275,0));
#5818=DIRECTION('',(0.9348299448136159,0.355095725516053,0));
#5819=DIRECTION('',(-0.9363994670134781,-0.35093594597429656,0));
#5820=FACE_SURFACE('',(#5825),#5821,.T.);
#5821=PLANE('',#5822);
#5822=AXIS2_PLACEMENT_3D('',#538,#5823,#5824);
#5823=DIRECTION('',(0,0,1));
#5824=DIRECTION('',(-1,0,0));
#5825=FACE_BOUND('',#5826,.T.);
#5826=EDGE_LOOP('',(#5827,#5828,#5829));
#5827=ORIENTED_EDGE('',*,*,#5830,.T.);
#5828=ORIENTED_EDGE('',*,*,#5831,.T.);
#5829=ORIENTED_EDGE('',*,*,#5832,.T.);
#5830=EDGE_CURVE('',#539,#133,#5833,.F.);
#5831=EDGE_CURVE('',#133,#569,#5834,.T.);
#5832=EDGE_CURVE('',#569,#539,#5835,.T.);
#5833=LINE('',#538,#5836);
#5834=LINE('',#132,#5837);
#5835=LINE('',#568,#5838);
#5836=VECTOR('',#5839,1.0);
#5837=VECTOR('',#5840,1.0);
#5838=VECTOR('',#5841,1.0);
#5839=DIRECTION('',(-1,0,0));
#5840=DIRECTION('',(-0.6506954574372221,-0.7593388055871794,0));
#5841=DIRECTION('',(0.9363994670134781,0.35093594597429656,0));
#5842=FACE_SURFACE('',(#5847),#5843,.T.);
#5843=PLANE('',#5844);
#5844=AXIS2_PLACEMENT_3D('',#532,#5845,#5846);
#5845=DIRECTION('',(-0,0,1));
#5846=DIRECTION('',(0.1900369322817254,-0.9817769422679222,0));
#5847=FACE_BOUND('',#5848,.T.);
#5848=EDGE_LOOP('',(#5849,#5850,#5851));
#5849=ORIENTED_EDGE('',*,*,#5852,.T.);
#5850=ORIENTED_EDGE('',*,*,#5853,.T.);
#5851=ORIENTED_EDGE('',*,*,#5854,.T.);
#5852=EDGE_CURVE('',#533,#569,#5855,.F.);
#5853=EDGE_CURVE('',#569,#133,#5856,.T.);
#5854=EDGE_CURVE('',#133,#533,#5857,.T.);
#5855=LINE('',#532,#5858);
#5856=LINE('',#568,#5859);
#5857=LINE('',#132,#5860);
#5858=VECTOR('',#5861,1.0);
#5859=VECTOR('',#5862,1.0);
#5860=VECTOR('',#5863,1.0);
#5861=DIRECTION('',(0.1900369322817254,-0.9817769422679222,0));
#5862=DIRECTION('',(0.6506954574372221,0.7593388055871794,0));
#5863=DIRECTION('',(-0.6566714294170841,-0.7541767921298849,0));
#5864=FACE_SURFACE('',(#5869),#5865,.T.);
#5865=PLANE('',#5866);
#5866=AXIS2_PLACEMENT_3D('',#140,#5867,#5868);
#5867=DIRECTION('',(-2.2204458727851297E-16,-2.2204469141246575E-16,-1));
#5868=DIRECTION('',(0.9584492168024802,0.2852632097041475,-2.761596421424077E-16));
#5869=FACE_BOUND('',#5870,.T.);
#5870=EDGE_LOOP('',(#5871,#5872,#5873));
#5871=ORIENTED_EDGE('',*,*,#5874,.T.);
#5872=ORIENTED_EDGE('',*,*,#5875,.T.);
#5873=ORIENTED_EDGE('',*,*,#5876,.T.);
#5874=EDGE_CURVE('',#141,#139,#5877,.F.);
#5875=EDGE_CURVE('',#139,#477,#5878,.T.);
#5876=EDGE_CURVE('',#477,#141,#5879,.T.);
#5877=LINE('',#140,#5880);
#5878=LINE('',#138,#5881);
#5879=LINE('',#476,#5882);
#5880=VECTOR('',#5883,1.0);
#5881=VECTOR('',#5884,1.0);
#5882=VECTOR('',#5885,1.0);
#5883=DIRECTION('',(0.9584492168024802,0.2852632097041475,-2.761596421424077E-16));
#5884=DIRECTION('',(-0.9328462043858592,-0.36027483809294203,2.8713056569520886E-16));
#5885=DIRECTION('',(-1,0,2.2204458727851297E-16));
#5886=FACE_SURFACE('',(#5891),#5887,.T.);
#5887=PLANE('',#5888);
#5888=AXIS2_PLACEMENT_3D('',#570,#5889,#5890);
#5889=DIRECTION('',(-2.220468227167938E-16,-2.220500745637894E-16,-1));
#5890=DIRECTION('',(-0.3256677024511265,0.9454842926142162,-1.3763137908312756E-16));
#5891=FACE_BOUND('',#5892,.T.);
#5892=EDGE_LOOP('',(#5893,#5894,#5895));
#5893=ORIENTED_EDGE('',*,*,#5896,.T.);
#5894=ORIENTED_EDGE('',*,*,#5897,.T.);
#5895=ORIENTED_EDGE('',*,*,#5898,.T.);
#5896=EDGE_CURVE('',#571,#85,#5899,.F.);
#5897=EDGE_CURVE('',#85,#89,#5900,.T.);
#5898=EDGE_CURVE('',#89,#571,#5901,.T.);
#5899=LINE('',#570,#5902);
#5900=LINE('',#84,#5903);
#5901=LINE('',#88,#5904);
#5902=VECTOR('',#5905,1.0);
#5903=VECTOR('',#5906,1.0);
#5904=VECTOR('',#5907,1.0);
#5905=DIRECTION('',(-0.3256677024511265,0.9454842926142162,-1.3763137908312756E-16));
#5906=DIRECTION('',(0.925700894391393,-0.3782563338834856,-1.215570952426495E-16));
#5907=DIRECTION('',(-0.9270558005372639,0.37492338242661366,1.2259802996693548E-16));
#5908=FACE_SURFACE('',(#5913),#5909,.T.);
#5909=PLANE('',#5910);
#5910=AXIS2_PLACEMENT_3D('',#86,#5911,#5912);
#5911=DIRECTION('',(-2.2204459702135923E-16,-2.2204459962264988E-16,-1));
#5912=DIRECTION('',(-0.5571176804602537,0.8304335555109672,-6.068831549537491E-17));
#5913=FACE_BOUND('',#5914,.T.);
#5914=EDGE_LOOP('',(#5915,#5916,#5917));
#5915=ORIENTED_EDGE('',*,*,#5918,.T.);
#5916=ORIENTED_EDGE('',*,*,#5919,.T.);
#5917=ORIENTED_EDGE('',*,*,#5920,.T.);
#5918=EDGE_CURVE('',#87,#145,#5921,.F.);
#5919=EDGE_CURVE('',#145,#89,#5922,.T.);
#5920=EDGE_CURVE('',#89,#87,#5923,.T.);
#5921=LINE('',#86,#5924);
#5922=LINE('',#144,#5925);
#5923=LINE('',#88,#5926);
#5924=VECTOR('',#5927,1.0);
#5925=VECTOR('',#5928,1.0);
#5926=VECTOR('',#5929,1.0);
#5927=DIRECTION('',(-0.5571176804602537,0.8304335555109672,-6.068831549537491E-17));
#5928=DIRECTION('',(0.9234883004170114,-0.3836265879639989,-1.1987337539096577E-16));
#5929=DIRECTION('',(-0.9244929235304488,0.38119920558957604,1.2063543367280716E-16));
#5930=FACE_SURFACE('',(#5935),#5931,.T.);
#5931=PLANE('',#5932);
#5932=AXIS2_PLACEMENT_3D('',#572,#5933,#5934);
#5933=DIRECTION('',(-2.220446065809709E-16,-2.2203661150386522E-16,-1));
#5934=DIRECTION('',(-0.8304397783464071,-0.5571084046574509,3.080931362825812E-16));
#5935=FACE_BOUND('',#5936,.T.);
#5936=EDGE_LOOP('',(#5937,#5938,#5939));
#5937=ORIENTED_EDGE('',*,*,#5940,.T.);
#5938=ORIENTED_EDGE('',*,*,#5941,.T.);
#5939=ORIENTED_EDGE('',*,*,#5942,.T.);
#5940=EDGE_CURVE('',#573,#575,#5943,.F.);
#5941=EDGE_CURVE('',#575,#491,#5944,.T.);
#5942=EDGE_CURVE('',#491,#573,#5945,.T.);
#5943=LINE('',#572,#5946);
#5944=LINE('',#574,#5947);
#5945=LINE('',#490,#5948);
#5946=VECTOR('',#5949,1.0);
#5947=VECTOR('',#5950,1.0);
#5948=VECTOR('',#5951,1.0);
#5949=DIRECTION('',(-0.8304397783464071,-0.5571084046574509,3.080931362825812E-16));
#5950=DIRECTION('',(-1,0,2.220446065809709E-16));
#5951=DIRECTION('',(0.9999996573039942,0.0008278839858903663,-2.2222835104211653E-16));
#5952=FACE_SURFACE('',(#5957),#5953,.T.);
#5953=PLANE('',#5954);
#5954=AXIS2_PLACEMENT_3D('',#576,#5955,#5956);
#5955=DIRECTION('',(-2.2204258759542915E-16,-2.2205000547277043E-16,-1));
#5956=DIRECTION('',(-0.9367775515371898,-0.3499254476827712,2.8570545911764906E-16));
#5957=FACE_BOUND('',#5958,.T.);
#5958=EDGE_LOOP('',(#5959,#5960,#5961));
#5959=ORIENTED_EDGE('',*,*,#5962,.T.);
#5960=ORIENTED_EDGE('',*,*,#5963,.T.);
#5961=ORIENTED_EDGE('',*,*,#5964,.T.);
#5962=EDGE_CURVE('',#577,#477,#5965,.F.);
#5963=EDGE_CURVE('',#477,#579,#5966,.T.);
#5964=EDGE_CURVE('',#579,#577,#5967,.T.);
#5965=LINE('',#576,#5968);
#5966=LINE('',#476,#5969);
#5967=LINE('',#578,#5970);
#5968=VECTOR('',#5971,1.0);
#5969=VECTOR('',#5972,1.0);
#5970=VECTOR('',#5973,1.0);
#5971=DIRECTION('',(-0.9367775515371898,-0.3499254476827712,2.8570545911764906E-16));
#5972=DIRECTION('',(0.9355696260008499,0.3531422870524426,-2.8615154740557817E-16));
#5973=DIRECTION('',(-0.3256497900402563,-0.9454904622716916,2.822542843523281E-16));
#5974=FACE_SURFACE('',(#5979),#5975,.T.);
#5975=PLANE('',#5976);
#5976=AXIS2_PLACEMENT_3D('',#578,#5977,#5978);
#5977=DIRECTION('',(-2.2204406113958498E-16,-2.22046101654946E-16,-1));
#5978=DIRECTION('',(-0.9355696260008499,-0.3531422870524426,2.8615154740557817E-16));
#5979=FACE_BOUND('',#5980,.T.);
#5980=EDGE_LOOP('',(#5981,#5982,#5983));
#5981=ORIENTED_EDGE('',*,*,#5984,.T.);
#5982=ORIENTED_EDGE('',*,*,#5985,.T.);
#5983=ORIENTED_EDGE('',*,*,#5986,.T.);
#5984=EDGE_CURVE('',#579,#477,#5987,.F.);
#5985=EDGE_CURVE('',#477,#581,#5988,.T.);
#5986=EDGE_CURVE('',#581,#579,#5989,.T.);
#5987=LINE('',#578,#5990);
#5988=LINE('',#476,#5991);
#5989=LINE('',#580,#5992);
#5990=VECTOR('',#5993,1.0);
#5991=VECTOR('',#5994,1.0);
#5992=VECTOR('',#5995,1.0);
#5993=DIRECTION('',(-0.9355696260008499,-0.3531422870524426,2.8615154740557817E-16));
#5994=DIRECTION('',(0.9344847650179652,0.35600312351062086,-2.8654589805017737E-16));
#5995=DIRECTION('',(-0.43883585982299034,-0.8985672418541735,2.969642496173347E-16));
#5996=FACE_SURFACE('',(#6001),#5997,.T.);
#5997=PLANE('',#5998);
#5998=AXIS2_PLACEMENT_3D('',#582,#5999,#6000);
#5999=DIRECTION('',(-2.2204643858562646E-16,-2.2203969607346295E-16,-1));
#6000=DIRECTION('',(-0.9381004576187086,-0.3463632939784028,2.8520826617574873E-16));
#6001=FACE_BOUND('',#6002,.T.);
#6002=EDGE_LOOP('',(#6003,#6004,#6005));
#6003=ORIENTED_EDGE('',*,*,#6006,.T.);
#6004=ORIENTED_EDGE('',*,*,#6007,.T.);
#6005=ORIENTED_EDGE('',*,*,#6008,.T.);
#6006=EDGE_CURVE('',#583,#477,#6009,.F.);
#6007=EDGE_CURVE('',#477,#577,#6010,.T.);
#6008=EDGE_CURVE('',#577,#583,#6011,.T.);
#6009=LINE('',#582,#6012);
#6010=LINE('',#476,#6013);
#6011=LINE('',#576,#6014);
#6012=VECTOR('',#6015,1.0);
#6013=VECTOR('',#6016,1.0);
#6014=VECTOR('',#6017,1.0);
#6015=DIRECTION('',(-0.9381004576187086,-0.3463632939784028,2.8520826617574873E-16));
#6016=DIRECTION('',(0.9367775515371898,0.3499254476827712,-2.8570545911764906E-16));
#6017=DIRECTION('',(-0.1900369322817254,-0.9817769422679222,2.6019047788599823E-16));
#6018=FACE_SURFACE('',(#6023),#6019,.T.);
#6019=PLANE('',#6020);
#6020=AXIS2_PLACEMENT_3D('',#118,#6021,#6022);
#6021=DIRECTION('',(-2.220454778513763E-16,-2.220468890896399E-16,-1));
#6022=DIRECTION('',(-0.06303755649557885,0.9980111554842795,-2.0760806799739727E-16));
#6023=FACE_BOUND('',#6024,.T.);
#6024=EDGE_LOOP('',(#6025,#6026,#6027));
#6025=ORIENTED_EDGE('',*,*,#6028,.T.);
#6026=ORIENTED_EDGE('',*,*,#6029,.T.);
#6027=ORIENTED_EDGE('',*,*,#6030,.T.);
#6028=EDGE_CURVE('',#119,#585,#6031,.F.);
#6029=EDGE_CURVE('',#585,#89,#6032,.T.);
#6030=EDGE_CURVE('',#89,#119,#6033,.T.);
#6031=LINE('',#118,#6034);
#6032=LINE('',#584,#6035);
#6033=LINE('',#88,#6036);
#6034=VECTOR('',#6037,1.0);
#6035=VECTOR('',#6038,1.0);
#6036=VECTOR('',#6039,1.0);
#6037=DIRECTION('',(-0.06303755649557885,0.9980111554842795,-2.0760806799739727E-16));
#6038=DIRECTION('',(0.9285496499892747,-0.37120822661249764,-1.2375461881680951E-16));
#6039=DIRECTION('',(-0.9301525009433675,0.36717342631078104,1.250064394779297E-16));
#6040=FACE_SURFACE('',(#6045),#6041,.T.);
#6041=PLANE('',#6042);
#6042=AXIS2_PLACEMENT_3D('',#586,#6043,#6044);
#6043=DIRECTION('',(-2.220420987519585E-16,-2.220514502056723E-16,-1));
#6044=DIRECTION('',(-0.9395125774934032,-0.34251440368501584,2.8466716456508616E-16));
#6045=FACE_BOUND('',#6046,.T.);
#6046=EDGE_LOOP('',(#6047,#6048,#6049));
#6047=ORIENTED_EDGE('',*,*,#6050,.T.);
#6048=ORIENTED_EDGE('',*,*,#6051,.T.);
#6049=ORIENTED_EDGE('',*,*,#6052,.T.);
#6050=EDGE_CURVE('',#587,#477,#6053,.F.);
#6051=EDGE_CURVE('',#477,#583,#6054,.T.);
#6052=EDGE_CURVE('',#583,#587,#6055,.T.);
#6053=LINE('',#586,#6056);
#6054=LINE('',#476,#6057);
#6055=LINE('',#582,#6058);
#6056=VECTOR('',#6059,1.0);
#6057=VECTOR('',#6060,1.0);
#6058=VECTOR('',#6061,1.0);
#6059=DIRECTION('',(-0.9395125774934032,-0.34251440368501584,2.8466716456508616E-16));
#6060=DIRECTION('',(0.9381004576187086,0.3463632939784028,-2.8520826617574873E-16));
#6061=DIRECTION('',(-0.06299764085672659,-0.9980136758814916,2.3559851244682875E-16));
#6062=FACE_SURFACE('',(#6067),#6063,.T.);
#6063=PLANE('',#6064);
#6064=AXIS2_PLACEMENT_3D('',#588,#6065,#6066);
#6065=DIRECTION('',(-2.2205059608897E-16,-2.2203885322120757E-16,-1));
#6066=DIRECTION('',(-0.6957579650919283,-0.7182763075663424,3.139787185103055E-16));
#6067=FACE_BOUND('',#6068,.T.);
#6068=EDGE_LOOP('',(#6069,#6070,#6071));
#6069=ORIENTED_EDGE('',*,*,#6072,.T.);
#6070=ORIENTED_EDGE('',*,*,#6073,.T.);
#6071=ORIENTED_EDGE('',*,*,#6074,.T.);
#6072=EDGE_CURVE('',#589,#591,#6075,.F.);
#6073=EDGE_CURVE('',#591,#587,#6076,.T.);
#6074=EDGE_CURVE('',#587,#589,#6077,.T.);
#6075=LINE('',#588,#6078);
#6076=LINE('',#590,#6079);
#6077=LINE('',#586,#6080);
#6078=VECTOR('',#6081,1.0);
#6079=VECTOR('',#6082,1.0);
#6080=VECTOR('',#6083,1.0);
#6081=DIRECTION('',(-0.6957579650919283,-0.7182763075663424,3.139787185103055E-16));
#6082=DIRECTION('',(0.690712279293383,0.7231296890830439,-3.1393596023727424E-16));
#6083=DIRECTION('',(0.06299827076435198,-0.998013636119618,2.0760899968732883E-16));
#6084=FACE_SURFACE('',(#6089),#6085,.T.);
#6085=PLANE('',#6086);
#6086=AXIS2_PLACEMENT_3D('',#592,#6087,#6088);
#6087=DIRECTION('',(-0,-0,1));
#6088=DIRECTION('',(0.9285496499892747,-0.37120822661249764,0));
#6089=FACE_BOUND('',#6090,.T.);
#6090=EDGE_LOOP('',(#6091,#6092,#6093));
#6091=ORIENTED_EDGE('',*,*,#6094,.T.);
#6092=ORIENTED_EDGE('',*,*,#6095,.T.);
#6093=ORIENTED_EDGE('',*,*,#6096,.T.);
#6094=EDGE_CURVE('',#593,#497,#6097,.F.);
#6095=EDGE_CURVE('',#497,#565,#6098,.T.);
#6096=EDGE_CURVE('',#565,#593,#6099,.T.);
#6097=LINE('',#592,#6100);
#6098=LINE('',#496,#6101);
#6099=LINE('',#564,#6102);
#6100=VECTOR('',#6103,1.0);
#6101=VECTOR('',#6104,1.0);
#6102=VECTOR('',#6105,1.0);
#6103=DIRECTION('',(0.9285496499892747,-0.37120822661249764,0));
#6104=DIRECTION('',(-0.9270558005372639,0.37492338242661366,0));
#6105=DIRECTION('',(0.19001752404024772,-0.9817806988108974,0));
#6106=FACE_SURFACE('',(#6111),#6107,.T.);
#6107=PLANE('',#6108);
#6108=AXIS2_PLACEMENT_3D('',#594,#6109,#6110);
#6109=DIRECTION('',(-0,-0,1));
#6110=DIRECTION('',(0.9301525009433675,-0.36717342631078104,0));
#6111=FACE_BOUND('',#6112,.T.);
#6112=EDGE_LOOP('',(#6113,#6114,#6115));
#6113=ORIENTED_EDGE('',*,*,#6116,.T.);
#6114=ORIENTED_EDGE('',*,*,#6117,.T.);
#6115=ORIENTED_EDGE('',*,*,#6118,.T.);
#6116=EDGE_CURVE('',#595,#497,#6119,.F.);
#6117=EDGE_CURVE('',#497,#593,#6120,.T.);
#6118=EDGE_CURVE('',#593,#595,#6121,.T.);
#6119=LINE('',#594,#6122);
#6120=LINE('',#496,#6123);
#6121=LINE('',#592,#6124);
#6122=VECTOR('',#6125,1.0);
#6123=VECTOR('',#6126,1.0);
#6124=VECTOR('',#6127,1.0);
#6125=DIRECTION('',(0.9301525009433675,-0.36717342631078104,0));
#6126=DIRECTION('',(-0.9285496499892747,0.37120822661249764,0));
#6127=DIRECTION('',(0.06303755649557885,-0.9980111554842795,0));
#6128=FACE_SURFACE('',(#6133),#6129,.T.);
#6129=PLANE('',#6130);
#6130=AXIS2_PLACEMENT_3D('',#238,#6131,#6132);
#6131=DIRECTION('',(-0.07348373445278193,-0.9972964157014067,0));
#6132=DIRECTION('',(0.9972964157014067,-0.07348373445278193,-2.0511872991608068E-16));
#6133=FACE_BOUND('',#6134,.T.);
#6134=EDGE_LOOP('',(#6135,#6136,#6137));
#6135=ORIENTED_EDGE('',*,*,#6138,.T.);
#6136=ORIENTED_EDGE('',*,*,#6139,.T.);
#6137=ORIENTED_EDGE('',*,*,#6140,.T.);
#6138=EDGE_CURVE('',#239,#237,#6141,.F.);
#6139=EDGE_CURVE('',#237,#125,#6142,.T.);
#6140=EDGE_CURVE('',#125,#239,#6143,.T.);
#6141=LINE('',#238,#6144);
#6142=LINE('',#236,#6145);
#6143=LINE('',#124,#6146);
#6144=VECTOR('',#6147,1.0);
#6145=VECTOR('',#6148,1.0);
#6146=VECTOR('',#6149,1.0);
#6147=DIRECTION('',(0.9972964157014067,-0.07348373445278193,-2.0511872991608068E-16));
#6148=DIRECTION('',(0,0,1));
#6149=DIRECTION('',(-0.03165112149849689,0.0023321477654088415,-0.9994962569187978));
#6150=FACE_SURFACE('',(#6155),#6151,.T.);
#6151=PLANE('',#6152);
#6152=AXIS2_PLACEMENT_3D('',#596,#6153,#6154);
#6153=DIRECTION('',(-2.2204101526725643E-16,-2.2204136472241272E-16,-1));
#6154=DIRECTION('',(0.9454842926142162,0.3256677024511265,-2.822479933495651E-16));
#6155=FACE_BOUND('',#6156,.T.);
#6156=EDGE_LOOP('',(#6157,#6158,#6159));
#6157=ORIENTED_EDGE('',*,*,#6160,.T.);
#6158=ORIENTED_EDGE('',*,*,#6161,.T.);
#6159=ORIENTED_EDGE('',*,*,#6162,.T.);
#6160=EDGE_CURVE('',#597,#599,#6163,.F.);
#6161=EDGE_CURVE('',#599,#187,#6164,.T.);
#6162=EDGE_CURVE('',#187,#597,#6165,.T.);
#6163=LINE('',#596,#6166);
#6164=LINE('',#598,#6167);
#6165=LINE('',#186,#6168);
#6166=VECTOR('',#6169,1.0);
#6167=VECTOR('',#6170,1.0);
#6168=VECTOR('',#6171,1.0);
#6169=DIRECTION('',(0.9454842926142162,0.3256677024511265,-2.822479933495651E-16));
#6170=DIRECTION('',(0.6645113800105483,-0.747278144894173,1.8377877645347242E-17));
#6171=DIRECTION('',(-0.6718811044836105,0.7406590183329195,-1.527177664617747E-17));
#6172=FACE_SURFACE('',(#6177),#6173,.T.);
#6173=PLANE('',#6174);
#6174=AXIS2_PLACEMENT_3D('',#598,#6175,#6176);
#6175=DIRECTION('',(-2.220463380486955E-16,-2.2204609796513334E-16,-1));
#6176=DIRECTION('',(0.8985652315706761,0.43883997608734,-2.96965823489453E-16));
#6177=FACE_BOUND('',#6178,.T.);
#6178=EDGE_LOOP('',(#6179,#6180,#6181));
#6179=ORIENTED_EDGE('',*,*,#6182,.T.);
#6180=ORIENTED_EDGE('',*,*,#6183,.T.);
#6181=ORIENTED_EDGE('',*,*,#6184,.T.);
#6182=EDGE_CURVE('',#599,#601,#6185,.F.);
#6183=EDGE_CURVE('',#601,#187,#6186,.T.);
#6184=EDGE_CURVE('',#187,#599,#6187,.T.);
#6185=LINE('',#598,#6188);
#6186=LINE('',#600,#6189);
#6187=LINE('',#186,#6190);
#6188=VECTOR('',#6191,1.0);
#6189=VECTOR('',#6192,1.0);
#6190=VECTOR('',#6193,1.0);
#6191=DIRECTION('',(0.8985652315706761,0.43883997608734,-2.96965823489453E-16));
#6192=DIRECTION('',(0.6566535815198443,-0.7541923321521913,2.1657941326575823E-17));
#6193=DIRECTION('',(-0.6645113800105483,0.747278144894173,-1.8377877645347242E-17));
#6194=FACE_SURFACE('',(#6199),#6195,.T.);
#6195=PLANE('',#6196);
#6196=AXIS2_PLACEMENT_3D('',#602,#6197,#6198);
#6197=DIRECTION('',(-2.2204460227139564E-16,-2.2204461863581037E-16,-1));
#6198=DIRECTION('',(0.9817806988108974,0.19001752404024772,-2.601914734448363E-16));
#6199=FACE_BOUND('',#6200,.T.);
#6200=EDGE_LOOP('',(#6201,#6202,#6203));
#6201=ORIENTED_EDGE('',*,*,#6204,.T.);
#6202=ORIENTED_EDGE('',*,*,#6205,.T.);
#6203=ORIENTED_EDGE('',*,*,#6206,.T.);
#6204=EDGE_CURVE('',#603,#597,#6207,.F.);
#6205=EDGE_CURVE('',#597,#187,#6208,.T.);
#6206=EDGE_CURVE('',#187,#603,#6209,.T.);
#6207=LINE('',#602,#6210);
#6208=LINE('',#596,#6211);
#6209=LINE('',#186,#6212);
#6210=VECTOR('',#6213,1.0);
#6211=VECTOR('',#6214,1.0);
#6212=VECTOR('',#6215,1.0);
#6213=DIRECTION('',(0.9817806988108974,0.19001752404024772,-2.601914734448363E-16));
#6214=DIRECTION('',(0.6718811044836105,-0.7406590183329195,1.527177664617747E-17));
#6215=DIRECTION('',(-0.6785780867683942,0.7345282704959325,-1.2423448312918008E-17));
#6216=FACE_SURFACE('',(#6221),#6217,.T.);
#6217=PLANE('',#6218);
#6218=AXIS2_PLACEMENT_3D('',#208,#6219,#6220);
#6219=DIRECTION('',(-2.22050922468831E-16,-2.2205045741377977E-16,-1));
#6220=DIRECTION('',(0.9980117459324571,0.06302820781879141,-2.3560487119516404E-16));
#6221=FACE_BOUND('',#6222,.T.);
#6222=EDGE_LOOP('',(#6223,#6224,#6225));
#6223=ORIENTED_EDGE('',*,*,#6226,.T.);
#6224=ORIENTED_EDGE('',*,*,#6227,.T.);
#6225=ORIENTED_EDGE('',*,*,#6228,.T.);
#6226=EDGE_CURVE('',#209,#603,#6229,.F.);
#6227=EDGE_CURVE('',#603,#187,#6230,.T.);
#6228=EDGE_CURVE('',#187,#209,#6231,.T.);
#6229=LINE('',#208,#6232);
#6230=LINE('',#602,#6233);
#6231=LINE('',#186,#6234);
#6232=VECTOR('',#6235,1.0);
#6233=VECTOR('',#6236,1.0);
#6234=VECTOR('',#6237,1.0);
#6235=DIRECTION('',(0.9980117459324571,0.06302820781879141,-2.3560487119516404E-16));
#6236=DIRECTION('',(0.6785780867683942,-0.7345282704959325,1.2423448312918008E-17));
#6237=DIRECTION('',(-0.6845965058366491,0.7289222346699618,-9.842229987573167E-18));
#6238=FACE_SURFACE('',(#6243),#6239,.T.);
#6239=PLANE('',#6240);
#6240=AXIS2_PLACEMENT_3D('',#210,#6241,#6242);
#6241=DIRECTION('',(-2.220447170532874E-16,-2.220446293492808E-16,-1));
#6242=DIRECTION('',(-0.2999471023668439,0.9539558353413087,-1.452191003979451E-16));
#6243=FACE_BOUND('',#6244,.T.);
#6244=EDGE_LOOP('',(#6245,#6246,#6247));
#6245=ORIENTED_EDGE('',*,*,#6248,.T.);
#6246=ORIENTED_EDGE('',*,*,#6249,.T.);
#6247=ORIENTED_EDGE('',*,*,#6250,.T.);
#6248=EDGE_CURVE('',#211,#209,#6251,.F.);
#6249=EDGE_CURVE('',#209,#187,#6252,.T.);
#6250=EDGE_CURVE('',#187,#211,#6253,.T.);
#6251=LINE('',#210,#6254);
#6252=LINE('',#208,#6255);
#6253=LINE('',#186,#6256);
#6254=VECTOR('',#6257,1.0);
#6255=VECTOR('',#6258,1.0);
#6256=VECTOR('',#6259,1.0);
#6257=DIRECTION('',(-0.2999471023668439,0.9539558353413087,-1.452191003979451E-16));
#6258=DIRECTION('',(0.6845965058366491,-0.7289222346699618,9.842229987573167E-18));
#6259=DIRECTION('',(0,-1,2.220446293492808E-16));
#6260=FACE_SURFACE('',(#6265),#6261,.T.);
#6261=PLANE('',#6262);
#6262=AXIS2_PLACEMENT_3D('',#600,#6263,#6264);
#6263=DIRECTION('',(-2.220479959172937E-16,-2.2204754142366016E-16,-1));
#6264=DIRECTION('',(0.8304273323646918,0.557126956502431,-3.081033958587355E-16));
#6265=FACE_BOUND('',#6266,.T.);
#6266=EDGE_LOOP('',(#6267,#6268,#6269));
#6267=ORIENTED_EDGE('',*,*,#6270,.T.);
#6268=ORIENTED_EDGE('',*,*,#6271,.T.);
#6269=ORIENTED_EDGE('',*,*,#6272,.T.);
#6270=EDGE_CURVE('',#601,#193,#6273,.F.);
#6271=EDGE_CURVE('',#193,#187,#6274,.T.);
#6272=EDGE_CURVE('',#187,#601,#6275,.T.);
#6273=LINE('',#600,#6276);
#6274=LINE('',#192,#6277);
#6275=LINE('',#186,#6278);
#6276=VECTOR('',#6279,1.0);
#6277=VECTOR('',#6280,1.0);
#6278=VECTOR('',#6281,1.0);
#6279=DIRECTION('',(0.8304273323646918,0.557126956502431,-3.081033958587355E-16));
#6280=DIRECTION('',(0.648522600388633,-0.7611953998712586,2.501842336104495E-17));
#6281=DIRECTION('',(-0.6566535815198443,0.7541923321521913,-2.1657941326575823E-17));
#6282=FACE_SURFACE('',(#6287),#6283,.T.);
#6283=PLANE('',#6284);
#6284=AXIS2_PLACEMENT_3D('',#184,#6285,#6286);
#6285=DIRECTION('',(-2.2204459958220565E-16,-2.2204460595910184E-16,-1));
#6286=DIRECTION('',(0.19001752404024772,0.9817806988108974,-2.601914734448363E-16));
#6287=FACE_BOUND('',#6288,.T.);
#6288=EDGE_LOOP('',(#6289,#6290,#6291));
#6289=ORIENTED_EDGE('',*,*,#6292,.T.);
#6290=ORIENTED_EDGE('',*,*,#6293,.T.);
#6291=ORIENTED_EDGE('',*,*,#6294,.T.);
#6292=EDGE_CURVE('',#185,#117,#6295,.F.);
#6293=EDGE_CURVE('',#117,#89,#6296,.T.);
#6294=EDGE_CURVE('',#89,#185,#6297,.T.);
#6295=LINE('',#184,#6298);
#6296=LINE('',#116,#6299);
#6297=LINE('',#88,#6300);
#6298=VECTOR('',#6301,1.0);
#6299=VECTOR('',#6302,1.0);
#6300=VECTOR('',#6303,1.0);
#6301=DIRECTION('',(0.19001752404024772,0.9817806988108974,-2.601914734448363E-16));
#6302=DIRECTION('',(0.9318242490845913,-0.3629098632139081,-1.2632436469297376E-16));
#6303=DIRECTION('',(-0.9335254871580655,0.3585110386393931,1.2767885068912374E-16));
#6304=FACE_SURFACE('',(#6309),#6305,.T.);
#6305=PLANE('',#6306);
#6306=AXIS2_PLACEMENT_3D('',#476,#6307,#6308);
#6307=DIRECTION('',(-2.220446049250313E-16,-2.2204457580536113E-16,-1));
#6308=DIRECTION('',(0.9395125774934032,0.34251440368501584,-2.8466716456508616E-16));
#6309=FACE_BOUND('',#6310,.T.);
#6310=EDGE_LOOP('',(#6311,#6312,#6313));
#6311=ORIENTED_EDGE('',*,*,#6314,.T.);
#6312=ORIENTED_EDGE('',*,*,#6315,.T.);
#6313=ORIENTED_EDGE('',*,*,#6316,.T.);
#6314=EDGE_CURVE('',#477,#587,#6317,.F.);
#6315=EDGE_CURVE('',#587,#591,#6318,.T.);
#6316=EDGE_CURVE('',#591,#477,#6319,.T.);
#6317=LINE('',#476,#6320);
#6318=LINE('',#586,#6321);
#6319=LINE('',#590,#6322);
#6320=VECTOR('',#6323,1.0);
#6321=VECTOR('',#6324,1.0);
#6322=VECTOR('',#6325,1.0);
#6323=DIRECTION('',(0.9395125774934032,0.34251440368501584,-2.8466716456508616E-16));
#6324=DIRECTION('',(-0.690712279293383,-0.7231296890830439,3.1393596023727424E-16));
#6325=DIRECTION('',(-1,0,2.220446049250313E-16));
#6326=FACE_SURFACE('',(#6331),#6327,.T.);
#6327=PLANE('',#6328);
#6328=AXIS2_PLACEMENT_3D('',#518,#6329,#6330);
#6329=DIRECTION('',(-2.220394824236953E-16,-2.2205049007567537E-16,-1));
#6330=DIRECTION('',(0.9817814258104299,-0.19001376774760106,-1.758015893906651E-16));
#6331=FACE_BOUND('',#6332,.T.);
#6332=EDGE_LOOP('',(#6333,#6334,#6335));
#6333=ORIENTED_EDGE('',*,*,#6336,.T.);
#6334=ORIENTED_EDGE('',*,*,#6337,.T.);
#6335=ORIENTED_EDGE('',*,*,#6338,.T.);
#6336=EDGE_CURVE('',#519,#605,#6339,.F.);
#6337=EDGE_CURVE('',#605,#591,#6340,.T.);
#6338=EDGE_CURVE('',#591,#519,#6341,.T.);
#6339=LINE('',#518,#6342);
#6340=LINE('',#604,#6343);
#6341=LINE('',#590,#6344);
#6342=VECTOR('',#6345,1.0);
#6343=VECTOR('',#6346,1.0);
#6344=VECTOR('',#6347,1.0);
#6345=DIRECTION('',(0.9817814258104299,-0.19001376774760106,-1.758015893906651E-16));
#6346=DIRECTION('',(-0.756508701630575,-0.6539836269794693,3.131921854313335E-16));
#6347=DIRECTION('',(0.7515992285803323,0.659620041840338,-3.133536572584102E-16));
#6348=FACE_SURFACE('',(#6353),#6349,.T.);
#6349=PLANE('',#6350);
#6350=AXIS2_PLACEMENT_3D('',#484,#6351,#6352);
#6351=DIRECTION('',(-2.220491581539137E-16,-2.220446089804595E-16,-1));
#6352=DIRECTION('',(0.9817799717682484,0.19002128047862832,-2.60196617145356E-16));
#6353=FACE_BOUND('',#6354,.T.);
#6354=EDGE_LOOP('',(#6355,#6356,#6357));
#6355=ORIENTED_EDGE('',*,*,#6358,.T.);
#6356=ORIENTED_EDGE('',*,*,#6359,.T.);
#6357=ORIENTED_EDGE('',*,*,#6360,.T.);
#6358=EDGE_CURVE('',#485,#607,#6361,.F.);
#6359=EDGE_CURVE('',#607,#387,#6362,.T.);
#6360=EDGE_CURVE('',#387,#485,#6363,.T.);
#6361=LINE('',#484,#6364);
#6362=LINE('',#606,#6365);
#6363=LINE('',#386,#6366);
#6364=VECTOR('',#6367,1.0);
#6365=VECTOR('',#6368,1.0);
#6366=VECTOR('',#6369,1.0);
#6367=DIRECTION('',(0.9817799717682484,0.19002128047862832,-2.60196617145356E-16));
#6368=DIRECTION('',(-0.003559592643882782,-0.9999936646300364,2.228336067956582E-16));
#6369=DIRECTION('',(0,1,-2.220446089804595E-16));
#6370=FACE_SURFACE('',(#6375),#6371,.T.);
#6371=PLANE('',#6372);
#6372=AXIS2_PLACEMENT_3D('',#590,#6373,#6374);
#6373=DIRECTION('',(-2.220445629572069E-16,-2.220446130664478E-16,-1));
#6374=DIRECTION('',(0.756508701630575,0.6539836269794693,-3.131921854313335E-16));
#6375=FACE_BOUND('',#6376,.T.);
#6376=EDGE_LOOP('',(#6377,#6378,#6379));
#6377=ORIENTED_EDGE('',*,*,#6380,.T.);
#6378=ORIENTED_EDGE('',*,*,#6381,.T.);
#6379=ORIENTED_EDGE('',*,*,#6382,.T.);
#6380=EDGE_CURVE('',#591,#605,#6383,.F.);
#6381=EDGE_CURVE('',#605,#259,#6384,.T.);
#6382=EDGE_CURVE('',#259,#591,#6385,.T.);
#6383=LINE('',#590,#6386);
#6384=LINE('',#604,#6387);
#6385=LINE('',#258,#6388);
#6386=VECTOR('',#6389,1.0);
#6387=VECTOR('',#6390,1.0);
#6388=VECTOR('',#6391,1.0);
#6389=DIRECTION('',(0.756508701630575,0.6539836269794693,-3.131921854313335E-16));
#6390=DIRECTION('',(-0.36132318684675374,-0.9324406440341958,2.87273271121695E-16));
#6391=DIRECTION('',(0,1,-2.220446130664478E-16));
#6392=FACE_SURFACE('',(#6397),#6393,.T.);
#6393=PLANE('',#6394);
#6394=AXIS2_PLACEMENT_3D('',#608,#6395,#6396);
#6395=DIRECTION('',(0,0,1));
#6396=DIRECTION('',(-0.8304273323646918,-0.557126956502431,0));
#6397=FACE_BOUND('',#6398,.T.);
#6398=EDGE_LOOP('',(#6399,#6400,#6401));
#6399=ORIENTED_EDGE('',*,*,#6402,.T.);
#6400=ORIENTED_EDGE('',*,*,#6403,.T.);
#6401=ORIENTED_EDGE('',*,*,#6404,.T.);
#6402=EDGE_CURVE('',#609,#611,#6405,.F.);
#6403=EDGE_CURVE('',#611,#551,#6406,.T.);
#6404=EDGE_CURVE('',#551,#609,#6407,.T.);
#6405=LINE('',#608,#6408);
#6406=LINE('',#610,#6409);
#6407=LINE('',#550,#6410);
#6408=VECTOR('',#6411,1.0);
#6409=VECTOR('',#6412,1.0);
#6410=VECTOR('',#6413,1.0);
#6411=DIRECTION('',(-0.8304273323646918,-0.557126956502431,0));
#6412=DIRECTION('',(0.6566535815198443,-0.7541923321521913,0));
#6413=DIRECTION('',(-0.648522600388633,0.7611953998712586,0));
#6414=FACE_SURFACE('',(#6419),#6415,.T.);
#6415=PLANE('',#6416);
#6416=AXIS2_PLACEMENT_3D('',#612,#6417,#6418);
#6417=DIRECTION('',(0,0,1));
#6418=DIRECTION('',(-0.7479966006479392,-0.6637025579422815,0));
#6419=FACE_BOUND('',#6420,.T.);
#6420=EDGE_LOOP('',(#6421,#6422,#6423));
#6421=ORIENTED_EDGE('',*,*,#6424,.T.);
#6422=ORIENTED_EDGE('',*,*,#6425,.T.);
#6423=ORIENTED_EDGE('',*,*,#6426,.T.);
#6424=EDGE_CURVE('',#613,#609,#6427,.F.);
#6425=EDGE_CURVE('',#609,#551,#6428,.T.);
#6426=EDGE_CURVE('',#551,#613,#6429,.T.);
#6427=LINE('',#612,#6430);
#6428=LINE('',#608,#6431);
#6429=LINE('',#550,#6432);
#6430=VECTOR('',#6433,1.0);
#6431=VECTOR('',#6434,1.0);
#6432=VECTOR('',#6435,1.0);
#6433=DIRECTION('',(-0.7479966006479392,-0.6637025579422815,0));
#6434=DIRECTION('',(0.648522600388633,-0.7611953998712586,0));
#6435=DIRECTION('',(-0.6402738033518496,0.7681467677087219,0));
#6436=FACE_SURFACE('',(#6441),#6437,.T.);
#6437=PLANE('',#6438);
#6438=AXIS2_PLACEMENT_3D('',#522,#6439,#6440);
#6439=DIRECTION('',(0,0,1));
#6440=DIRECTION('',(-0.8985613935877542,0.4388478346233841,0));
#6441=FACE_BOUND('',#6442,.T.);
#6442=EDGE_LOOP('',(#6443,#6444,#6445));
#6443=ORIENTED_EDGE('',*,*,#6446,.T.);
#6444=ORIENTED_EDGE('',*,*,#6447,.T.);
#6445=ORIENTED_EDGE('',*,*,#6448,.T.);
#6446=EDGE_CURVE('',#523,#323,#6449,.F.);
#6447=EDGE_CURVE('',#323,#309,#6450,.T.);
#6448=EDGE_CURVE('',#309,#523,#6451,.T.);
#6449=LINE('',#522,#6452);
#6450=LINE('',#322,#6453);
#6451=LINE('',#308,#6454);
#6452=VECTOR('',#6455,1.0);
#6453=VECTOR('',#6456,1.0);
#6454=VECTOR('',#6457,1.0);
#6455=DIRECTION('',(-0.8985613935877542,0.4388478346233841,0));
#6456=DIRECTION('',(-0.7400683127176841,-0.6725317037219881,0));
#6457=DIRECTION('',(0.7460718421238169,0.6658654566727232,0));
#6458=FACE_SURFACE('',(#6463),#6459,.T.);
#6459=PLANE('',#6460);
#6460=AXIS2_PLACEMENT_3D('',#520,#6461,#6462);
#6461=DIRECTION('',(0,0,1));
#6462=DIRECTION('',(-0.9454842926142162,0.3256677024511265,0));
#6463=FACE_BOUND('',#6464,.T.);
#6464=EDGE_LOOP('',(#6465,#6466,#6467));
#6465=ORIENTED_EDGE('',*,*,#6468,.T.);
#6466=ORIENTED_EDGE('',*,*,#6469,.T.);
#6467=ORIENTED_EDGE('',*,*,#6470,.T.);
#6468=EDGE_CURVE('',#521,#523,#6471,.F.);
#6469=EDGE_CURVE('',#523,#309,#6472,.T.);
#6470=EDGE_CURVE('',#309,#521,#6473,.T.);
#6471=LINE('',#520,#6474);
#6472=LINE('',#522,#6475);
#6473=LINE('',#308,#6476);
#6474=VECTOR('',#6477,1.0);
#6475=VECTOR('',#6478,1.0);
#6476=VECTOR('',#6479,1.0);
#6477=DIRECTION('',(-0.9454842926142162,0.3256677024511265,0));
#6478=DIRECTION('',(-0.7460718421238169,-0.6658654566727232,0));
#6479=DIRECTION('',(0.7515992285803323,0.659620041840338,0));
#6480=FACE_SURFACE('',(#6485),#6481,.T.);
#6481=PLANE('',#6482);
#6482=AXIS2_PLACEMENT_3D('',#284,#6483,#6484);
#6483=DIRECTION('',(0,0,1));
#6484=DIRECTION('',(-0.9817814258104299,0.19001376774760106,0));
#6485=FACE_BOUND('',#6486,.T.);
#6486=EDGE_LOOP('',(#6487,#6488,#6489));
#6487=ORIENTED_EDGE('',*,*,#6490,.T.);
#6488=ORIENTED_EDGE('',*,*,#6491,.T.);
#6489=ORIENTED_EDGE('',*,*,#6492,.T.);
#6490=EDGE_CURVE('',#285,#521,#6493,.F.);
#6491=EDGE_CURVE('',#521,#309,#6494,.T.);
#6492=EDGE_CURVE('',#309,#285,#6495,.T.);
#6493=LINE('',#284,#6496);
#6494=LINE('',#520,#6497);
#6495=LINE('',#308,#6498);
#6496=VECTOR('',#6499,1.0);
#6497=VECTOR('',#6500,1.0);
#6498=VECTOR('',#6501,1.0);
#6499=DIRECTION('',(-0.9817814258104299,0.19001376774760106,0));
#6500=DIRECTION('',(-0.7515992285803323,-0.659620041840338,0));
#6501=DIRECTION('',(0.756508701630575,0.6539836269794693,0));
#6502=FACE_SURFACE('',(#6507),#6503,.T.);
#6503=PLANE('',#6504);
#6504=AXIS2_PLACEMENT_3D('',#308,#6505,#6506);
#6505=DIRECTION('',(-0,0,1));
#6506=DIRECTION('',(0,-1,0));
#6507=FACE_BOUND('',#6508,.T.);
#6508=EDGE_LOOP('',(#6509,#6510,#6511));
#6509=ORIENTED_EDGE('',*,*,#6512,.T.);
#6510=ORIENTED_EDGE('',*,*,#6513,.T.);
#6511=ORIENTED_EDGE('',*,*,#6514,.T.);
#6512=EDGE_CURVE('',#309,#287,#6515,.F.);
#6513=EDGE_CURVE('',#287,#285,#6516,.T.);
#6514=EDGE_CURVE('',#285,#309,#6517,.T.);
#6515=LINE('',#308,#6518);
#6516=LINE('',#286,#6519);
#6517=LINE('',#284,#6520);
#6518=VECTOR('',#6521,1.0);
#6519=VECTOR('',#6522,1.0);
#6520=VECTOR('',#6523,1.0);
#6521=DIRECTION('',(0,-1,0));
#6522=DIRECTION('',(0.36132318684675374,0.9324406440341958,0));
#6523=DIRECTION('',(-0.756508701630575,-0.6539836269794693,0));
#6524=FACE_SURFACE('',(#6529),#6525,.T.);
#6525=PLANE('',#6526);
#6526=AXIS2_PLACEMENT_3D('',#550,#6527,#6528);
#6527=DIRECTION('',(0,-0,1));
#6528=DIRECTION('',(1,0,0));
#6529=FACE_BOUND('',#6530,.T.);
#6530=EDGE_LOOP('',(#6531,#6532,#6533));
#6531=ORIENTED_EDGE('',*,*,#6534,.T.);
#6532=ORIENTED_EDGE('',*,*,#6535,.T.);
#6533=ORIENTED_EDGE('',*,*,#6536,.T.);
#6534=EDGE_CURVE('',#551,#497,#6537,.F.);
#6535=EDGE_CURVE('',#497,#495,#6538,.T.);
#6536=EDGE_CURVE('',#495,#551,#6539,.T.);
#6537=LINE('',#550,#6540);
#6538=LINE('',#496,#6541);
#6539=LINE('',#494,#6542);
#6540=VECTOR('',#6543,1.0);
#6541=VECTOR('',#6544,1.0);
#6542=VECTOR('',#6545,1.0);
#6543=DIRECTION('',(1,0,0));
#6544=DIRECTION('',(-0.9335254871580655,0.3585110386393931,0));
#6545=DIRECTION('',(0.6093428793990102,-0.7929068389954292,0));
#6546=FACE_SURFACE('',(#6551),#6547,.T.);
#6547=PLANE('',#6548);
#6548=AXIS2_PLACEMENT_3D('',#554,#6549,#6550);
#6549=DIRECTION('',(0,0,1));
#6550=DIRECTION('',(-0.9535101028408401,0.30136105219561876,0));
#6551=FACE_BOUND('',#6552,.T.);
#6552=EDGE_LOOP('',(#6553,#6554,#6555));
#6553=ORIENTED_EDGE('',*,*,#6556,.T.);
#6554=ORIENTED_EDGE('',*,*,#6557,.T.);
#6555=ORIENTED_EDGE('',*,*,#6558,.T.);
#6556=EDGE_CURVE('',#555,#429,#6559,.F.);
#6557=EDGE_CURVE('',#429,#497,#6560,.T.);
#6558=EDGE_CURVE('',#497,#555,#6561,.T.);
#6559=LINE('',#554,#6562);
#6560=LINE('',#428,#6563);
#6561=LINE('',#496,#6564);
#6562=VECTOR('',#6565,1.0);
#6563=VECTOR('',#6566,1.0);
#6564=VECTOR('',#6567,1.0);
#6565=DIRECTION('',(-0.9535101028408401,0.30136105219561876,0));
#6566=DIRECTION('',(0.922699994590913,-0.3855187673537164,0));
#6567=DIRECTION('',(1,0,0));
#6568=FACE_SURFACE('',(#6573),#6569,.T.);
#6569=PLANE('',#6570);
#6570=AXIS2_PLACEMENT_3D('',#612,#6571,#6572);
#6571=DIRECTION('',(-0,0,1));
#6572=DIRECTION('',(0.6402738033518496,-0.7681467677087219,0));
#6573=FACE_BOUND('',#6574,.T.);
#6574=EDGE_LOOP('',(#6575,#6576,#6577));
#6575=ORIENTED_EDGE('',*,*,#6578,.T.);
#6576=ORIENTED_EDGE('',*,*,#6579,.T.);
#6577=ORIENTED_EDGE('',*,*,#6580,.T.);
#6578=EDGE_CURVE('',#613,#551,#6581,.F.);
#6579=EDGE_CURVE('',#551,#615,#6582,.T.);
#6580=EDGE_CURVE('',#615,#613,#6583,.T.);
#6581=LINE('',#612,#6584);
#6582=LINE('',#550,#6585);
#6583=LINE('',#614,#6586);
#6584=VECTOR('',#6587,1.0);
#6585=VECTOR('',#6588,1.0);
#6586=VECTOR('',#6589,1.0);
#6587=DIRECTION('',(0.6402738033518496,-0.7681467677087219,0));
#6588=DIRECTION('',(-0.6320567790632746,0.7749220786893085,0));
#6589=DIRECTION('',(-0.6637075457536028,-0.747992174898728,0));
#6590=FACE_SURFACE('',(#6595),#6591,.T.);
#6591=PLANE('',#6592);
#6592=AXIS2_PLACEMENT_3D('',#610,#6593,#6594);
#6593=DIRECTION('',(0,0,1));
#6594=DIRECTION('',(-0.8985652315706761,-0.43883997608734,0));
#6595=FACE_BOUND('',#6596,.T.);
#6596=EDGE_LOOP('',(#6597,#6598,#6599));
#6597=ORIENTED_EDGE('',*,*,#6600,.T.);
#6598=ORIENTED_EDGE('',*,*,#6601,.T.);
#6599=ORIENTED_EDGE('',*,*,#6602,.T.);
#6600=EDGE_CURVE('',#611,#617,#6603,.F.);
#6601=EDGE_CURVE('',#617,#551,#6604,.T.);
#6602=EDGE_CURVE('',#551,#611,#6605,.T.);
#6603=LINE('',#610,#6606);
#6604=LINE('',#616,#6607);
#6605=LINE('',#550,#6608);
#6606=VECTOR('',#6609,1.0);
#6607=VECTOR('',#6610,1.0);
#6608=VECTOR('',#6611,1.0);
#6609=DIRECTION('',(-0.8985652315706761,-0.43883997608734,0));
#6610=DIRECTION('',(0.6645113800105483,-0.747278144894173,0));
#6611=DIRECTION('',(-0.6566535815198443,0.7541923321521913,0));
#6612=FACE_SURFACE('',(#6617),#6613,.T.);
#6613=PLANE('',#6614);
#6614=AXIS2_PLACEMENT_3D('',#618,#6615,#6616);
#6615=DIRECTION('',(0.8304242795769872,0.5571315068177725,-0));
#6616=DIRECTION('',(0,0,1));
#6617=FACE_BOUND('',#6618,.T.);
#6618=EDGE_LOOP('',(#6619,#6620,#6621));
#6619=ORIENTED_EDGE('',*,*,#6622,.T.);
#6620=ORIENTED_EDGE('',*,*,#6623,.T.);
#6621=ORIENTED_EDGE('',*,*,#6624,.T.);
#6622=EDGE_CURVE('',#619,#353,#6625,.F.);
#6623=EDGE_CURVE('',#353,#321,#6626,.T.);
#6624=EDGE_CURVE('',#321,#619,#6627,.T.);
#6625=LINE('',#618,#6628);
#6626=LINE('',#352,#6629);
#6627=LINE('',#320,#6630);
#6628=VECTOR('',#6631,1.0);
#6629=VECTOR('',#6632,1.0);
#6630=VECTOR('',#6633,1.0);
#6631=DIRECTION('',(0,0,1));
#6632=DIRECTION('',(0.5571315068177726,-0.8304242795769873,0));
#6633=DIRECTION('',(-0.01765825843449465,0.026320260763579028,-0.9994975886826329));
#6634=FACE_SURFACE('',(#6639),#6635,.T.);
#6635=PLANE('',#6636);
#6636=AXIS2_PLACEMENT_3D('',#616,#6637,#6638);
#6637=DIRECTION('',(0,0,1));
#6638=DIRECTION('',(-0.9454842926142162,-0.3256677024511265,0));
#6639=FACE_BOUND('',#6640,.T.);
#6640=EDGE_LOOP('',(#6641,#6642,#6643));
#6641=ORIENTED_EDGE('',*,*,#6644,.T.);
#6642=ORIENTED_EDGE('',*,*,#6645,.T.);
#6643=ORIENTED_EDGE('',*,*,#6646,.T.);
#6644=EDGE_CURVE('',#617,#621,#6647,.F.);
#6645=EDGE_CURVE('',#621,#551,#6648,.T.);
#6646=EDGE_CURVE('',#551,#617,#6649,.T.);
#6647=LINE('',#616,#6650);
#6648=LINE('',#620,#6651);
#6649=LINE('',#550,#6652);
#6650=VECTOR('',#6653,1.0);
#6651=VECTOR('',#6654,1.0);
#6652=VECTOR('',#6655,1.0);
#6653=DIRECTION('',(-0.9454842926142162,-0.3256677024511265,0));
#6654=DIRECTION('',(0.6718811044836105,-0.7406590183329195,0));
#6655=DIRECTION('',(-0.6645113800105483,0.747278144894173,0));
#6656=FACE_SURFACE('',(#6661),#6657,.T.);
#6657=PLANE('',#6658);
#6658=AXIS2_PLACEMENT_3D('',#358,#6659,#6660);
#6659=DIRECTION('',(0.8985672418541736,0.4388358598229904,0));
#6660=DIRECTION('',(0.43883585982299034,-0.8985672418541735,0));
#6661=FACE_BOUND('',#6662,.T.);
#6662=EDGE_LOOP('',(#6663,#6664,#6665));
#6663=ORIENTED_EDGE('',*,*,#6666,.T.);
#6664=ORIENTED_EDGE('',*,*,#6667,.T.);
#6665=ORIENTED_EDGE('',*,*,#6668,.T.);
#6666=EDGE_CURVE('',#359,#353,#6669,.F.);
#6667=EDGE_CURVE('',#353,#619,#6670,.T.);
#6668=EDGE_CURVE('',#619,#359,#6671,.T.);
#6669=LINE('',#358,#6672);
#6670=LINE('',#352,#6673);
#6671=LINE('',#618,#6674);
#6672=VECTOR('',#6675,1.0);
#6673=VECTOR('',#6676,1.0);
#6674=VECTOR('',#6677,1.0);
#6675=DIRECTION('',(0.43883585982299034,-0.8985672418541735,0));
#6676=DIRECTION('',(0,0,-1));
#6677=DIRECTION('',(-0.013992820065376166,0.028651919505799876,0.9994915049640247));
#6678=FACE_SURFACE('',(#6683),#6679,.T.);
#6679=PLANE('',#6680);
#6680=AXIS2_PLACEMENT_3D('',#68,#6681,#6682);
#6681=DIRECTION('',(-2.220507000234526E-16,-2.220375159016486E-16,-1));
#6682=DIRECTION('',(-0.9972961994476772,-0.07348666931640717,2.3776711672498646E-16));
#6683=FACE_BOUND('',#6684,.T.);
#6684=EDGE_LOOP('',(#6685,#6686,#6687));
#6685=ORIENTED_EDGE('',*,*,#6688,.T.);
#6686=ORIENTED_EDGE('',*,*,#6689,.T.);
#6687=ORIENTED_EDGE('',*,*,#6690,.T.);
#6688=EDGE_CURVE('',#69,#61,#6691,.F.);
#6689=EDGE_CURVE('',#61,#65,#6692,.T.);
#6690=EDGE_CURVE('',#65,#69,#6693,.T.);
#6691=LINE('',#68,#6694);
#6692=LINE('',#60,#6695);
#6693=LINE('',#64,#6696);
#6694=VECTOR('',#6697,1.0);
#6695=VECTOR('',#6698,1.0);
#6696=VECTOR('',#6699,1.0);
#6697=DIRECTION('',(-0.9972961994476772,-0.07348666931640717,2.3776711672498646E-16));
#6698=DIRECTION('',(0.758262483394194,0.6519493893523252,-3.1312993814458937E-16));
#6699=DIRECTION('',(-0.7533833169565601,-0.657581612981637,3.132970807652368E-16));
#6700=FACE_SURFACE('',(#6705),#6701,.T.);
#6701=PLANE('',#6702);
#6702=AXIS2_PLACEMENT_3D('',#62,#6703,#6704);
#6703=DIRECTION('',(-2.220446782234868E-16,-2.220443921236456E-16,-1));
#6704=DIRECTION('',(-0.9454842926142162,-0.3256677024511265,2.8225244254394937E-16));
#6705=FACE_BOUND('',#6706,.T.);
#6706=EDGE_LOOP('',(#6707,#6708,#6709));
#6707=ORIENTED_EDGE('',*,*,#6710,.T.);
#6708=ORIENTED_EDGE('',*,*,#6711,.T.);
#6709=ORIENTED_EDGE('',*,*,#6712,.T.);
#6710=EDGE_CURVE('',#63,#623,#6713,.F.);
#6711=EDGE_CURVE('',#623,#65,#6714,.T.);
#6712=EDGE_CURVE('',#65,#63,#6715,.T.);
#6713=LINE('',#62,#6716);
#6714=LINE('',#622,#6717);
#6715=LINE('',#64,#6718);
#6716=VECTOR('',#6719,1.0);
#6717=VECTOR('',#6720,1.0);
#6718=VECTOR('',#6721,1.0);
#6719=DIRECTION('',(-0.9454842926142162,-0.3256677024511265,2.8225244254394937E-16));
#6720=DIRECTION('',(0.7650467671252094,0.6439747231928173,-3.1286553918657807E-16));
#6721=DIRECTION('',(-0.7621969630797952,-0.6473451857177416,3.129811476668364E-16));
#6722=FACE_SURFACE('',(#6727),#6723,.T.);
#6723=PLANE('',#6724);
#6724=AXIS2_PLACEMENT_3D('',#624,#6725,#6726);
#6725=DIRECTION('',(-2.220454101526108E-16,-2.2203328091491876E-16,-1));
#6726=DIRECTION('',(0.9974625839837102,0.0711926509728331,-2.3728912644507477E-16));
#6727=FACE_BOUND('',#6728,.T.);
#6728=EDGE_LOOP('',(#6729,#6730,#6731));
#6729=ORIENTED_EDGE('',*,*,#6732,.T.);
#6730=ORIENTED_EDGE('',*,*,#6733,.T.);
#6731=ORIENTED_EDGE('',*,*,#6734,.T.);
#6732=EDGE_CURVE('',#625,#65,#6735,.F.);
#6733=EDGE_CURVE('',#65,#493,#6736,.T.);
#6734=EDGE_CURVE('',#493,#625,#6737,.T.);
#6735=LINE('',#624,#6738);
#6736=LINE('',#64,#6739);
#6737=LINE('',#492,#6740);
#6738=VECTOR('',#6741,1.0);
#6739=VECTOR('',#6742,1.0);
#6740=VECTOR('',#6743,1.0);
#6741=DIRECTION('',(0.9974625839837102,0.0711926509728331,-2.3728912644507477E-16));
#6742=DIRECTION('',(-0.9974247234877194,-0.07172113339488215,2.373980603817873E-16));
#6743=DIRECTION('',(-0.9454842926142162,0.3256677024511265,1.3763137908312756E-16));
#6744=FACE_SURFACE('',(#6749),#6745,.T.);
#6745=PLANE('',#6746);
#6746=AXIS2_PLACEMENT_3D('',#54,#6747,#6748);
#6747=DIRECTION('',(-2.2204459945324235E-16,-2.220446394227961E-16,-1));
#6748=DIRECTION('',(1,0,-2.2204459945324235E-16));
#6749=FACE_BOUND('',#6750,.T.);
#6750=EDGE_LOOP('',(#6751,#6752,#6753));
#6751=ORIENTED_EDGE('',*,*,#6754,.T.);
#6752=ORIENTED_EDGE('',*,*,#6755,.T.);
#6753=ORIENTED_EDGE('',*,*,#6756,.T.);
#6754=EDGE_CURVE('',#55,#65,#6757,.F.);
#6755=EDGE_CURVE('',#65,#625,#6758,.T.);
#6756=EDGE_CURVE('',#625,#55,#6759,.T.);
#6757=LINE('',#54,#6760);
#6758=LINE('',#64,#6761);
#6759=LINE('',#624,#6762);
#6760=VECTOR('',#6763,1.0);
#6761=VECTOR('',#6764,1.0);
#6762=VECTOR('',#6765,1.0);
#6763=DIRECTION('',(1,0,-2.2204459945324235E-16));
#6764=DIRECTION('',(-0.9974625839837102,-0.0711926509728331,2.3728912644507477E-16));
#6765=DIRECTION('',(-0.8140146979545834,0.5808442747534905,5.177421000794321E-17));
#6766=FACE_SURFACE('',(#6771),#6767,.T.);
#6767=PLANE('',#6768);
#6768=AXIS2_PLACEMENT_3D('',#54,#6769,#6770);
#6769=DIRECTION('',(-2.2203524266335667E-16,-2.2203152650282137E-16,-1));
#6770=DIRECTION('',(0.8140146979545834,-0.5808442747534905,-5.177421000794321E-17));
#6771=FACE_BOUND('',#6772,.T.);
#6772=EDGE_LOOP('',(#6773,#6774,#6775));
#6773=ORIENTED_EDGE('',*,*,#6776,.T.);
#6774=ORIENTED_EDGE('',*,*,#6777,.T.);
#6775=ORIENTED_EDGE('',*,*,#6778,.T.);
#6776=EDGE_CURVE('',#55,#625,#6779,.F.);
#6777=EDGE_CURVE('',#625,#627,#6780,.T.);
#6778=EDGE_CURVE('',#627,#55,#6781,.T.);
#6779=LINE('',#54,#6782);
#6780=LINE('',#624,#6783);
#6781=LINE('',#626,#6784);
#6782=VECTOR('',#6785,1.0);
#6783=VECTOR('',#6786,1.0);
#6784=VECTOR('',#6787,1.0);
#6785=DIRECTION('',(0.8140146979545834,-0.5808442747534905,-5.177421000794321E-17));
#6786=DIRECTION('',(-0.9817788205837752,0.19002722818883444,1.7579746311819576E-16));
#6787=DIRECTION('',(-0.8113348744002786,0.5845816637407335,5.0349376552795805E-17));
#6788=FACE_SURFACE('',(#6793),#6789,.T.);
#6789=PLANE('',#6790);
#6790=AXIS2_PLACEMENT_3D('',#54,#6791,#6792);
#6791=DIRECTION('',(-2.2204956392547137E-16,-2.2205140283511124E-16,-1));
#6792=DIRECTION('',(0.8113348744002786,-0.5845816637407335,-5.0349376552795805E-17));
#6793=FACE_BOUND('',#6794,.T.);
#6794=EDGE_LOOP('',(#6795,#6796,#6797));
#6795=ORIENTED_EDGE('',*,*,#6798,.T.);
#6796=ORIENTED_EDGE('',*,*,#6799,.T.);
#6797=ORIENTED_EDGE('',*,*,#6800,.T.);
#6798=EDGE_CURVE('',#55,#627,#6801,.F.);
#6799=EDGE_CURVE('',#627,#629,#6802,.T.);
#6800=EDGE_CURVE('',#629,#55,#6803,.T.);
#6801=LINE('',#54,#6804);
#6802=LINE('',#626,#6805);
#6803=LINE('',#628,#6806);
#6804=VECTOR('',#6807,1.0);
#6805=VECTOR('',#6808,1.0);
#6806=VECTOR('',#6809,1.0);
#6807=DIRECTION('',(0.8113348744002786,-0.5845816637407335,-5.0349376552795805E-17));
#6808=DIRECTION('',(-0.9972963075777806,0.07348520185537083,2.0513171804252255E-16));
#6809=DIRECTION('',(-0.8078835542949017,0.5893421440045133,4.8525941107688445E-17));
#6810=FACE_SURFACE('',(#6815),#6811,.T.);
#6811=PLANE('',#6812);
#6812=AXIS2_PLACEMENT_3D('',#628,#6813,#6814);
#6813=DIRECTION('',(-2.220446049250313E-16,-2.220446049250313E-16,-1));
#6814=DIRECTION('',(-0.9972964157014067,-0.07348373445278193,2.3776095540255253E-16));
#6815=FACE_BOUND('',#6816,.T.);
#6816=EDGE_LOOP('',(#6817,#6818,#6819));
#6817=ORIENTED_EDGE('',*,*,#6820,.T.);
#6818=ORIENTED_EDGE('',*,*,#6821,.T.);
#6819=ORIENTED_EDGE('',*,*,#6822,.T.);
#6820=EDGE_CURVE('',#629,#439,#6823,.F.);
#6821=EDGE_CURVE('',#439,#55,#6824,.T.);
#6822=EDGE_CURVE('',#55,#629,#6825,.T.);
#6823=LINE('',#628,#6826);
#6824=LINE('',#438,#6827);
#6825=LINE('',#54,#6828);
#6826=VECTOR('',#6829,1.0);
#6827=VECTOR('',#6830,1.0);
#6828=VECTOR('',#6831,1.0);
#6829=DIRECTION('',(-0.9972964157014067,-0.07348373445278193,2.3776095540255253E-16));
#6830=DIRECTION('',(-0.8035403160554528,0.5952503342909631,4.6249666710738105E-17));
#6831=DIRECTION('',(0.8078835542949017,-0.5893421440045133,-4.8525941107688445E-17));
#6832=FACE_SURFACE('',(#6837),#6833,.T.);
#6833=PLANE('',#6834);
#6834=AXIS2_PLACEMENT_3D('',#434,#6835,#6836);
#6835=DIRECTION('',(-2.220476290931572E-16,-2.2204849629143897E-16,-1));
#6836=DIRECTION('',(-0.8985691607578904,-0.43883193062362763,2.9696712204216317E-16));
#6837=FACE_BOUND('',#6838,.T.);
#6838=EDGE_LOOP('',(#6839,#6840,#6841));
#6839=ORIENTED_EDGE('',*,*,#6842,.T.);
#6840=ORIENTED_EDGE('',*,*,#6843,.T.);
#6841=ORIENTED_EDGE('',*,*,#6844,.T.);
#6842=EDGE_CURVE('',#435,#433,#6845,.F.);
#6843=EDGE_CURVE('',#433,#55,#6846,.T.);
#6844=EDGE_CURVE('',#55,#435,#6847,.T.);
#6845=LINE('',#434,#6848);
#6846=LINE('',#432,#6849);
#6847=LINE('',#54,#6850);
#6848=VECTOR('',#6851,1.0);
#6849=VECTOR('',#6852,1.0);
#6850=VECTOR('',#6853,1.0);
#6851=DIRECTION('',(-0.8985691607578904,-0.43883193062362763,2.9696712204216317E-16));
#6852=DIRECTION('',(-0.786385636281183,0.6177358910170584,3.744774038356055E-17));
#6853=DIRECTION('',(0.7927629777698715,-0.6095300329577258,-4.068591238389702E-17));
#6854=FACE_SURFACE('',(#6859),#6855,.T.);
#6855=PLANE('',#6856);
#6856=AXIS2_PLACEMENT_3D('',#256,#6857,#6858);
#6857=DIRECTION('',(-0,0,1));
#6858=DIRECTION('',(0.6473455212735916,-0.7621966780871076,0));
#6859=FACE_BOUND('',#6860,.T.);
#6860=EDGE_LOOP('',(#6861,#6862,#6863));
#6861=ORIENTED_EDGE('',*,*,#6864,.T.);
#6862=ORIENTED_EDGE('',*,*,#6865,.T.);
#6863=ORIENTED_EDGE('',*,*,#6866,.T.);
#6864=EDGE_CURVE('',#257,#153,#6867,.F.);
#6865=EDGE_CURVE('',#153,#217,#6868,.T.);
#6866=EDGE_CURVE('',#217,#257,#6869,.T.);
#6867=LINE('',#256,#6870);
#6868=LINE('',#152,#6871);
#6869=LINE('',#216,#6872);
#6870=VECTOR('',#6873,1.0);
#6871=VECTOR('',#6874,1.0);
#6872=VECTOR('',#6875,1.0);
#6873=DIRECTION('',(0.6473455212735916,-0.7621966780871076,0));
#6874=DIRECTION('',(0,1,0));
#6875=DIRECTION('',(-0.1852842858189074,-0.982684961434018,0));
#6876=FACE_SURFACE('',(#6881),#6877,.T.);
#6877=PLANE('',#6878);
#6878=AXIS2_PLACEMENT_3D('',#630,#6879,#6880);
#6879=DIRECTION('',(0,0,1));
#6880=DIRECTION('',(-0.1900369322817254,-0.9817769422679222,0));
#6881=FACE_BOUND('',#6882,.T.);
#6882=EDGE_LOOP('',(#6883,#6884,#6885));
#6883=ORIENTED_EDGE('',*,*,#6886,.T.);
#6884=ORIENTED_EDGE('',*,*,#6887,.T.);
#6885=ORIENTED_EDGE('',*,*,#6888,.T.);
#6886=EDGE_CURVE('',#631,#225,#6889,.F.);
#6887=EDGE_CURVE('',#225,#153,#6890,.T.);
#6888=EDGE_CURVE('',#153,#631,#6891,.T.);
#6889=LINE('',#630,#6892);
#6890=LINE('',#224,#6893);
#6891=LINE('',#152,#6894);
#6892=VECTOR('',#6895,1.0);
#6893=VECTOR('',#6896,1.0);
#6894=VECTOR('',#6897,1.0);
#6895=DIRECTION('',(-0.1900369322817254,-0.9817769422679222,0));
#6896=DIRECTION('',(0.6718203120059988,-0.7407141610474058,0));
#6897=DIRECTION('',(-0.664330989506489,0.7474385167900629,0));
#6898=FACE_SURFACE('',(#6903),#6899,.T.);
#6899=PLANE('',#6900);
#6900=AXIS2_PLACEMENT_3D('',#630,#6901,#6902);
#6901=DIRECTION('',(-0,0,1));
#6902=DIRECTION('',(0.664330989506489,-0.7474385167900629,0));
#6903=FACE_BOUND('',#6904,.T.);
#6904=EDGE_LOOP('',(#6905,#6906,#6907));
#6905=ORIENTED_EDGE('',*,*,#6908,.T.);
#6906=ORIENTED_EDGE('',*,*,#6909,.T.);
#6907=ORIENTED_EDGE('',*,*,#6910,.T.);
#6908=EDGE_CURVE('',#631,#153,#6911,.F.);
#6909=EDGE_CURVE('',#153,#269,#6912,.T.);
#6910=EDGE_CURVE('',#269,#631,#6913,.T.);
#6911=LINE('',#630,#6914);
#6912=LINE('',#152,#6915);
#6913=LINE('',#268,#6916);
#6914=VECTOR('',#6917,1.0);
#6915=VECTOR('',#6918,1.0);
#6916=VECTOR('',#6919,1.0);
#6917=DIRECTION('',(0.664330989506489,-0.7474385167900629,0));
#6918=DIRECTION('',(-0.657581879791929,0.7533830840743062,0));
#6919=DIRECTION('',(-0.07348446814677068,-0.9972963616404034,0));
#6920=FACE_SURFACE('',(#6925),#6921,.T.);
#6921=PLANE('',#6922);
#6922=AXIS2_PLACEMENT_3D('',#252,#6923,#6924);
#6923=DIRECTION('',(-0,0,1));
#6924=DIRECTION('',(0.7071069105953623,-0.707106651777709,0));
#6925=FACE_BOUND('',#6926,.T.);
#6926=EDGE_LOOP('',(#6927,#6928,#6929));
#6927=ORIENTED_EDGE('',*,*,#6930,.T.);
#6928=ORIENTED_EDGE('',*,*,#6931,.T.);
#6929=ORIENTED_EDGE('',*,*,#6932,.T.);
#6930=EDGE_CURVE('',#253,#153,#6933,.F.);
#6931=EDGE_CURVE('',#153,#235,#6934,.T.);
#6932=EDGE_CURVE('',#235,#253,#6935,.T.);
#6933=LINE('',#252,#6936);
#6934=LINE('',#152,#6937);
#6935=LINE('',#234,#6938);
#6936=VECTOR('',#6939,1.0);
#6937=VECTOR('',#6940,1.0);
#6938=VECTOR('',#6941,1.0);
#6939=DIRECTION('',(0.7071069105953623,-0.707106651777709,0));
#6940=DIRECTION('',(-0.6979647977118414,0.7161320696317602,0));
#6941=DIRECTION('',(-0.6637125336103797,-0.7479877490497359,0));
#6942=FACE_SURFACE('',(#6947),#6943,.T.);
#6943=PLANE('',#6944);
#6944=AXIS2_PLACEMENT_3D('',#620,#6945,#6946);
#6945=DIRECTION('',(0,0,1));
#6946=DIRECTION('',(-0.9817806988108974,-0.19001752404024772,0));
#6947=FACE_BOUND('',#6948,.T.);
#6948=EDGE_LOOP('',(#6949,#6950,#6951));
#6949=ORIENTED_EDGE('',*,*,#6952,.T.);
#6950=ORIENTED_EDGE('',*,*,#6953,.T.);
#6951=ORIENTED_EDGE('',*,*,#6954,.T.);
#6952=EDGE_CURVE('',#621,#633,#6955,.F.);
#6953=EDGE_CURVE('',#633,#551,#6956,.T.);
#6954=EDGE_CURVE('',#551,#621,#6957,.T.);
#6955=LINE('',#620,#6958);
#6956=LINE('',#632,#6959);
#6957=LINE('',#550,#6960);
#6958=VECTOR('',#6961,1.0);
#6959=VECTOR('',#6962,1.0);
#6960=VECTOR('',#6963,1.0);
#6961=DIRECTION('',(-0.9817806988108974,-0.19001752404024772,0));
#6962=DIRECTION('',(0.6785780867683942,-0.7345282704959325,0));
#6963=DIRECTION('',(-0.6718811044836105,0.7406590183329195,0));
#6964=FACE_SURFACE('',(#6969),#6965,.T.);
#6965=PLANE('',#6966);
#6966=AXIS2_PLACEMENT_3D('',#340,#6967,#6968);
#6967=DIRECTION('',(0,0,1));
#6968=DIRECTION('',(-0.9454842926142162,0.3256677024511265,0));
#6969=FACE_BOUND('',#6970,.T.);
#6970=EDGE_LOOP('',(#6971,#6972,#6973));
#6971=ORIENTED_EDGE('',*,*,#6974,.T.);
#6972=ORIENTED_EDGE('',*,*,#6975,.T.);
#6973=ORIENTED_EDGE('',*,*,#6976,.T.);
#6974=EDGE_CURVE('',#341,#337,#6977,.F.);
#6975=EDGE_CURVE('',#337,#153,#6978,.T.);
#6976=EDGE_CURVE('',#153,#341,#6979,.T.);
#6977=LINE('',#340,#6980);
#6978=LINE('',#336,#6981);
#6979=LINE('',#152,#6982);
#6980=VECTOR('',#6983,1.0);
#6981=VECTOR('',#6984,1.0);
#6982=VECTOR('',#6985,1.0);
#6983=DIRECTION('',(-0.9454842926142162,0.3256677024511265,0));
#6984=DIRECTION('',(0.7650467671252094,-0.6439747231928173,0));
#6985=DIRECTION('',(-0.7621969630797952,0.6473451857177416,0));
#6986=FACE_SURFACE('',(#6991),#6987,.T.);
#6987=PLANE('',#6988);
#6988=AXIS2_PLACEMENT_3D('',#634,#6989,#6990);
#6989=DIRECTION('',(0,0,1));
#6990=DIRECTION('',(-0.9454842926142162,-0.3256677024511265,0));
#6991=FACE_BOUND('',#6992,.T.);
#6992=EDGE_LOOP('',(#6993,#6994,#6995));
#6993=ORIENTED_EDGE('',*,*,#6996,.T.);
#6994=ORIENTED_EDGE('',*,*,#6997,.T.);
#6995=ORIENTED_EDGE('',*,*,#6998,.T.);
#6996=EDGE_CURVE('',#635,#637,#6999,.F.);
#6997=EDGE_CURVE('',#637,#153,#7000,.T.);
#6998=EDGE_CURVE('',#153,#635,#7001,.T.);
#6999=LINE('',#634,#7002);
#7000=LINE('',#636,#7003);
#7001=LINE('',#152,#7004);
#7002=VECTOR('',#7005,1.0);
#7003=VECTOR('',#7006,1.0);
#7004=VECTOR('',#7007,1.0);
#7005=DIRECTION('',(-0.9454842926142162,-0.3256677024511265,0));
#7006=DIRECTION('',(0.9975138852615542,-0.07047019732056249,0));
#7007=DIRECTION('',(-0.9974768529885638,0.07099244855638669,0));
#7008=FACE_SURFACE('',(#7013),#7009,.T.);
#7009=PLANE('',#7010);
#7010=AXIS2_PLACEMENT_3D('',#638,#7011,#7012);
#7011=DIRECTION('',(0,0,1));
#7012=DIRECTION('',(-0.9454842926142162,0.3256677024511265,0));
#7013=FACE_BOUND('',#7014,.T.);
#7014=EDGE_LOOP('',(#7015,#7016,#7017));
#7015=ORIENTED_EDGE('',*,*,#7018,.T.);
#7016=ORIENTED_EDGE('',*,*,#7019,.T.);
#7017=ORIENTED_EDGE('',*,*,#7020,.T.);
#7018=EDGE_CURVE('',#639,#39,#7021,.F.);
#7019=EDGE_CURVE('',#39,#37,#7022,.T.);
#7020=EDGE_CURVE('',#37,#639,#7023,.T.);
#7021=LINE('',#638,#7024);
#7022=LINE('',#38,#7025);
#7023=LINE('',#36,#7026);
#7024=VECTOR('',#7027,1.0);
#7025=VECTOR('',#7028,1.0);
#7026=VECTOR('',#7029,1.0);
#7027=DIRECTION('',(-0.9454842926142162,0.3256677024511265,0));
#7028=DIRECTION('',(-0.7566105435213855,-0.6538658007819905,0));
#7029=DIRECTION('',(0.7634887059457799,0.6458211795019102,0));
#7030=FACE_SURFACE('',(#7035),#7031,.T.);
#7031=PLANE('',#7032);
#7032=AXIS2_PLACEMENT_3D('',#324,#7033,#7034);
#7033=DIRECTION('',(0,0,1));
#7034=DIRECTION('',(-0.9980116663296811,0.06302946826567105,0));
#7035=FACE_BOUND('',#7036,.T.);
#7036=EDGE_LOOP('',(#7037,#7038,#7039));
#7037=ORIENTED_EDGE('',*,*,#7040,.T.);
#7038=ORIENTED_EDGE('',*,*,#7041,.T.);
#7039=ORIENTED_EDGE('',*,*,#7042,.T.);
#7040=EDGE_CURVE('',#325,#339,#7043,.F.);
#7041=EDGE_CURVE('',#339,#153,#7044,.T.);
#7042=EDGE_CURVE('',#153,#325,#7045,.T.);
#7043=LINE('',#324,#7046);
#7044=LINE('',#338,#7047);
#7045=LINE('',#152,#7048);
#7046=VECTOR('',#7049,1.0);
#7047=VECTOR('',#7050,1.0);
#7048=VECTOR('',#7051,1.0);
#7049=DIRECTION('',(-0.9980116663296811,0.06302946826567105,0));
#7050=DIRECTION('',(0.758262483394194,-0.6519493893523252,0));
#7051=DIRECTION('',(-0.7533180987812462,0.6576563251795032,0));
#7052=FACE_SURFACE('',(#7057),#7053,.T.);
#7053=PLANE('',#7054);
#7054=AXIS2_PLACEMENT_3D('',#640,#7055,#7056);
#7055=DIRECTION('',(-2.220476157285264E-16,-2.2204457307983485E-16,-1));
#7056=DIRECTION('',(0.7479877490497359,0.6637125336103797,-3.134626624438935E-16));
#7057=FACE_BOUND('',#7058,.T.);
#7058=EDGE_LOOP('',(#7059,#7060,#7061));
#7059=ORIENTED_EDGE('',*,*,#7062,.T.);
#7060=ORIENTED_EDGE('',*,*,#7063,.T.);
#7061=ORIENTED_EDGE('',*,*,#7064,.T.);
#7062=EDGE_CURVE('',#641,#643,#7065,.F.);
#7063=EDGE_CURVE('',#643,#387,#7066,.T.);
#7064=EDGE_CURVE('',#387,#641,#7067,.T.);
#7065=LINE('',#640,#7068);
#7066=LINE('',#642,#7069);
#7067=LINE('',#386,#7070);
#7068=VECTOR('',#7071,1.0);
#7069=VECTOR('',#7072,1.0);
#7070=VECTOR('',#7073,1.0);
#7071=DIRECTION('',(0.7479877490497359,0.6637125336103797,-3.134626624438935E-16));
#7072=DIRECTION('',(-0.015920411247406212,-0.9998732622216244,2.2555152100284653E-16));
#7073=DIRECTION('',(0.013254952104850934,0.9999121492634732,-2.2496829681202597E-16));
#7074=FACE_SURFACE('',(#7079),#7075,.T.);
#7075=PLANE('',#7076);
#7076=AXIS2_PLACEMENT_3D('',#398,#7077,#7078);
#7077=DIRECTION('',(0.8985672418541736,-0.4388358598229904,0));
#7078=DIRECTION('',(0,0,-1));
#7079=FACE_BOUND('',#7080,.T.);
#7080=EDGE_LOOP('',(#7081,#7082,#7083));
#7081=ORIENTED_EDGE('',*,*,#7084,.T.);
#7082=ORIENTED_EDGE('',*,*,#7085,.T.);
#7083=ORIENTED_EDGE('',*,*,#7086,.T.);
#7084=EDGE_CURVE('',#399,#579,#7087,.F.);
#7085=EDGE_CURVE('',#579,#401,#7088,.T.);
#7086=EDGE_CURVE('',#401,#399,#7089,.T.);
#7087=LINE('',#398,#7090);
#7088=LINE('',#578,#7091);
#7089=LINE('',#400,#7092);
#7090=VECTOR('',#7093,1.0);
#7091=VECTOR('',#7094,1.0);
#7092=VECTOR('',#7095,1.0);
#7093=DIRECTION('',(0,0,-1));
#7094=DIRECTION('',(0.013992820065376166,0.028651919505799876,0.9994915049640247));
#7095=DIRECTION('',(-0.43883585982299034,-0.8985672418541735,0));
#7096=FACE_SURFACE('',(#7101),#7097,.T.);
#7097=PLANE('',#7098);
#7098=AXIS2_PLACEMENT_3D('',#404,#7099,#7100);
#7099=DIRECTION('',(0.8304242795769872,-0.5571315068177725,0));
#7100=DIRECTION('',(-0.5571315068177726,-0.8304242795769873,0));
#7101=FACE_BOUND('',#7102,.T.);
#7102=EDGE_LOOP('',(#7103,#7104,#7105));
#7103=ORIENTED_EDGE('',*,*,#7106,.T.);
#7104=ORIENTED_EDGE('',*,*,#7107,.T.);
#7105=ORIENTED_EDGE('',*,*,#7108,.T.);
#7106=EDGE_CURVE('',#405,#401,#7109,.F.);
#7107=EDGE_CURVE('',#401,#581,#7110,.T.);
#7108=EDGE_CURVE('',#581,#405,#7111,.T.);
#7109=LINE('',#404,#7112);
#7110=LINE('',#400,#7113);
#7111=LINE('',#580,#7114);
#7112=VECTOR('',#7115,1.0);
#7113=VECTOR('',#7116,1.0);
#7114=VECTOR('',#7117,1.0);
#7115=DIRECTION('',(-0.5571315068177726,-0.8304242795769873,0));
#7116=DIRECTION('',(0,0,-1));
#7117=DIRECTION('',(0.01765825843449465,0.026320260763579028,0.9994975886826329));
#7118=FACE_SURFACE('',(#7123),#7119,.T.);
#7119=PLANE('',#7120);
#7120=AXIS2_PLACEMENT_3D('',#644,#7121,#7122);
#7121=DIRECTION('',(-2.220449293236625E-16,-2.22049198924912E-16,-1));
#7122=DIRECTION('',(0.9942896796485327,-0.10671472693315795,-1.9708106201580703E-16));
#7123=FACE_BOUND('',#7124,.T.);
#7124=EDGE_LOOP('',(#7125,#7126,#7127));
#7125=ORIENTED_EDGE('',*,*,#7128,.T.);
#7126=ORIENTED_EDGE('',*,*,#7129,.T.);
#7127=ORIENTED_EDGE('',*,*,#7130,.T.);
#7128=EDGE_CURVE('',#645,#389,#7131,.F.);
#7129=EDGE_CURVE('',#389,#647,#7132,.T.);
#7130=EDGE_CURVE('',#647,#645,#7133,.T.);
#7131=LINE('',#644,#7134);
#7132=LINE('',#388,#7135);
#7133=LINE('',#646,#7136);
#7134=VECTOR('',#7137,1.0);
#7135=VECTOR('',#7138,1.0);
#7136=VECTOR('',#7139,1.0);
#7137=DIRECTION('',(0.9942896796485327,-0.10671472693315795,-1.9708106201580703E-16));
#7138=DIRECTION('',(-0.9960753570570029,0.08850922586806563,2.0152007955729605E-16));
#7139=DIRECTION('',(0.3256497900402563,0.9454904622716916,-2.822542843523281E-16));
#7140=FACE_SURFACE('',(#7145),#7141,.T.);
#7141=PLANE('',#7142);
#7142=AXIS2_PLACEMENT_3D('',#374,#7143,#7144);
#7143=DIRECTION('',(-2.22044180903187E-16,-2.2203952846529265E-16,-1));
#7144=DIRECTION('',(0.9974716049403309,-0.0710661476214962,-2.0570327158544123E-16));
#7145=FACE_BOUND('',#7146,.T.);
#7146=EDGE_LOOP('',(#7147,#7148,#7149));
#7147=ORIENTED_EDGE('',*,*,#7150,.T.);
#7148=ORIENTED_EDGE('',*,*,#7151,.T.);
#7149=ORIENTED_EDGE('',*,*,#7152,.T.);
#7150=EDGE_CURVE('',#375,#389,#7153,.F.);
#7151=EDGE_CURVE('',#389,#649,#7154,.T.);
#7152=EDGE_CURVE('',#649,#375,#7155,.T.);
#7153=LINE('',#374,#7156);
#7154=LINE('',#388,#7157);
#7155=LINE('',#648,#7158);
#7156=VECTOR('',#7159,1.0);
#7157=VECTOR('',#7160,1.0);
#7158=VECTOR('',#7161,1.0);
#7159=DIRECTION('',(0.9974716049403309,-0.0710661476214962,-2.0570327158544123E-16));
#7160=DIRECTION('',(-0.9984817700775571,0.05508316278853748,2.0947642729169165E-16));
#7161=DIRECTION('',(0.5571315068177726,0.8304242795769873,-3.0809482455011525E-16));
#7162=FACE_SURFACE('',(#7167),#7163,.T.);
#7163=PLANE('',#7164);
#7164=AXIS2_PLACEMENT_3D('',#386,#7165,#7166);
#7165=DIRECTION('',(-2.22040147212987E-16,-2.220446089804595E-16,-1));
#7166=DIRECTION('',(-0.9972964157014067,0.07348373445278193,2.0512317587433274E-16));
#7167=FACE_BOUND('',#7168,.T.);
#7168=EDGE_LOOP('',(#7169,#7170,#7171));
#7169=ORIENTED_EDGE('',*,*,#7172,.T.);
#7170=ORIENTED_EDGE('',*,*,#7173,.T.);
#7171=ORIENTED_EDGE('',*,*,#7174,.T.);
#7172=EDGE_CURVE('',#387,#517,#7175,.F.);
#7173=EDGE_CURVE('',#517,#485,#7176,.T.);
#7174=EDGE_CURVE('',#485,#387,#7177,.T.);
#7175=LINE('',#386,#7178);
#7176=LINE('',#516,#7179);
#7177=LINE('',#484,#7180);
#7178=VECTOR('',#7181,1.0);
#7179=VECTOR('',#7182,1.0);
#7180=VECTOR('',#7183,1.0);
#7181=DIRECTION('',(-0.9972964157014067,0.07348373445278193,2.0512317587433274E-16));
#7182=DIRECTION('',(0.0036397299736118703,0.9999933761609219,-2.2285130437185774E-16));
#7183=DIRECTION('',(0,-1,2.220446089804595E-16));
#7184=FACE_SURFACE('',(#7189),#7185,.T.);
#7185=PLANE('',#7186);
#7186=AXIS2_PLACEMENT_3D('',#650,#7187,#7188);
#7187=DIRECTION('',(-2.2205000863620694E-16,-2.2204454135917145E-16,-1));
#7188=DIRECTION('',(0.8304273323646918,0.557126956502431,-3.081033958587355E-16));
#7189=FACE_BOUND('',#7190,.T.);
#7190=EDGE_LOOP('',(#7191,#7192,#7193));
#7191=ORIENTED_EDGE('',*,*,#7194,.T.);
#7192=ORIENTED_EDGE('',*,*,#7195,.T.);
#7193=ORIENTED_EDGE('',*,*,#7196,.T.);
#7194=EDGE_CURVE('',#651,#641,#7197,.F.);
#7195=EDGE_CURVE('',#641,#387,#7198,.T.);
#7196=EDGE_CURVE('',#387,#651,#7199,.T.);
#7197=LINE('',#650,#7200);
#7198=LINE('',#640,#7201);
#7199=LINE('',#386,#7202);
#7200=VECTOR('',#7203,1.0);
#7201=VECTOR('',#7204,1.0);
#7202=VECTOR('',#7205,1.0);
#7203=DIRECTION('',(0.8304273323646918,0.557126956502431,-3.081033958587355E-16));
#7204=DIRECTION('',(-0.013254952104850934,-0.9999121492634732,2.2496829681202597E-16));
#7205=DIRECTION('',(0.010267064581664515,0.9999472923033874,-2.243126396818781E-16));
#7206=FACE_SURFACE('',(#7211),#7207,.T.);
#7207=PLANE('',#7208);
#7208=AXIS2_PLACEMENT_3D('',#388,#7209,#7210);
#7209=DIRECTION('',(-2.2204448375146867E-16,-2.2204462294851787E-16,-1));
#7210=DIRECTION('',(-0.21084352201885337,-0.9775198254883045,2.6386966207426927E-16));
#7211=FACE_BOUND('',#7212,.T.);
#7212=EDGE_LOOP('',(#7213,#7214,#7215));
#7213=ORIENTED_EDGE('',*,*,#7216,.T.);
#7214=ORIENTED_EDGE('',*,*,#7217,.T.);
#7215=ORIENTED_EDGE('',*,*,#7218,.T.);
#7216=EDGE_CURVE('',#389,#387,#7219,.F.);
#7217=EDGE_CURVE('',#387,#643,#7220,.T.);
#7218=EDGE_CURVE('',#643,#389,#7221,.T.);
#7219=LINE('',#388,#7222);
#7220=LINE('',#386,#7223);
#7221=LINE('',#642,#7224);
#7222=VECTOR('',#7225,1.0);
#7223=VECTOR('',#7226,1.0);
#7224=VECTOR('',#7227,1.0);
#7225=DIRECTION('',(-0.21084352201885337,-0.9775198254883045,2.6386966207426927E-16));
#7226=DIRECTION('',(0.015920411247406212,0.9998732622216244,-2.2555152100284653E-16));
#7227=DIRECTION('',(0.9991656654800093,-0.040840824255764345,-2.127907389509234E-16));
#7228=FACE_SURFACE('',(#7233),#7229,.T.);
#7229=PLANE('',#7230);
#7230=AXIS2_PLACEMENT_3D('',#648,#7231,#7232);
#7231=DIRECTION('',(-2.220445461030429E-16,-2.2204614837199524E-16,-1));
#7232=DIRECTION('',(0.9984817700775571,-0.05508316278853748,-2.0947642729169165E-16));
#7233=FACE_BOUND('',#7234,.T.);
#7234=EDGE_LOOP('',(#7235,#7236,#7237));
#7235=ORIENTED_EDGE('',*,*,#7238,.T.);
#7236=ORIENTED_EDGE('',*,*,#7239,.T.);
#7237=ORIENTED_EDGE('',*,*,#7240,.T.);
#7238=EDGE_CURVE('',#649,#389,#7241,.F.);
#7239=EDGE_CURVE('',#389,#643,#7242,.T.);
#7240=EDGE_CURVE('',#643,#649,#7243,.T.);
#7241=LINE('',#648,#7244);
#7242=LINE('',#388,#7245);
#7243=LINE('',#642,#7246);
#7244=VECTOR('',#7247,1.0);
#7245=VECTOR('',#7248,1.0);
#7246=VECTOR('',#7249,1.0);
#7247=DIRECTION('',(0.9984817700775571,-0.05508316278853748,-2.0947642729169165E-16));
#7248=DIRECTION('',(-0.9991656654800093,0.040840824255764345,2.127907389509234E-16));
#7249=DIRECTION('',(0.6637075457536028,0.747992174898728,-3.134614221906777E-16));
#7250=FACE_SURFACE('',(#7255),#7251,.T.);
#7251=PLANE('',#7252);
#7252=AXIS2_PLACEMENT_3D('',#426,#7253,#7254);
#7253=DIRECTION('',(0.5571084046574509,-0.8304397783464073,0));
#7254=DIRECTION('',(0.026320896082141117,0.017657622873840057,-0.999497583180609));
#7255=FACE_BOUND('',#7256,.T.);
#7256=EDGE_LOOP('',(#7257,#7258,#7259));
#7257=ORIENTED_EDGE('',*,*,#7260,.T.);
#7258=ORIENTED_EDGE('',*,*,#7261,.T.);
#7259=ORIENTED_EDGE('',*,*,#7262,.T.);
#7260=EDGE_CURVE('',#427,#573,#7263,.F.);
#7261=EDGE_CURVE('',#573,#475,#7264,.T.);
#7262=EDGE_CURVE('',#475,#427,#7265,.T.);
#7263=LINE('',#426,#7266);
#7264=LINE('',#572,#7267);
#7265=LINE('',#474,#7268);
#7266=VECTOR('',#7269,1.0);
#7267=VECTOR('',#7270,1.0);
#7268=VECTOR('',#7271,1.0);
#7269=DIRECTION('',(0.026320896082141117,0.017657622873840057,-0.999497583180609));
#7270=DIRECTION('',(0,0,1));
#7271=DIRECTION('',(-0.8304397783464071,-0.5571084046574509,0));
#7272=FACE_SURFACE('',(#7277),#7273,.T.);
#7273=PLANE('',#7274);
#7274=AXIS2_PLACEMENT_3D('',#424,#7275,#7276);
#7275=DIRECTION('',(-2.220429150790524E-16,-2.2204615167561435E-16,-1));
#7276=DIRECTION('',(0.6979647977118414,0.7161320696317602,-3.1399250845972383E-16));
#7277=FACE_BOUND('',#7278,.T.);
#7278=EDGE_LOOP('',(#7279,#7280,#7281));
#7279=ORIENTED_EDGE('',*,*,#7282,.T.);
#7280=ORIENTED_EDGE('',*,*,#7283,.T.);
#7281=ORIENTED_EDGE('',*,*,#7284,.T.);
#7282=EDGE_CURVE('',#425,#65,#7285,.F.);
#7283=EDGE_CURVE('',#65,#653,#7286,.T.);
#7284=EDGE_CURVE('',#653,#425,#7287,.T.);
#7285=LINE('',#424,#7288);
#7286=LINE('',#64,#7289);
#7287=LINE('',#652,#7290);
#7288=VECTOR('',#7291,1.0);
#7289=VECTOR('',#7292,1.0);
#7290=VECTOR('',#7293,1.0);
#7291=DIRECTION('',(0.6979647977118414,0.7161320696317602,-3.1399250845972383E-16));
#7292=DIRECTION('',(-0.6888952234216345,-0.7248609322807075,3.13916884105504E-16));
#7293=DIRECTION('',(-0.5571315068177726,0.8304242795769873,-6.068541168186134E-17));
#7294=FACE_SURFACE('',(#7299),#7295,.T.);
#7295=PLANE('',#7296);
#7296=AXIS2_PLACEMENT_3D('',#622,#7297,#7298);
#7297=DIRECTION('',(0.43883978908432475,-0.8985653228989117,0));
#7298=DIRECTION('',(0,0,1));
#7299=FACE_BOUND('',#7300,.T.);
#7300=EDGE_LOOP('',(#7301,#7302,#7303));
#7301=ORIENTED_EDGE('',*,*,#7304,.T.);
#7302=ORIENTED_EDGE('',*,*,#7305,.T.);
#7303=ORIENTED_EDGE('',*,*,#7306,.T.);
#7304=EDGE_CURVE('',#623,#473,#7307,.F.);
#7305=EDGE_CURVE('',#473,#573,#7308,.T.);
#7306=EDGE_CURVE('',#573,#623,#7309,.T.);
#7307=LINE('',#622,#7310);
#7308=LINE('',#472,#7311);
#7309=LINE('',#572,#7312);
#7310=VECTOR('',#7313,1.0);
#7311=VECTOR('',#7314,1.0);
#7312=VECTOR('',#7315,1.0);
#7313=DIRECTION('',(0,0,1));
#7314=DIRECTION('',(-0.028651602036837663,-0.013992820192760056,-0.9994915140629137));
#7315=DIRECTION('',(0.8985653228989117,0.43883978908432475,-2.9696690858450343E-16));
#7316=FACE_SURFACE('',(#7321),#7317,.T.);
#7317=PLANE('',#7318);
#7318=AXIS2_PLACEMENT_3D('',#474,#7319,#7320);
#7319=DIRECTION('',(0.43883978908432475,-0.8985653228989117,0));
#7320=DIRECTION('',(0,0,-1));
#7321=FACE_BOUND('',#7322,.T.);
#7322=EDGE_LOOP('',(#7323,#7324,#7325));
#7323=ORIENTED_EDGE('',*,*,#7326,.T.);
#7324=ORIENTED_EDGE('',*,*,#7327,.T.);
#7325=ORIENTED_EDGE('',*,*,#7328,.T.);
#7326=EDGE_CURVE('',#475,#573,#7329,.F.);
#7327=EDGE_CURVE('',#573,#473,#7330,.T.);
#7328=EDGE_CURVE('',#473,#475,#7331,.T.);
#7329=LINE('',#474,#7332);
#7330=LINE('',#572,#7333);
#7331=LINE('',#472,#7334);
#7332=VECTOR('',#7335,1.0);
#7333=VECTOR('',#7336,1.0);
#7334=VECTOR('',#7337,1.0);
#7335=DIRECTION('',(0,0,-1));
#7336=DIRECTION('',(0.028651602036837663,0.013992820192760056,0.9994915140629137));
#7337=DIRECTION('',(-0.8985653228989117,-0.43883978908432475,0));
#7338=FACE_SURFACE('',(#7343),#7339,.T.);
#7339=PLANE('',#7340);
#7340=AXIS2_PLACEMENT_3D('',#472,#7341,#7342);
#7341=DIRECTION('',(0.32566770245112653,-0.9454842926142162,0));
#7342=DIRECTION('',(0,0,-1));
#7343=FACE_BOUND('',#7344,.T.);
#7344=EDGE_LOOP('',(#7345,#7346,#7347));
#7345=ORIENTED_EDGE('',*,*,#7348,.T.);
#7346=ORIENTED_EDGE('',*,*,#7349,.T.);
#7347=ORIENTED_EDGE('',*,*,#7350,.T.);
#7348=EDGE_CURVE('',#473,#623,#7351,.F.);
#7349=EDGE_CURVE('',#623,#655,#7352,.T.);
#7350=EDGE_CURVE('',#655,#473,#7353,.T.);
#7351=LINE('',#472,#7354);
#7352=LINE('',#622,#7355);
#7353=LINE('',#654,#7356);
#7354=VECTOR('',#7357,1.0);
#7355=VECTOR('',#7358,1.0);
#7356=VECTOR('',#7359,1.0);
#7357=DIRECTION('',(0,0,-1));
#7358=DIRECTION('',(0.0299849605039607,0.01032818130527854,0.9994969888971658));
#7359=DIRECTION('',(-0.9454842926142162,-0.3256677024511265,0));
#7360=FACE_SURFACE('',(#7365),#7361,.T.);
#7361=PLANE('',#7362);
#7362=AXIS2_PLACEMENT_3D('',#64,#7363,#7364);
#7363=DIRECTION('',(-2.22044457343717E-16,-2.220446049250313E-16,-1));
#7364=DIRECTION('',(0,-1,2.220446049250313E-16));
#7365=FACE_BOUND('',#7366,.T.);
#7366=EDGE_LOOP('',(#7367,#7368,#7369));
#7367=ORIENTED_EDGE('',*,*,#7370,.T.);
#7368=ORIENTED_EDGE('',*,*,#7371,.T.);
#7369=ORIENTED_EDGE('',*,*,#7372,.T.);
#7370=EDGE_CURVE('',#65,#389,#7373,.F.);
#7371=EDGE_CURVE('',#389,#657,#7374,.T.);
#7372=EDGE_CURVE('',#657,#65,#7375,.T.);
#7373=LINE('',#64,#7376);
#7374=LINE('',#388,#7377);
#7375=LINE('',#656,#7378);
#7376=VECTOR('',#7379,1.0);
#7377=VECTOR('',#7380,1.0);
#7378=VECTOR('',#7381,1.0);
#7379=DIRECTION('',(0,-1,2.220446049250313E-16));
#7380=DIRECTION('',(-0.9838040427769411,0.17924733028903564,1.7864733217306532E-16));
#7381=DIRECTION('',(0.6718203120059988,0.7407141610474058,-3.136455598640059E-16));
#7382=FACE_SURFACE('',(#7387),#7383,.T.);
#7383=PLANE('',#7384);
#7384=AXIS2_PLACEMENT_3D('',#654,#7385,#7386);
#7385=DIRECTION('',(0.19002347171872735,-0.9817795476561744,0));
#7386=DIRECTION('',(0.030985329993440055,0.005997211891162644,-0.9995018473093134));
#7387=FACE_BOUND('',#7388,.T.);
#7388=EDGE_LOOP('',(#7389,#7390,#7391));
#7389=ORIENTED_EDGE('',*,*,#7392,.T.);
#7390=ORIENTED_EDGE('',*,*,#7393,.T.);
#7391=ORIENTED_EDGE('',*,*,#7394,.T.);
#7392=EDGE_CURVE('',#655,#61,#7395,.F.);
#7393=EDGE_CURVE('',#61,#659,#7396,.T.);
#7394=EDGE_CURVE('',#659,#655,#7397,.T.);
#7395=LINE('',#654,#7398);
#7396=LINE('',#60,#7399);
#7397=LINE('',#658,#7400);
#7398=VECTOR('',#7401,1.0);
#7399=VECTOR('',#7402,1.0);
#7400=VECTOR('',#7403,1.0);
#7401=DIRECTION('',(0.030985329993440055,0.005997211891162644,-0.9995018473093134));
#7402=DIRECTION('',(0,0,1));
#7403=DIRECTION('',(-0.9817795476561741,-0.19002347171872733,0));
#7404=FACE_SURFACE('',(#7409),#7405,.T.);
#7405=PLANE('',#7406);
#7406=AXIS2_PLACEMENT_3D('',#64,#7407,#7408);
#7407=DIRECTION('',(-2.2204456808279988E-16,-2.220444979640067E-16,-1));
#7408=DIRECTION('',(-0.7331242900747411,-0.6800946811308017,3.137975483803353E-16));
#7409=FACE_BOUND('',#7410,.T.);
#7410=EDGE_LOOP('',(#7411,#7412,#7413));
#7411=ORIENTED_EDGE('',*,*,#7414,.T.);
#7412=ORIENTED_EDGE('',*,*,#7415,.T.);
#7413=ORIENTED_EDGE('',*,*,#7416,.T.);
#7414=EDGE_CURVE('',#65,#661,#7417,.F.);
#7415=EDGE_CURVE('',#661,#73,#7418,.T.);
#7416=EDGE_CURVE('',#73,#65,#7419,.T.);
#7417=LINE('',#64,#7420);
#7418=LINE('',#660,#7421);
#7419=LINE('',#72,#7422);
#7420=VECTOR('',#7423,1.0);
#7421=VECTOR('',#7424,1.0);
#7422=VECTOR('',#7425,1.0);
#7423=DIRECTION('',(-0.7331242900747411,-0.6800946811308017,3.137975483803353E-16));
#7424=DIRECTION('',(-0.9454842926142162,0.3256677024511265,1.376269298887433E-16));
#7425=DIRECTION('',(0.7407145242504952,0.671819911556931,-3.136455515937399E-16));
#7426=FACE_SURFACE('',(#7431),#7427,.T.);
#7427=PLANE('',#7428);
#7428=AXIS2_PLACEMENT_3D('',#658,#7429,#7430);
#7429=DIRECTION('',(0.07348666931640717,-0.997296199447677,0));
#7430=DIRECTION('',(0,0,-1));
#7431=FACE_BOUND('',#7432,.T.);
#7432=EDGE_LOOP('',(#7433,#7434,#7435));
#7433=ORIENTED_EDGE('',*,*,#7436,.T.);
#7434=ORIENTED_EDGE('',*,*,#7437,.T.);
#7435=ORIENTED_EDGE('',*,*,#7438,.T.);
#7436=EDGE_CURVE('',#659,#61,#7439,.F.);
#7437=EDGE_CURVE('',#61,#663,#7440,.T.);
#7438=EDGE_CURVE('',#663,#659,#7441,.T.);
#7439=LINE('',#658,#7442);
#7440=LINE('',#60,#7443);
#7441=LINE('',#662,#7444);
#7442=VECTOR('',#7445,1.0);
#7443=VECTOR('',#7446,1.0);
#7444=VECTOR('',#7447,1.0);
#7445=DIRECTION('',(0,0,-1));
#7446=DIRECTION('',(0.031649851846411906,0.0023321478592204094,0.9994962971239377));
#7447=DIRECTION('',(-0.9972961994476772,-0.07348666931640717,0));
#7448=FACE_SURFACE('',(#7453),#7449,.T.);
#7449=PLANE('',#7450);
#7450=AXIS2_PLACEMENT_3D('',#470,#7451,#7452);
#7451=DIRECTION('',(-2.2204616806650915E-16,-2.2204293939407317E-16,-1));
#7452=DIRECTION('',(-0.8304273323646918,0.557126956502431,6.068709997179945E-17));
#7453=FACE_BOUND('',#7454,.T.);
#7454=EDGE_LOOP('',(#7455,#7456,#7457));
#7455=ORIENTED_EDGE('',*,*,#7458,.T.);
#7456=ORIENTED_EDGE('',*,*,#7459,.T.);
#7457=ORIENTED_EDGE('',*,*,#7460,.T.);
#7458=EDGE_CURVE('',#471,#465,#7461,.F.);
#7459=EDGE_CURVE('',#465,#65,#7462,.T.);
#7460=EDGE_CURVE('',#65,#471,#7463,.T.);
#7461=LINE('',#470,#7464);
#7462=LINE('',#464,#7465);
#7463=LINE('',#64,#7466);
#7464=VECTOR('',#7467,1.0);
#7465=VECTOR('',#7468,1.0);
#7466=VECTOR('',#7469,1.0);
#7467=DIRECTION('',(-0.8304273323646918,0.557126956502431,6.068709997179945E-17));
#7468=DIRECTION('',(0.7248609966704742,0.6888951556702129,-3.139169119909011E-16));
#7469=DIRECTION('',(-0.7161323894932364,-0.697964469524565,3.139925353211454E-16));
#7470=FACE_SURFACE('',(#7475),#7471,.T.);
#7471=PLANE('',#7472);
#7472=AXIS2_PLACEMENT_3D('',#464,#7473,#7474);
#7473=DIRECTION('',(-2.2203971880782985E-16,-2.22049725355675E-16,-1));
#7474=DIRECTION('',(-0.8985729984106967,0.4388240724108126,1.0207813113713985E-16));
#7475=FACE_BOUND('',#7476,.T.);
#7476=EDGE_LOOP('',(#7477,#7478,#7479));
#7477=ORIENTED_EDGE('',*,*,#7480,.T.);
#7478=ORIENTED_EDGE('',*,*,#7481,.T.);
#7479=ORIENTED_EDGE('',*,*,#7482,.T.);
#7480=EDGE_CURVE('',#465,#661,#7483,.F.);
#7481=EDGE_CURVE('',#661,#65,#7484,.T.);
#7482=EDGE_CURVE('',#65,#465,#7485,.T.);
#7483=LINE('',#464,#7486);
#7484=LINE('',#660,#7487);
#7485=LINE('',#64,#7488);
#7486=VECTOR('',#7489,1.0);
#7487=VECTOR('',#7490,1.0);
#7488=VECTOR('',#7491,1.0);
#7489=DIRECTION('',(-0.8985729984106967,0.4388240724108126,1.0207813113713985E-16));
#7490=DIRECTION('',(0.7331242900747411,0.6800946811308017,-3.137975483803353E-16));
#7491=DIRECTION('',(-0.7248609966704742,-0.6888951556702129,3.139169119909011E-16));
#7492=FACE_SURFACE('',(#7497),#7493,.T.);
#7493=PLANE('',#7494);
#7494=AXIS2_PLACEMENT_3D('',#656,#7495,#7496);
#7495=DIRECTION('',(-2.2204825829255154E-16,-2.2204115750257577E-16,-1));
#7496=DIRECTION('',(-0.3256497900402563,0.9454904622716916,-1.3762782795867787E-16));
#7497=FACE_BOUND('',#7498,.T.);
#7498=EDGE_LOOP('',(#7499,#7500,#7501));
#7499=ORIENTED_EDGE('',*,*,#7502,.T.);
#7500=ORIENTED_EDGE('',*,*,#7503,.T.);
#7501=ORIENTED_EDGE('',*,*,#7504,.T.);
#7502=EDGE_CURVE('',#657,#665,#7505,.F.);
#7503=EDGE_CURVE('',#665,#65,#7506,.T.);
#7504=EDGE_CURVE('',#65,#657,#7507,.T.);
#7505=LINE('',#656,#7508);
#7506=LINE('',#664,#7509);
#7507=LINE('',#64,#7510);
#7508=VECTOR('',#7511,1.0);
#7509=VECTOR('',#7512,1.0);
#7510=VECTOR('',#7513,1.0);
#7511=DIRECTION('',(-0.3256497900402563,0.9454904622716916,-1.3762782795867787E-16));
#7512=DIRECTION('',(0.6800949421134094,0.7331240479698905,-3.137976095740646E-16));
#7513=DIRECTION('',(-0.6718203120059988,-0.7407141610474058,3.136455598640059E-16));
#7514=FACE_SURFACE('',(#7519),#7515,.T.);
#7515=PLANE('',#7516);
#7516=AXIS2_PLACEMENT_3D('',#652,#7517,#7518);
#7517=DIRECTION('',(-2.220445637438529E-16,-2.2204458481326116E-16,-1));
#7518=DIRECTION('',(0.6888952234216345,0.7248609322807075,-3.13916884105504E-16));
#7519=FACE_BOUND('',#7520,.T.);
#7520=EDGE_LOOP('',(#7521,#7522,#7523));
#7521=ORIENTED_EDGE('',*,*,#7524,.T.);
#7522=ORIENTED_EDGE('',*,*,#7525,.T.);
#7523=ORIENTED_EDGE('',*,*,#7526,.T.);
#7524=EDGE_CURVE('',#653,#65,#7527,.F.);
#7525=EDGE_CURVE('',#65,#665,#7528,.T.);
#7526=EDGE_CURVE('',#665,#653,#7529,.T.);
#7527=LINE('',#652,#7530);
#7528=LINE('',#64,#7531);
#7529=LINE('',#664,#7532);
#7530=VECTOR('',#7533,1.0);
#7531=VECTOR('',#7534,1.0);
#7532=VECTOR('',#7535,1.0);
#7533=DIRECTION('',(0.6888952234216345,0.7248609322807075,-3.13916884105504E-16));
#7534=DIRECTION('',(-0.6800949421134094,-0.7331240479698905,3.137976095740646E-16));
#7535=DIRECTION('',(-0.43883585982299034,0.8985672418541735,-1.020808730947527E-16));
#7536=FACE_SURFACE('',(#7541),#7537,.T.);
#7537=PLANE('',#7538);
#7538=AXIS2_PLACEMENT_3D('',#666,#7539,#7540);
#7539=DIRECTION('',(-2.2204294926697474E-16,-2.2204611835499194E-16,-1));
#7540=DIRECTION('',(0.7071069105953623,0.707106651777709,-3.140183911658885E-16));
#7541=FACE_BOUND('',#7542,.T.);
#7542=EDGE_LOOP('',(#7543,#7544,#7545));
#7543=ORIENTED_EDGE('',*,*,#7546,.T.);
#7544=ORIENTED_EDGE('',*,*,#7547,.T.);
#7545=ORIENTED_EDGE('',*,*,#7548,.T.);
#7546=EDGE_CURVE('',#667,#65,#7549,.F.);
#7547=EDGE_CURVE('',#65,#425,#7550,.T.);
#7548=EDGE_CURVE('',#425,#667,#7551,.T.);
#7549=LINE('',#666,#7552);
#7550=LINE('',#64,#7553);
#7551=LINE('',#424,#7554);
#7552=VECTOR('',#7555,1.0);
#7553=VECTOR('',#7556,1.0);
#7554=VECTOR('',#7557,1.0);
#7555=DIRECTION('',(0.7071069105953623,0.707106651777709,-3.140183911658885E-16));
#7556=DIRECTION('',(-0.6979647977118414,-0.7161320696317602,3.1399250845972383E-16));
#7557=DIRECTION('',(-0.6637125336103797,0.7479877490497359,-1.8715087825276834E-17));
#7558=FACE_SURFACE('',(#7563),#7559,.T.);
#7559=PLANE('',#7560);
#7560=AXIS2_PLACEMENT_3D('',#470,#7561,#7562);
#7561=DIRECTION('',(-2.220476986298101E-16,-2.2204136899041818E-16,-1));
#7562=DIRECTION('',(0.7161323894932364,0.697964469524565,-3.139925353211454E-16));
#7563=FACE_BOUND('',#7564,.T.);
#7564=EDGE_LOOP('',(#7565,#7566,#7567));
#7565=ORIENTED_EDGE('',*,*,#7568,.T.);
#7566=ORIENTED_EDGE('',*,*,#7569,.T.);
#7567=ORIENTED_EDGE('',*,*,#7570,.T.);
#7568=EDGE_CURVE('',#471,#65,#7571,.F.);
#7569=EDGE_CURVE('',#65,#667,#7572,.T.);
#7570=EDGE_CURVE('',#667,#471,#7573,.T.);
#7571=LINE('',#470,#7574);
#7572=LINE('',#64,#7575);
#7573=LINE('',#666,#7576);
#7574=VECTOR('',#7577,1.0);
#7575=VECTOR('',#7578,1.0);
#7576=VECTOR('',#7579,1.0);
#7577=DIRECTION('',(0.7161323894932364,0.697964469524565,-3.139925353211454E-16));
#7578=DIRECTION('',(-0.7071069105953623,-0.707106651777709,3.140183911658885E-16));
#7579=DIRECTION('',(-0.7479827611823705,0.6637181547720366,1.871496302593898E-17));
#7580=FACE_SURFACE('',(#7585),#7581,.T.);
#7581=PLANE('',#7582);
#7582=AXIS2_PLACEMENT_3D('',#668,#7583,#7584);
#7583=DIRECTION('',(-2.220359476291889E-16,-2.220446857320482E-16,-1));
#7584=DIRECTION('',(0.8985690693474205,0.43883211779917664,-2.969549745086802E-16));
#7585=FACE_BOUND('',#7586,.T.);
#7586=EDGE_LOOP('',(#7587,#7588,#7589));
#7587=ORIENTED_EDGE('',*,*,#7590,.T.);
#7588=ORIENTED_EDGE('',*,*,#7591,.T.);
#7589=ORIENTED_EDGE('',*,*,#7592,.T.);
#7590=EDGE_CURVE('',#669,#651,#7593,.F.);
#7591=EDGE_CURVE('',#651,#387,#7594,.T.);
#7592=EDGE_CURVE('',#387,#669,#7595,.T.);
#7593=LINE('',#668,#7596);
#7594=LINE('',#650,#7597);
#7595=LINE('',#386,#7598);
#7596=VECTOR('',#7599,1.0);
#7597=VECTOR('',#7600,1.0);
#7598=VECTOR('',#7601,1.0);
#7599=DIRECTION('',(0.8985690693474205,0.43883211779917664,-2.969549745086802E-16));
#7600=DIRECTION('',(-0.010267064581664515,-0.9999472923033874,2.243126396818781E-16));
#7601=DIRECTION('',(0.006995992725417068,0.9999755277434473,-2.2359261367192764E-16));
#7602=FACE_SURFACE('',(#7607),#7603,.T.);
#7603=PLANE('',#7604);
#7604=AXIS2_PLACEMENT_3D('',#606,#7605,#7606);
#7605=DIRECTION('',(-2.220445979369075E-16,-2.2204462521307726E-16,-1));
#7606=DIRECTION('',(0.9454842926142162,0.3256677024511265,-2.8225244254394937E-16));
#7607=FACE_BOUND('',#7608,.T.);
#7608=EDGE_LOOP('',(#7609,#7610,#7611));
#7609=ORIENTED_EDGE('',*,*,#7612,.T.);
#7610=ORIENTED_EDGE('',*,*,#7613,.T.);
#7611=ORIENTED_EDGE('',*,*,#7614,.T.);
#7612=EDGE_CURVE('',#607,#669,#7615,.F.);
#7613=EDGE_CURVE('',#669,#387,#7616,.T.);
#7614=EDGE_CURVE('',#387,#607,#7617,.T.);
#7615=LINE('',#606,#7618);
#7616=LINE('',#668,#7619);
#7617=LINE('',#386,#7620);
#7618=VECTOR('',#7621,1.0);
#7619=VECTOR('',#7622,1.0);
#7620=VECTOR('',#7623,1.0);
#7621=DIRECTION('',(0.9454842926142162,0.3256677024511265,-2.8225244254394937E-16));
#7622=DIRECTION('',(-0.006995992725417068,-0.9999755277434473,2.2359261367192764E-16));
#7623=DIRECTION('',(0.003559592643882782,0.9999936646300364,-2.228336067956582E-16));
#7624=FACE_SURFACE('',(#7629),#7625,.T.);
#7625=PLANE('',#7626);
#7626=AXIS2_PLACEMENT_3D('',#508,#7627,#7628);
#7627=DIRECTION('',(-2.220495000779226E-16,-2.2204269991926542E-16,-1));
#7628=DIRECTION('',(-0.3653488126137842,-0.9308706919447503,2.8781856291008054E-16));
#7629=FACE_BOUND('',#7630,.T.);
#7630=EDGE_LOOP('',(#7631,#7632,#7633));
#7631=ORIENTED_EDGE('',*,*,#7634,.T.);
#7632=ORIENTED_EDGE('',*,*,#7635,.T.);
#7633=ORIENTED_EDGE('',*,*,#7636,.T.);
#7634=EDGE_CURVE('',#509,#259,#7637,.F.);
#7635=EDGE_CURVE('',#259,#605,#7638,.T.);
#7636=EDGE_CURVE('',#605,#509,#7639,.T.);
#7637=LINE('',#508,#7640);
#7638=LINE('',#258,#7641);
#7639=LINE('',#604,#7642);
#7640=VECTOR('',#7643,1.0);
#7641=VECTOR('',#7644,1.0);
#7642=VECTOR('',#7645,1.0);
#7643=DIRECTION('',(-0.3653488126137842,-0.9308706919447503,2.8781856291008054E-16));
#7644=DIRECTION('',(0.36132318684675374,0.9324406440341958,-2.87273271121695E-16));
#7645=DIRECTION('',(0.9980116663296811,-0.06302946826567105,-2.0761275827225492E-16));
#7646=FACE_SURFACE('',(#7651),#7647,.T.);
#7647=PLANE('',#7648);
#7648=AXIS2_PLACEMENT_3D('',#116,#7649,#7650);
#7649=DIRECTION('',(-0.9817806988108974,0.1900175240402477,0));
#7650=DIRECTION('',(-0.19001752404024772,-0.9817806988108974,2.601914734448363E-16));
#7651=FACE_BOUND('',#7652,.T.);
#7652=EDGE_LOOP('',(#7653,#7654,#7655));
#7653=ORIENTED_EDGE('',*,*,#7656,.T.);
#7654=ORIENTED_EDGE('',*,*,#7657,.T.);
#7655=ORIENTED_EDGE('',*,*,#7658,.T.);
#7656=EDGE_CURVE('',#117,#185,#7659,.F.);
#7657=EDGE_CURVE('',#185,#495,#7660,.T.);
#7658=EDGE_CURVE('',#495,#117,#7661,.T.);
#7659=LINE('',#116,#7662);
#7660=LINE('',#184,#7663);
#7661=LINE('',#494,#7664);
#7662=VECTOR('',#7665,1.0);
#7663=VECTOR('',#7666,1.0);
#7664=VECTOR('',#7667,1.0);
#7665=DIRECTION('',(-0.19001752404024772,-0.9817806988108974,2.601914734448363E-16));
#7666=DIRECTION('',(0,0,1));
#7667=DIRECTION('',(0.005996894287587613,0.030984695196406103,-0.9995018688939452));
#7668=FACE_SURFACE('',(#7673),#7669,.T.);
#7669=PLANE('',#7670);
#7670=AXIS2_PLACEMENT_3D('',#494,#7671,#7672);
#7671=DIRECTION('',(-0.9454842926142161,0.3256677024511265,0));
#7672=DIRECTION('',(0,0,-1));
#7673=FACE_BOUND('',#7674,.T.);
#7674=EDGE_LOOP('',(#7675,#7676,#7677));
#7675=ORIENTED_EDGE('',*,*,#7678,.T.);
#7676=ORIENTED_EDGE('',*,*,#7679,.T.);
#7677=ORIENTED_EDGE('',*,*,#7680,.T.);
#7678=EDGE_CURVE('',#495,#185,#7681,.F.);
#7679=EDGE_CURVE('',#185,#183,#7682,.T.);
#7680=EDGE_CURVE('',#183,#495,#7683,.T.);
#7681=LINE('',#494,#7684);
#7682=LINE('',#184,#7685);
#7683=LINE('',#182,#7686);
#7684=VECTOR('',#7687,1.0);
#7685=VECTOR('',#7688,1.0);
#7686=VECTOR('',#7689,1.0);
#7687=DIRECTION('',(0,0,-1));
#7688=DIRECTION('',(-0.3256677024511265,-0.9454842926142162,2.822479933495651E-16));
#7689=DIRECTION('',(0.010328181305278591,0.029984960503960847,0.9994969888971658));
#7690=FACE_SURFACE('',(#7695),#7691,.T.);
#7691=PLANE('',#7692);
#7692=AXIS2_PLACEMENT_3D('',#518,#7693,#7694);
#7693=DIRECTION('',(-2.2204461688596404E-16,-2.22044639650225E-16,-1));
#7694=DIRECTION('',(-0.7515992285803323,-0.659620041840338,3.133536572584102E-16));
#7695=FACE_BOUND('',#7696,.T.);
#7696=EDGE_LOOP('',(#7697,#7698,#7699));
#7697=ORIENTED_EDGE('',*,*,#7700,.T.);
#7698=ORIENTED_EDGE('',*,*,#7701,.T.);
#7699=ORIENTED_EDGE('',*,*,#7702,.T.);
#7700=EDGE_CURVE('',#519,#591,#7703,.F.);
#7701=EDGE_CURVE('',#591,#525,#7704,.T.);
#7702=EDGE_CURVE('',#525,#519,#7705,.T.);
#7703=LINE('',#518,#7706);
#7704=LINE('',#590,#7707);
#7705=LINE('',#524,#7708);
#7706=VECTOR('',#7709,1.0);
#7707=VECTOR('',#7710,1.0);
#7708=VECTOR('',#7711,1.0);
#7709=DIRECTION('',(-0.7515992285803323,-0.659620041840338,3.133536572584102E-16));
#7710=DIRECTION('',(0.7460718421238169,0.6658654566727232,-3.1351309173621573E-16));
#7711=DIRECTION('',(0.9454842926142162,-0.3256677024511265,-1.376269298887433E-16));
#7712=FACE_SURFACE('',(#7717),#7713,.T.);
#7713=PLANE('',#7714);
#7714=AXIS2_PLACEMENT_3D('',#670,#7715,#7716);
#7715=DIRECTION('',(-2.2204820091827655E-16,-2.2204062390565852E-16,-1));
#7716=DIRECTION('',(0.8985613935877542,-0.4388478346233841,-1.0208189386135678E-16));
#7717=FACE_BOUND('',#7718,.T.);
#7718=EDGE_LOOP('',(#7719,#7720,#7721));
#7719=ORIENTED_EDGE('',*,*,#7722,.T.);
#7720=ORIENTED_EDGE('',*,*,#7723,.T.);
#7721=ORIENTED_EDGE('',*,*,#7724,.T.);
#7722=EDGE_CURVE('',#671,#525,#7725,.F.);
#7723=EDGE_CURVE('',#525,#591,#7726,.T.);
#7724=EDGE_CURVE('',#591,#671,#7727,.T.);
#7725=LINE('',#670,#7728);
#7726=LINE('',#524,#7729);
#7727=LINE('',#590,#7730);
#7728=VECTOR('',#7731,1.0);
#7729=VECTOR('',#7732,1.0);
#7730=VECTOR('',#7733,1.0);
#7731=DIRECTION('',(0.8985613935877542,-0.4388478346233841,-1.0208189386135678E-16));
#7732=DIRECTION('',(-0.7460718421238169,-0.6658654566727232,3.1351309173621573E-16));
#7733=DIRECTION('',(0.7400683127176841,0.6725317037219881,-3.1366019648635196E-16));
#7734=FACE_SURFACE('',(#7739),#7735,.T.);
#7735=PLANE('',#7736);
#7736=AXIS2_PLACEMENT_3D('',#182,#7737,#7738);
#7737=DIRECTION('',(-0.8985672418541735,0.4388358598229904,0));
#7738=DIRECTION('',(-0.43883585982299034,-0.8985672418541735,2.969697810169215E-16));
#7739=FACE_BOUND('',#7740,.T.);
#7740=EDGE_LOOP('',(#7741,#7742,#7743));
#7741=ORIENTED_EDGE('',*,*,#7744,.T.);
#7742=ORIENTED_EDGE('',*,*,#7745,.T.);
#7743=ORIENTED_EDGE('',*,*,#7746,.T.);
#7744=EDGE_CURVE('',#183,#189,#7747,.F.);
#7745=EDGE_CURVE('',#189,#549,#7748,.T.);
#7746=EDGE_CURVE('',#549,#183,#7749,.T.);
#7747=LINE('',#182,#7750);
#7748=LINE('',#188,#7751);
#7749=LINE('',#548,#7752);
#7750=VECTOR('',#7753,1.0);
#7751=VECTOR('',#7754,1.0);
#7752=VECTOR('',#7755,1.0);
#7753=DIRECTION('',(-0.43883585982299034,-0.8985672418541735,2.969697810169215E-16));
#7754=DIRECTION('',(0,0,1));
#7755=DIRECTION('',(0.013992820065376232,0.02865191950580001,-0.9994915049640247));
#7756=FACE_SURFACE('',(#7761),#7757,.T.);
#7757=PLANE('',#7758);
#7758=AXIS2_PLACEMENT_3D('',#548,#7759,#7760);
#7759=DIRECTION('',(-0.8304335555109672,0.5571176804602537,0));
#7760=DIRECTION('',(0,0,-1));
#7761=FACE_BOUND('',#7762,.T.);
#7762=EDGE_LOOP('',(#7763,#7764,#7765));
#7763=ORIENTED_EDGE('',*,*,#7766,.T.);
#7764=ORIENTED_EDGE('',*,*,#7767,.T.);
#7765=ORIENTED_EDGE('',*,*,#7768,.T.);
#7766=EDGE_CURVE('',#549,#189,#7769,.F.);
#7767=EDGE_CURVE('',#189,#191,#7770,.T.);
#7768=EDGE_CURVE('',#191,#549,#7771,.T.);
#7769=LINE('',#548,#7772);
#7770=LINE('',#188,#7773);
#7771=LINE('',#190,#7774);
#7772=VECTOR('',#7775,1.0);
#7773=VECTOR('',#7776,1.0);
#7774=VECTOR('',#7777,1.0);
#7775=DIRECTION('',(0,0,-1));
#7776=DIRECTION('',(-0.5571176804602537,-0.8304335555109672,3.080982660044686E-16));
#7777=DIRECTION('',(0.017657623169177412,0.02632026105891817,0.9994975998979716));
#7778=FACE_SURFACE('',(#7783),#7779,.T.);
#7779=PLANE('',#7780);
#7780=AXIS2_PLACEMENT_3D('',#548,#7781,#7782);
#7781=DIRECTION('',(-0.8304335555109672,0.5571176804602537,0));
#7782=DIRECTION('',(-0.017657623169177412,-0.02632026105891817,-0.9994975998979716));
#7783=FACE_BOUND('',#7784,.T.);
#7784=EDGE_LOOP('',(#7785,#7786,#7787));
#7785=ORIENTED_EDGE('',*,*,#7788,.T.);
#7786=ORIENTED_EDGE('',*,*,#7789,.T.);
#7787=ORIENTED_EDGE('',*,*,#7790,.T.);
#7788=EDGE_CURVE('',#549,#191,#7791,.F.);
#7789=EDGE_CURVE('',#191,#615,#7792,.T.);
#7790=EDGE_CURVE('',#615,#549,#7793,.T.);
#7791=LINE('',#548,#7794);
#7792=LINE('',#190,#7795);
#7793=LINE('',#614,#7796);
#7794=VECTOR('',#7797,1.0);
#7795=VECTOR('',#7798,1.0);
#7796=VECTOR('',#7799,1.0);
#7797=DIRECTION('',(-0.017657623169177412,-0.02632026105891817,-0.9994975998979716));
#7798=DIRECTION('',(0,0,1));
#7799=DIRECTION('',(0.5571176804602537,0.8304335555109672,0));
#7800=FACE_SURFACE('',(#7805),#7801,.T.);
#7801=PLANE('',#7802);
#7802=AXIS2_PLACEMENT_3D('',#558,#7803,#7804);
#7803=DIRECTION('',(-2.2204577948001213E-16,-2.2204340767730983E-16,-1));
#7804=DIRECTION('',(0.7479877490497359,-0.6637125336103797,-1.8714530098258555E-17));
#7805=FACE_BOUND('',#7806,.T.);
#7806=EDGE_LOOP('',(#7807,#7808,#7809));
#7807=ORIENTED_EDGE('',*,*,#7810,.T.);
#7808=ORIENTED_EDGE('',*,*,#7811,.T.);
#7809=ORIENTED_EDGE('',*,*,#7812,.T.);
#7810=EDGE_CURVE('',#559,#557,#7813,.F.);
#7811=EDGE_CURVE('',#557,#591,#7814,.T.);
#7812=EDGE_CURVE('',#591,#559,#7815,.T.);
#7813=LINE('',#558,#7816);
#7814=LINE('',#556,#7817);
#7815=LINE('',#590,#7818);
#7816=VECTOR('',#7819,1.0);
#7817=VECTOR('',#7820,1.0);
#7818=VECTOR('',#7821,1.0);
#7819=DIRECTION('',(0.7479877490497359,-0.6637125336103797,-1.8714530098258555E-17));
#7820=DIRECTION('',(-0.7337324470572726,-0.6794385153458306,3.1378703639120927E-16));
#7821=DIRECTION('',(0.7271792636361271,0.6864476080063356,-3.1388825248945005E-16));
#7822=FACE_SURFACE('',(#7827),#7823,.T.);
#7823=PLANE('',#7824);
#7824=AXIS2_PLACEMENT_3D('',#670,#7825,#7826);
#7825=DIRECTION('',(-2.2203996960098292E-16,-2.2204968182377185E-16,-1));
#7826=DIRECTION('',(-0.7400683127176841,-0.6725317037219881,3.1366019648635196E-16));
#7827=FACE_BOUND('',#7828,.T.);
#7828=EDGE_LOOP('',(#7829,#7830,#7831));
#7829=ORIENTED_EDGE('',*,*,#7832,.T.);
#7830=ORIENTED_EDGE('',*,*,#7833,.T.);
#7831=ORIENTED_EDGE('',*,*,#7834,.T.);
#7832=EDGE_CURVE('',#671,#591,#7835,.F.);
#7833=EDGE_CURVE('',#591,#557,#7836,.T.);
#7834=EDGE_CURVE('',#557,#671,#7837,.T.);
#7835=LINE('',#670,#7838);
#7836=LINE('',#590,#7839);
#7837=LINE('',#556,#7840);
#7838=VECTOR('',#7841,1.0);
#7839=VECTOR('',#7842,1.0);
#7840=VECTOR('',#7843,1.0);
#7841=DIRECTION('',(-0.7400683127176841,-0.6725317037219881,3.1366019648635196E-16));
#7842=DIRECTION('',(0.7337324470572726,0.6794385153458306,-3.1378703639120927E-16));
#7843=DIRECTION('',(0.8304397783464071,-0.5571084046574509,-6.068507914394713E-17));
#7844=FACE_SURFACE('',(#7849),#7845,.T.);
#7845=PLANE('',#7846);
#7846=AXIS2_PLACEMENT_3D('',#672,#7847,#7848);
#7847=DIRECTION('',(-2.220450120993609E-16,-2.2204422059193057E-16,-1));
#7848=DIRECTION('',(0.6637075457536028,-0.747992174898728,1.8714389456955205E-17));
#7849=FACE_BOUND('',#7850,.T.);
#7850=EDGE_LOOP('',(#7851,#7852,#7853));
#7851=ORIENTED_EDGE('',*,*,#7854,.T.);
#7852=ORIENTED_EDGE('',*,*,#7855,.T.);
#7853=ORIENTED_EDGE('',*,*,#7856,.T.);
#7854=EDGE_CURVE('',#673,#559,#7857,.F.);
#7855=EDGE_CURVE('',#559,#591,#7858,.T.);
#7856=EDGE_CURVE('',#591,#673,#7859,.T.);
#7857=LINE('',#672,#7860);
#7858=LINE('',#558,#7861);
#7859=LINE('',#590,#7862);
#7860=VECTOR('',#7863,1.0);
#7861=VECTOR('',#7864,1.0);
#7862=VECTOR('',#7865,1.0);
#7863=DIRECTION('',(0.6637075457536028,-0.747992174898728,1.8714389456955205E-17));
#7864=DIRECTION('',(-0.7271792636361271,-0.6864476080063356,3.1388825248945005E-16));
#7865=DIRECTION('',(0.7205324515875812,0.6934212184590185,-3.1396081092538623E-16));
#7866=FACE_SURFACE('',(#7871),#7867,.T.);
#7867=PLANE('',#7868);
#7868=AXIS2_PLACEMENT_3D('',#618,#7869,#7870);
#7869=DIRECTION('',(-2.22043060064911E-16,-2.2204624894660205E-16,-1));
#7870=DIRECTION('',(0.5571315068177726,-0.8304242795769873,6.068541168186134E-17));
#7871=FACE_BOUND('',#7872,.T.);
#7872=EDGE_LOOP('',(#7873,#7874,#7875));
#7873=ORIENTED_EDGE('',*,*,#7876,.T.);
#7874=ORIENTED_EDGE('',*,*,#7877,.T.);
#7875=ORIENTED_EDGE('',*,*,#7878,.T.);
#7876=EDGE_CURVE('',#619,#673,#7879,.F.);
#7877=EDGE_CURVE('',#673,#591,#7880,.T.);
#7878=EDGE_CURVE('',#591,#619,#7881,.T.);
#7879=LINE('',#618,#7882);
#7880=LINE('',#672,#7883);
#7881=LINE('',#590,#7884);
#7882=VECTOR('',#7885,1.0);
#7883=VECTOR('',#7886,1.0);
#7884=VECTOR('',#7887,1.0);
#7885=DIRECTION('',(0.5571315068177726,-0.8304242795769873,6.068541168186134E-17));
#7886=DIRECTION('',(-0.7205324515875812,-0.6934212184590185,3.1396081092538623E-16));
#7887=DIRECTION('',(0.7139156801515928,0.7002316771138596,-3.1400383954590265E-16));
#7888=FACE_SURFACE('',(#7893),#7889,.T.);
#7889=PLANE('',#7890);
#7890=AXIS2_PLACEMENT_3D('',#674,#7891,#7892);
#7891=DIRECTION('',(-0.8304335555109672,-0.5571176804602537,-0));
#7892=DIRECTION('',(0,0,-1));
#7893=FACE_BOUND('',#7894,.T.);
#7894=EDGE_LOOP('',(#7895,#7896,#7897));
#7895=ORIENTED_EDGE('',*,*,#7898,.T.);
#7896=ORIENTED_EDGE('',*,*,#7899,.T.);
#7897=ORIENTED_EDGE('',*,*,#7900,.T.);
#7898=EDGE_CURVE('',#675,#145,#7901,.F.);
#7899=EDGE_CURVE('',#145,#87,#7902,.T.);
#7900=EDGE_CURVE('',#87,#675,#7903,.T.);
#7901=LINE('',#674,#7904);
#7902=LINE('',#144,#7905);
#7903=LINE('',#86,#7906);
#7904=VECTOR('',#7907,1.0);
#7905=VECTOR('',#7908,1.0);
#7906=VECTOR('',#7909,1.0);
#7907=DIRECTION('',(0,0,-1));
#7908=DIRECTION('',(0.5571176804602537,-0.8304335555109672,6.068831549537491E-17));
#7909=DIRECTION('',(-0.017657623169177412,0.02632026105891817,0.9994975998979716));
#7910=FACE_SURFACE('',(#7915),#7911,.T.);
#7911=PLANE('',#7912);
#7912=AXIS2_PLACEMENT_3D('',#676,#7913,#7914);
#7913=DIRECTION('',(-2.2204424243224442E-16,-2.220450434733185E-16,-1));
#7914=DIRECTION('',(0.43883585982299034,-0.8985672418541735,1.0208142623471138E-16));
#7915=FACE_BOUND('',#7916,.T.);
#7916=EDGE_LOOP('',(#7917,#7918,#7919));
#7917=ORIENTED_EDGE('',*,*,#7920,.T.);
#7918=ORIENTED_EDGE('',*,*,#7921,.T.);
#7919=ORIENTED_EDGE('',*,*,#7922,.T.);
#7920=EDGE_CURVE('',#677,#619,#7923,.F.);
#7921=EDGE_CURVE('',#619,#591,#7924,.T.);
#7922=EDGE_CURVE('',#591,#677,#7925,.T.);
#7923=LINE('',#676,#7926);
#7924=LINE('',#618,#7927);
#7925=LINE('',#590,#7928);
#7926=VECTOR('',#7929,1.0);
#7927=VECTOR('',#7930,1.0);
#7928=VECTOR('',#7931,1.0);
#7929=DIRECTION('',(0.43883585982299034,-0.8985672418541735,1.0208142623471138E-16));
#7930=DIRECTION('',(-0.7139156801515928,-0.7002316771138596,3.1400383954590265E-16));
#7931=DIRECTION('',(0.7074602505152203,0.7067531350768398,-3.14018505979619E-16));
#7932=FACE_SURFACE('',(#7937),#7933,.T.);
#7933=PLANE('',#7934);
#7934=AXIS2_PLACEMENT_3D('',#124,#7935,#7936);
#7935=DIRECTION('',(-0.19002128047862832,-0.9817799717682484,-0));
#7936=DIRECTION('',(0,0,-1));
#7937=FACE_BOUND('',#7938,.T.);
#7938=EDGE_LOOP('',(#7939,#7940,#7941));
#7939=ORIENTED_EDGE('',*,*,#7942,.T.);
#7940=ORIENTED_EDGE('',*,*,#7943,.T.);
#7941=ORIENTED_EDGE('',*,*,#7944,.T.);
#7942=EDGE_CURVE('',#125,#237,#7945,.F.);
#7943=EDGE_CURVE('',#237,#135,#7946,.T.);
#7944=EDGE_CURVE('',#135,#125,#7947,.T.);
#7945=LINE('',#124,#7948);
#7946=LINE('',#236,#7949);
#7947=LINE('',#134,#7950);
#7948=VECTOR('',#7951,1.0);
#7949=VECTOR('',#7952,1.0);
#7950=VECTOR('',#7953,1.0);
#7951=DIRECTION('',(0,0,-1));
#7952=DIRECTION('',(0.030984060340293194,-0.005996894405663622,0.9995018885736617));
#7953=DIRECTION('',(-0.9817799717682484,0.19002128047862832,0));
#7954=FACE_SURFACE('',(#7959),#7955,.T.);
#7955=PLANE('',#7956);
#7956=AXIS2_PLACEMENT_3D('',#678,#7957,#7958);
#7957=DIRECTION('',(-2.2204815876451205E-16,-2.2204112322271102E-16,-1));
#7958=DIRECTION('',(0.3256497900402563,-0.9454904622716916,1.3762782795867787E-16));
#7959=FACE_BOUND('',#7960,.T.);
#7960=EDGE_LOOP('',(#7961,#7962,#7963));
#7961=ORIENTED_EDGE('',*,*,#7964,.T.);
#7962=ORIENTED_EDGE('',*,*,#7965,.T.);
#7963=ORIENTED_EDGE('',*,*,#7966,.T.);
#7964=EDGE_CURVE('',#679,#677,#7967,.F.);
#7965=EDGE_CURVE('',#677,#591,#7968,.T.);
#7966=EDGE_CURVE('',#591,#679,#7969,.T.);
#7967=LINE('',#678,#7970);
#7968=LINE('',#676,#7971);
#7969=LINE('',#590,#7972);
#7970=VECTOR('',#7973,1.0);
#7971=VECTOR('',#7974,1.0);
#7972=VECTOR('',#7975,1.0);
#7973=DIRECTION('',(0.3256497900402563,-0.9454904622716916,1.3762782795867787E-16));
#7974=DIRECTION('',(-0.7074602505152203,-0.7067531350768398,3.14018505979619E-16));
#7975=DIRECTION('',(0.7013479214884306,0.7128191166234659,-3.140081719295186E-16));
#7976=FACE_SURFACE('',(#7981),#7977,.T.);
#7977=PLANE('',#7978);
#7978=AXIS2_PLACEMENT_3D('',#678,#7979,#7980);
#7979=DIRECTION('',(-2.2204220040492277E-16,-2.220469856961155E-16,-1));
#7980=DIRECTION('',(-0.7013479214884306,-0.7128191166234659,3.140081719295186E-16));
#7981=FACE_BOUND('',#7982,.T.);
#7982=EDGE_LOOP('',(#7983,#7984,#7985));
#7983=ORIENTED_EDGE('',*,*,#7986,.T.);
#7984=ORIENTED_EDGE('',*,*,#7987,.T.);
#7985=ORIENTED_EDGE('',*,*,#7988,.T.);
#7986=EDGE_CURVE('',#679,#591,#7989,.F.);
#7987=EDGE_CURVE('',#591,#589,#7990,.T.);
#7988=EDGE_CURVE('',#589,#679,#7991,.T.);
#7989=LINE('',#678,#7992);
#7990=LINE('',#590,#7993);
#7991=LINE('',#588,#7994);
#7992=VECTOR('',#7995,1.0);
#7993=VECTOR('',#7996,1.0);
#7994=VECTOR('',#7997,1.0);
#7995=DIRECTION('',(-0.7013479214884306,-0.7128191166234659,3.140081719295186E-16));
#7996=DIRECTION('',(0.6957579650919283,0.7182763075663424,-3.139787185103055E-16));
#7997=DIRECTION('',(0.1900369322817254,-0.9817769422679222,1.758043920545057E-16));
#7998=FACE_SURFACE('',(#8003),#7999,.T.);
#7999=PLANE('',#8000);
#8000=AXIS2_PLACEMENT_3D('',#584,#8001,#8002);
#8001=DIRECTION('',(-2.2204061492589585E-16,-2.220347248448063E-16,-1));
#8002=DIRECTION('',(-0.19001752404024772,0.9817806988108974,-1.7579779943382644E-16));
#8003=FACE_BOUND('',#8004,.T.);
#8004=EDGE_LOOP('',(#8005,#8006,#8007));
#8005=ORIENTED_EDGE('',*,*,#8008,.T.);
#8006=ORIENTED_EDGE('',*,*,#8009,.T.);
#8007=ORIENTED_EDGE('',*,*,#8010,.T.);
#8008=EDGE_CURVE('',#585,#571,#8011,.F.);
#8009=EDGE_CURVE('',#571,#89,#8012,.T.);
#8010=EDGE_CURVE('',#89,#585,#8013,.T.);
#8011=LINE('',#584,#8014);
#8012=LINE('',#570,#8015);
#8013=LINE('',#88,#8016);
#8014=VECTOR('',#8017,1.0);
#8015=VECTOR('',#8018,1.0);
#8016=VECTOR('',#8019,1.0);
#8017=DIRECTION('',(-0.19001752404024772,0.9817806988108974,-1.7579779943382644E-16));
#8018=DIRECTION('',(0.9270558005372639,-0.37492338242661366,-1.2259802996693548E-16));
#8019=DIRECTION('',(-0.9285496499892747,0.37120822661249764,1.2375461881680951E-16));
#8020=FACE_SURFACE('',(#8025),#8021,.T.);
#8021=PLANE('',#8022);
#8022=AXIS2_PLACEMENT_3D('',#580,#8023,#8024);
#8023=DIRECTION('',(-2.220473839267652E-16,-2.220373795573231E-16,-1));
#8024=DIRECTION('',(-0.9344847650179652,-0.35600312351062086,2.8654589805017737E-16));
#8025=FACE_BOUND('',#8026,.T.);
#8026=EDGE_LOOP('',(#8027,#8028,#8029));
#8027=ORIENTED_EDGE('',*,*,#8030,.T.);
#8028=ORIENTED_EDGE('',*,*,#8031,.T.);
#8029=ORIENTED_EDGE('',*,*,#8032,.T.);
#8030=EDGE_CURVE('',#581,#477,#8033,.F.);
#8031=EDGE_CURVE('',#477,#681,#8034,.T.);
#8032=EDGE_CURVE('',#681,#581,#8035,.T.);
#8033=LINE('',#580,#8036);
#8034=LINE('',#476,#8037);
#8035=LINE('',#680,#8038);
#8036=VECTOR('',#8039,1.0);
#8037=VECTOR('',#8040,1.0);
#8038=VECTOR('',#8041,1.0);
#8039=DIRECTION('',(-0.9344847650179652,-0.35600312351062086,2.8654589805017737E-16));
#8040=DIRECTION('',(0.9335728817918006,0.3583876035564743,-2.8687286046634887E-16));
#8041=DIRECTION('',(-0.5571315068177726,-0.8304242795769873,3.0809482455011525E-16));
#8042=FACE_SURFACE('',(#8047),#8043,.T.);
#8043=PLANE('',#8044);
#8044=AXIS2_PLACEMENT_3D('',#680,#8045,#8046);
#8045=DIRECTION('',(-2.2204287644799265E-16,-2.220491212021388E-16,-1));
#8046=DIRECTION('',(-0.9335728817918006,-0.3583876035564743,2.8687286046634887E-16));
#8047=FACE_BOUND('',#8048,.T.);
#8048=EDGE_LOOP('',(#8049,#8050,#8051));
#8049=ORIENTED_EDGE('',*,*,#8052,.T.);
#8050=ORIENTED_EDGE('',*,*,#8053,.T.);
#8051=ORIENTED_EDGE('',*,*,#8054,.T.);
#8052=EDGE_CURVE('',#681,#477,#8055,.F.);
#8053=EDGE_CURVE('',#477,#139,#8056,.T.);
#8054=EDGE_CURVE('',#139,#681,#8057,.T.);
#8055=LINE('',#680,#8058);
#8056=LINE('',#476,#8059);
#8057=LINE('',#138,#8060);
#8058=VECTOR('',#8061,1.0);
#8059=VECTOR('',#8062,1.0);
#8060=VECTOR('',#8063,1.0);
#8061=DIRECTION('',(-0.9335728817918006,-0.3583876035564743,2.8687286046634887E-16));
#8062=DIRECTION('',(0.9328462043858592,0.36027483809294203,-2.8713056569520886E-16));
#8063=DIRECTION('',(-0.6637125336103797,-0.7479877490497359,3.134626624438935E-16));
#8064=FACE_SURFACE('',(#8069),#8065,.T.);
#8065=PLANE('',#8066);
#8066=AXIS2_PLACEMENT_3D('',#574,#8067,#8068);
#8067=DIRECTION('',(-2.2204460824428204E-16,-2.220462817871872E-16,-1));
#8068=DIRECTION('',(-0.7479827611823705,-0.6637181547720366,3.1346168760199943E-16));
#8069=FACE_BOUND('',#8070,.T.);
#8070=EDGE_LOOP('',(#8071,#8072,#8073));
#8071=ORIENTED_EDGE('',*,*,#8074,.T.);
#8072=ORIENTED_EDGE('',*,*,#8075,.T.);
#8073=ORIENTED_EDGE('',*,*,#8076,.T.);
#8074=EDGE_CURVE('',#575,#139,#8077,.F.);
#8075=EDGE_CURVE('',#139,#137,#8078,.T.);
#8076=EDGE_CURVE('',#137,#575,#8079,.T.);
#8077=LINE('',#574,#8080);
#8078=LINE('',#138,#8081);
#8079=LINE('',#136,#8082);
#8080=VECTOR('',#8083,1.0);
#8081=VECTOR('',#8084,1.0);
#8082=VECTOR('',#8085,1.0);
#8083=DIRECTION('',(-0.7479827611823705,-0.6637181547720366,3.1346168760199943E-16));
#8084=DIRECTION('',(-1,0,2.2204460824428204E-16));
#8085=DIRECTION('',(0.9999995134880185,0.000986419650167081,-2.2226353103252115E-16));
#8086=FACE_SURFACE('',(#8091),#8087,.T.);
#8087=PLANE('',#8088);
#8088=AXIS2_PLACEMENT_3D('',#136,#8089,#8090);
#8089=DIRECTION('',(-2.220446065809709E-16,-2.2204796799688347E-16,-1));
#8090=DIRECTION('',(-0.7479916128714834,0.6637081791524925,1.871245088219195E-17));
#8091=FACE_BOUND('',#8092,.T.);
#8092=EDGE_LOOP('',(#8093,#8094,#8095));
#8093=ORIENTED_EDGE('',*,*,#8096,.T.);
#8094=ORIENTED_EDGE('',*,*,#8097,.T.);
#8095=ORIENTED_EDGE('',*,*,#8098,.T.);
#8096=EDGE_CURVE('',#137,#491,#8099,.F.);
#8097=EDGE_CURVE('',#491,#575,#8100,.T.);
#8098=EDGE_CURVE('',#575,#137,#8101,.T.);
#8099=LINE('',#136,#8102);
#8100=LINE('',#490,#8103);
#8101=LINE('',#574,#8104);
#8102=VECTOR('',#8105,1.0);
#8103=VECTOR('',#8106,1.0);
#8104=VECTOR('',#8107,1.0);
#8105=DIRECTION('',(-0.7479916128714834,0.6637081791524925,1.871245088219195E-17));
#8106=DIRECTION('',(1,0,-2.220446065809709E-16));
#8107=DIRECTION('',(-0.9999995134880185,-0.000986419650167081,2.2226353103252115E-16));
#8108=FACE_SURFACE('',(#8113),#8109,.T.);
#8109=PLANE('',#8110);
#8110=AXIS2_PLACEMENT_3D('',#622,#8111,#8112);
#8111=DIRECTION('',(-2.2204459368314068E-16,-2.2205219077099215E-16,-1));
#8112=DIRECTION('',(-0.8985653228989117,-0.43883978908432475,2.9696690858450343E-16));
#8113=FACE_BOUND('',#8114,.T.);
#8114=EDGE_LOOP('',(#8115,#8116,#8117));
#8115=ORIENTED_EDGE('',*,*,#8118,.T.);
#8116=ORIENTED_EDGE('',*,*,#8119,.T.);
#8117=ORIENTED_EDGE('',*,*,#8120,.T.);
#8118=EDGE_CURVE('',#623,#573,#8121,.F.);
#8119=EDGE_CURVE('',#573,#491,#8122,.T.);
#8120=EDGE_CURVE('',#491,#623,#8123,.T.);
#8121=LINE('',#622,#8124);
#8122=LINE('',#572,#8125);
#8123=LINE('',#490,#8126);
#8124=VECTOR('',#8127,1.0);
#8125=VECTOR('',#8128,1.0);
#8126=VECTOR('',#8129,1.0);
#8127=DIRECTION('',(-0.8985653228989117,-0.43883978908432475,2.9696690858450343E-16));
#8128=DIRECTION('',(-0.9999996573039942,-0.0008278839858903663,2.2222835104211653E-16));
#8129=DIRECTION('',(0.9999989019048818,0.0014819544630683419,-2.2237342109220354E-16));
#8130=FACE_SURFACE('',(#8135),#8131,.T.);
#8131=PLANE('',#8132);
#8132=AXIS2_PLACEMENT_3D('',#490,#8133,#8134);
#8133=DIRECTION('',(-2.220446051116748E-16,-2.2204447898102278E-16,-1));
#8134=DIRECTION('',(0.9973148270258023,0.07323343358394388,-2.377094565431007E-16));
#8135=FACE_BOUND('',#8136,.T.);
#8136=EDGE_LOOP('',(#8137,#8138,#8139));
#8137=ORIENTED_EDGE('',*,*,#8140,.T.);
#8138=ORIENTED_EDGE('',*,*,#8141,.T.);
#8139=ORIENTED_EDGE('',*,*,#8142,.T.);
#8140=EDGE_CURVE('',#491,#65,#8143,.F.);
#8141=EDGE_CURVE('',#65,#623,#8144,.T.);
#8142=EDGE_CURVE('',#623,#491,#8145,.T.);
#8143=LINE('',#490,#8146);
#8144=LINE('',#64,#8147);
#8145=LINE('',#622,#8148);
#8146=VECTOR('',#8149,1.0);
#8147=VECTOR('',#8150,1.0);
#8148=VECTOR('',#8151,1.0);
#8149=DIRECTION('',(0.9973148270258023,0.07323343358394388,-2.377094565431007E-16));
#8150=DIRECTION('',(-0.7650467671252094,-0.6439747231928173,3.1286553918657807E-16));
#8151=DIRECTION('',(-0.9999989019048818,-0.0014819544630683419,2.2237342109220354E-16));
#8152=FACE_SURFACE('',(#8157),#8153,.T.);
#8153=PLANE('',#8154);
#8154=AXIS2_PLACEMENT_3D('',#448,#8155,#8156);
#8155=DIRECTION('',(-0.6637181547720364,0.7479827611823704,0));
#8156=DIRECTION('',(0,0,1));
#8157=FACE_BOUND('',#8158,.T.);
#8158=EDGE_LOOP('',(#8159,#8160,#8161));
#8159=ORIENTED_EDGE('',*,*,#8162,.T.);
#8160=ORIENTED_EDGE('',*,*,#8163,.T.);
#8161=ORIENTED_EDGE('',*,*,#8164,.T.);
#8162=EDGE_CURVE('',#449,#335,#8165,.F.);
#8163=EDGE_CURVE('',#335,#545,#8166,.T.);
#8164=EDGE_CURVE('',#545,#449,#8167,.T.);
#8165=LINE('',#448,#8168);
#8166=LINE('',#334,#8169);
#8167=LINE('',#544,#8170);
#8168=VECTOR('',#8171,1.0);
#8169=VECTOR('',#8172,1.0);
#8170=VECTOR('',#8173,1.0);
#8171=DIRECTION('',(0,0,1));
#8172=DIRECTION('',(0.7479827611823705,0.6637181547720366,0));
#8173=DIRECTION('',(-0.02365454443121581,-0.020989722486440838,-0.999499821949806));
#8174=FACE_SURFACE('',(#8179),#8175,.T.);
#8175=PLANE('',#8176);
#8176=AXIS2_PLACEMENT_3D('',#682,#8177,#8178);
#8177=DIRECTION('',(-0.5571176804602537,0.8304335555109672,0));
#8178=DIRECTION('',(0.8304335555109672,0.5571176804602537,0));
#8179=FACE_BOUND('',#8180,.T.);
#8180=EDGE_LOOP('',(#8181,#8182,#8183));
#8181=ORIENTED_EDGE('',*,*,#8184,.T.);
#8182=ORIENTED_EDGE('',*,*,#8185,.T.);
#8183=ORIENTED_EDGE('',*,*,#8186,.T.);
#8184=EDGE_CURVE('',#683,#335,#8187,.F.);
#8185=EDGE_CURVE('',#335,#449,#8188,.T.);
#8186=EDGE_CURVE('',#449,#683,#8189,.T.);
#8187=LINE('',#682,#8190);
#8188=LINE('',#334,#8191);
#8189=LINE('',#448,#8192);
#8190=VECTOR('',#8193,1.0);
#8191=VECTOR('',#8194,1.0);
#8192=VECTOR('',#8195,1.0);
#8193=DIRECTION('',(0.8304335555109672,0.5571176804602537,0));
#8194=DIRECTION('',(0,0,-1));
#8195=DIRECTION('',(-0.026320261058918226,-0.017657623169177447,0.9994975998979716));
#8196=FACE_SURFACE('',(#8201),#8197,.T.);
#8197=PLANE('',#8198);
#8198=AXIS2_PLACEMENT_3D('',#292,#8199,#8200);
#8199=DIRECTION('',(0.19002128047862832,0.9817799717682484,-0));
#8200=DIRECTION('',(0,0,1));
#8201=FACE_BOUND('',#8202,.T.);
#8202=EDGE_LOOP('',(#8203,#8204,#8205));
#8203=ORIENTED_EDGE('',*,*,#8206,.T.);
#8204=ORIENTED_EDGE('',*,*,#8207,.T.);
#8205=ORIENTED_EDGE('',*,*,#8208,.T.);
#8206=EDGE_CURVE('',#293,#171,#8209,.F.);
#8207=EDGE_CURVE('',#171,#127,#8210,.T.);
#8208=EDGE_CURVE('',#127,#293,#8211,.T.);
#8209=LINE('',#292,#8212);
#8210=LINE('',#170,#8213);
#8211=LINE('',#126,#8214);
#8212=VECTOR('',#8215,1.0);
#8213=VECTOR('',#8216,1.0);
#8214=VECTOR('',#8217,1.0);
#8215=DIRECTION('',(0,0,1));
#8216=DIRECTION('',(0.9817799717682484,-0.19002128047862832,0));
#8217=DIRECTION('',(-0.03098406034029313,0.0059968944056636095,-0.9995018885736617));
#8218=FACE_SURFACE('',(#8223),#8219,.T.);
#8219=PLANE('',#8220);
#8220=AXIS2_PLACEMENT_3D('',#202,#8221,#8222);
#8221=DIRECTION('',(0.3256677024511265,0.9454842926142161,0));
#8222=DIRECTION('',(0.9454842926142162,-0.3256677024511265,0));
#8223=FACE_BOUND('',#8224,.T.);
#8224=EDGE_LOOP('',(#8225,#8226,#8227));
#8225=ORIENTED_EDGE('',*,*,#8228,.T.);
#8226=ORIENTED_EDGE('',*,*,#8229,.T.);
#8227=ORIENTED_EDGE('',*,*,#8230,.T.);
#8228=EDGE_CURVE('',#203,#171,#8231,.F.);
#8229=EDGE_CURVE('',#171,#293,#8232,.T.);
#8230=EDGE_CURVE('',#293,#203,#8233,.T.);
#8231=LINE('',#202,#8234);
#8232=LINE('',#170,#8235);
#8233=LINE('',#292,#8236);
#8234=VECTOR('',#8237,1.0);
#8235=VECTOR('',#8238,1.0);
#8236=VECTOR('',#8239,1.0);
#8237=DIRECTION('',(0.9454842926142162,-0.3256677024511265,0));
#8238=DIRECTION('',(0,0,-1));
#8239=DIRECTION('',(-0.029984960503960847,0.010328181305278591,0.9994969888971658));
#8240=FACE_SURFACE('',(#8245),#8241,.T.);
#8241=PLANE('',#8242);
#8242=AXIS2_PLACEMENT_3D('',#416,#8243,#8244);
#8243=DIRECTION('',(0.998013636119618,-0.06299827076435198,0));
#8244=DIRECTION('',(0,0,-1));
#8245=FACE_BOUND('',#8246,.T.);
#8246=EDGE_LOOP('',(#8247,#8248,#8249));
#8247=ORIENTED_EDGE('',*,*,#8250,.T.);
#8248=ORIENTED_EDGE('',*,*,#8251,.T.);
#8249=ORIENTED_EDGE('',*,*,#8252,.T.);
#8250=EDGE_CURVE('',#417,#261,#8253,.F.);
#8251=EDGE_CURVE('',#261,#527,#8254,.T.);
#8252=EDGE_CURVE('',#527,#417,#8255,.T.);
#8253=LINE('',#416,#8256);
#8254=LINE('',#260,#8257);
#8255=LINE('',#526,#8258);
#8256=VECTOR('',#8259,1.0);
#8257=VECTOR('',#8260,1.0);
#8258=VECTOR('',#8261,1.0);
#8259=DIRECTION('',(0,0,-1));
#8260=DIRECTION('',(0.001997895920446194,0.03165050957686501,0.9994970003233706));
#8261=DIRECTION('',(-0.06299827076435198,-0.998013636119618,0));
#8262=FACE_SURFACE('',(#8267),#8263,.T.);
#8263=PLANE('',#8264);
#8264=AXIS2_PLACEMENT_3D('',#632,#8265,#8266);
#8265=DIRECTION('',(0,0,1));
#8266=DIRECTION('',(-0.9980117459324571,-0.06302820781879141,0));
#8267=FACE_BOUND('',#8268,.T.);
#8268=EDGE_LOOP('',(#8269,#8270,#8271));
#8269=ORIENTED_EDGE('',*,*,#8272,.T.);
#8270=ORIENTED_EDGE('',*,*,#8273,.T.);
#8271=ORIENTED_EDGE('',*,*,#8274,.T.);
#8272=EDGE_CURVE('',#633,#201,#8275,.F.);
#8273=EDGE_CURVE('',#201,#551,#8276,.T.);
#8274=EDGE_CURVE('',#551,#633,#8277,.T.);
#8275=LINE('',#632,#8278);
#8276=LINE('',#200,#8279);
#8277=LINE('',#550,#8280);
#8278=VECTOR('',#8281,1.0);
#8279=VECTOR('',#8282,1.0);
#8280=VECTOR('',#8283,1.0);
#8281=DIRECTION('',(-0.9980117459324571,-0.06302820781879141,0));
#8282=DIRECTION('',(0.6845965058366491,-0.7289222346699618,0));
#8283=DIRECTION('',(-0.6785780867683942,0.7345282704959325,0));
#8284=FACE_SURFACE('',(#8289),#8285,.T.);
#8285=PLANE('',#8286);
#8286=AXIS2_PLACEMENT_3D('',#164,#8287,#8288);
#8287=DIRECTION('',(0.5571176804602537,0.8304335555109672,0));
#8288=DIRECTION('',(0.8304335555109672,-0.5571176804602537,0));
#8289=FACE_BOUND('',#8290,.T.);
#8290=EDGE_LOOP('',(#8291,#8292,#8293));
#8291=ORIENTED_EDGE('',*,*,#8294,.T.);
#8292=ORIENTED_EDGE('',*,*,#8295,.T.);
#8293=ORIENTED_EDGE('',*,*,#8296,.T.);
#8294=EDGE_CURVE('',#165,#199,#8297,.F.);
#8295=EDGE_CURVE('',#199,#685,#8298,.T.);
#8296=EDGE_CURVE('',#685,#165,#8299,.T.);
#8297=LINE('',#164,#8300);
#8298=LINE('',#198,#8301);
#8299=LINE('',#684,#8302);
#8300=VECTOR('',#8303,1.0);
#8301=VECTOR('',#8304,1.0);
#8302=VECTOR('',#8305,1.0);
#8303=DIRECTION('',(0.8304335555109672,-0.5571176804602537,0));
#8304=DIRECTION('',(0,0,-1));
#8305=DIRECTION('',(-0.026320261058918173,0.017657623169177412,0.9994975998979716));
#8306=FACE_SURFACE('',(#8311),#8307,.T.);
#8307=PLANE('',#8308);
#8308=AXIS2_PLACEMENT_3D('',#274,#8309,#8310);
#8309=DIRECTION('',(0.9817769422679222,-0.1900369322817254,0));
#8310=DIRECTION('',(0.1900369322817254,0.9817769422679222,-2.6019047788599823E-16));
#8311=FACE_BOUND('',#8312,.T.);
#8312=EDGE_LOOP('',(#8313,#8314,#8315));
#8313=ORIENTED_EDGE('',*,*,#8316,.T.);
#8314=ORIENTED_EDGE('',*,*,#8317,.T.);
#8315=ORIENTED_EDGE('',*,*,#8318,.T.);
#8316=EDGE_CURVE('',#275,#273,#8319,.F.);
#8317=EDGE_CURVE('',#273,#527,#8320,.T.);
#8318=EDGE_CURVE('',#527,#275,#8321,.T.);
#8319=LINE('',#274,#8322);
#8320=LINE('',#272,#8323);
#8321=LINE('',#526,#8324);
#8322=VECTOR('',#8325,1.0);
#8323=VECTOR('',#8326,1.0);
#8324=VECTOR('',#8327,1.0);
#8325=DIRECTION('',(0.1900369322817254,0.9817769422679222,-2.6019047788599823E-16));
#8326=DIRECTION('',(-0.005997529730905235,-0.030984695078322563,0.9995018650848183));
#8327=DIRECTION('',(0,0,-1));
#8328=FACE_SURFACE('',(#8333),#8329,.T.);
#8329=PLANE('',#8330);
#8330=AXIS2_PLACEMENT_3D('',#442,#8331,#8332);
#8331=DIRECTION('',(0.9817769422679222,-0.1900369322817254,0));
#8332=DIRECTION('',(-0.1900369322817254,-0.9817769422679222,0));
#8333=FACE_BOUND('',#8334,.T.);
#8334=EDGE_LOOP('',(#8335,#8336,#8337));
#8335=ORIENTED_EDGE('',*,*,#8338,.T.);
#8336=ORIENTED_EDGE('',*,*,#8339,.T.);
#8337=ORIENTED_EDGE('',*,*,#8340,.T.);
#8338=EDGE_CURVE('',#443,#527,#8341,.F.);
#8339=EDGE_CURVE('',#527,#273,#8342,.T.);
#8340=EDGE_CURVE('',#273,#443,#8343,.T.);
#8341=LINE('',#442,#8344);
#8342=LINE('',#526,#8345);
#8343=LINE('',#272,#8346);
#8344=VECTOR('',#8347,1.0);
#8345=VECTOR('',#8348,1.0);
#8346=VECTOR('',#8349,1.0);
#8347=DIRECTION('',(-0.1900369322817254,-0.9817769422679222,0));
#8348=DIRECTION('',(0.005997529730905235,0.030984695078322563,-0.9995018650848183));
#8349=DIRECTION('',(0,0,1));
#8350=FACE_SURFACE('',(#8355),#8351,.T.);
#8351=PLANE('',#8352);
#8352=AXIS2_PLACEMENT_3D('',#132,#8353,#8354);
#8353=DIRECTION('',(0,-0,1));
#8354=DIRECTION('',(0,1,0));
#8355=FACE_BOUND('',#8356,.T.);
#8356=EDGE_LOOP('',(#8357,#8358,#8359));
#8357=ORIENTED_EDGE('',*,*,#8360,.T.);
#8358=ORIENTED_EDGE('',*,*,#8361,.T.);
#8359=ORIENTED_EDGE('',*,*,#8362,.T.);
#8360=EDGE_CURVE('',#133,#551,#8363,.F.);
#8361=EDGE_CURVE('',#551,#201,#8364,.T.);
#8362=EDGE_CURVE('',#201,#133,#8365,.T.);
#8363=LINE('',#132,#8366);
#8364=LINE('',#550,#8367);
#8365=LINE('',#200,#8368);
#8366=VECTOR('',#8369,1.0);
#8367=VECTOR('',#8370,1.0);
#8368=VECTOR('',#8371,1.0);
#8369=DIRECTION('',(0,1,0));
#8370=DIRECTION('',(-0.6845965058366491,0.7289222346699618,0));
#8371=DIRECTION('',(0.2999471023668439,-0.9539558353413087,0));
#8372=FACE_SURFACE('',(#8377),#8373,.T.);
#8373=PLANE('',#8374);
#8374=AXIS2_PLACEMENT_3D('',#646,#8375,#8376);
#8375=DIRECTION('',(-2.220446294445099E-16,-2.2204582411024067E-16,-1));
#8376=DIRECTION('',(0.9960753570570029,-0.08850922586806563,-2.0152007955729605E-16));
#8377=FACE_BOUND('',#8378,.T.);
#8378=EDGE_LOOP('',(#8379,#8380,#8381));
#8379=ORIENTED_EDGE('',*,*,#8382,.T.);
#8380=ORIENTED_EDGE('',*,*,#8383,.T.);
#8381=ORIENTED_EDGE('',*,*,#8384,.T.);
#8382=EDGE_CURVE('',#647,#389,#8385,.F.);
#8383=EDGE_CURVE('',#389,#375,#8386,.T.);
#8384=EDGE_CURVE('',#375,#647,#8387,.T.);
#8385=LINE('',#646,#8388);
#8386=LINE('',#388,#8389);
#8387=LINE('',#374,#8390);
#8388=VECTOR('',#8391,1.0);
#8389=VECTOR('',#8392,1.0);
#8390=VECTOR('',#8393,1.0);
#8391=DIRECTION('',(0.9960753570570029,-0.08850922586806563,-2.0152007955729605E-16));
#8392=DIRECTION('',(-0.9974716049403309,0.0710661476214962,2.0570327158544123E-16));
#8393=DIRECTION('',(0.43883585982299034,0.8985672418541735,-2.969642496173347E-16));
#8394=FACE_SURFACE('',(#8399),#8395,.T.);
#8395=PLANE('',#8396);
#8396=AXIS2_PLACEMENT_3D('',#686,#8397,#8398);
#8397=DIRECTION('',(-2.2204396087923112E-16,-2.2204017566888039E-16,-1));
#8398=DIRECTION('',(0.9921184591233874,-0.12530348385673637,-1.9247150475768402E-16));
#8399=FACE_BOUND('',#8400,.T.);
#8400=EDGE_LOOP('',(#8401,#8402,#8403));
#8401=ORIENTED_EDGE('',*,*,#8404,.T.);
#8402=ORIENTED_EDGE('',*,*,#8405,.T.);
#8403=ORIENTED_EDGE('',*,*,#8406,.T.);
#8404=EDGE_CURVE('',#687,#389,#8407,.F.);
#8405=EDGE_CURVE('',#389,#645,#8408,.T.);
#8406=EDGE_CURVE('',#645,#687,#8409,.T.);
#8407=LINE('',#686,#8410);
#8408=LINE('',#388,#8411);
#8409=LINE('',#644,#8412);
#8410=VECTOR('',#8413,1.0);
#8411=VECTOR('',#8414,1.0);
#8412=VECTOR('',#8415,1.0);
#8413=DIRECTION('',(0.9921184591233874,-0.12530348385673637,-1.9247150475768402E-16));
#8414=DIRECTION('',(-0.9942896796485327,0.10671472693315795,1.9708106201580703E-16));
#8415=DIRECTION('',(0.1900369322817254,0.9817769422679222,-2.6019047788599823E-16));
#8416=FACE_SURFACE('',(#8421),#8417,.T.);
#8417=PLANE('',#8418);
#8418=AXIS2_PLACEMENT_3D('',#686,#8419,#8420);
#8419=DIRECTION('',(-2.220446605352576E-16,-2.220457153525154E-16,-1));
#8420=DIRECTION('',(0.07348520185537083,0.9972963075777806,-2.3776236873487123E-16));
#8421=FACE_BOUND('',#8422,.T.);
#8422=EDGE_LOOP('',(#8423,#8424,#8425));
#8423=ORIENTED_EDGE('',*,*,#8426,.T.);
#8424=ORIENTED_EDGE('',*,*,#8427,.T.);
#8425=ORIENTED_EDGE('',*,*,#8428,.T.);
#8426=EDGE_CURVE('',#687,#689,#8429,.F.);
#8427=EDGE_CURVE('',#689,#389,#8430,.T.);
#8428=EDGE_CURVE('',#389,#687,#8431,.T.);
#8429=LINE('',#686,#8432);
#8430=LINE('',#688,#8433);
#8431=LINE('',#388,#8434);
#8432=VECTOR('',#8435,1.0);
#8433=VECTOR('',#8436,1.0);
#8434=VECTOR('',#8437,1.0);
#8435=DIRECTION('',(0.07348520185537083,0.9972963075777806,-2.3776236873487123E-16));
#8436=DIRECTION('',(0.9895818498686281,-0.1439713944177251,-1.877631346621489E-16));
#8437=DIRECTION('',(-0.9921184591233874,0.12530348385673637,1.9247150475768402E-16));
#8438=FACE_SURFACE('',(#8443),#8439,.T.);
#8439=PLANE('',#8440);
#8440=AXIS2_PLACEMENT_3D('',#688,#8441,#8442);
#8441=DIRECTION('',(-2.2204433392991103E-16,-2.2204347044320984E-16,-1));
#8442=DIRECTION('',(-0.07348446814677068,0.9972963616404034,-2.0512633541517817E-16));
#8443=FACE_BOUND('',#8444,.T.);
#8444=EDGE_LOOP('',(#8445,#8446,#8447));
#8445=ORIENTED_EDGE('',*,*,#8448,.T.);
#8446=ORIENTED_EDGE('',*,*,#8449,.T.);
#8447=ORIENTED_EDGE('',*,*,#8450,.T.);
#8448=EDGE_CURVE('',#689,#691,#8451,.F.);
#8449=EDGE_CURVE('',#691,#389,#8452,.T.);
#8450=EDGE_CURVE('',#389,#689,#8453,.T.);
#8451=LINE('',#688,#8454);
#8452=LINE('',#690,#8455);
#8453=LINE('',#388,#8456);
#8454=VECTOR('',#8457,1.0);
#8455=VECTOR('',#8458,1.0);
#8456=VECTOR('',#8459,1.0);
#8457=DIRECTION('',(-0.07348446814677068,0.9972963616404034,-2.0512633541517817E-16));
#8458=DIRECTION('',(0.9867749944611404,-0.16209599102450511,-1.8311543999180303E-16));
#8459=DIRECTION('',(-0.9895818498686281,0.1439713944177251,1.877631346621489E-16));
#8460=FACE_SURFACE('',(#8465),#8461,.T.);
#8461=PLANE('',#8462);
#8462=AXIS2_PLACEMENT_3D('',#690,#8463,#8464);
#8463=DIRECTION('',(-2.2204509698429227E-16,-2.220481156104227E-16,-1));
#8464=DIRECTION('',(-0.1900369322817254,0.9817769422679222,-1.7580495092126178E-16));
#8465=FACE_BOUND('',#8466,.T.);
#8466=EDGE_LOOP('',(#8467,#8468,#8469));
#8467=ORIENTED_EDGE('',*,*,#8470,.T.);
#8468=ORIENTED_EDGE('',*,*,#8471,.T.);
#8469=ORIENTED_EDGE('',*,*,#8472,.T.);
#8470=EDGE_CURVE('',#691,#657,#8473,.F.);
#8471=EDGE_CURVE('',#657,#389,#8474,.T.);
#8472=EDGE_CURVE('',#389,#691,#8475,.T.);
#8473=LINE('',#690,#8476);
#8474=LINE('',#656,#8477);
#8475=LINE('',#388,#8478);
#8476=VECTOR('',#8479,1.0);
#8477=VECTOR('',#8480,1.0);
#8478=VECTOR('',#8481,1.0);
#8479=DIRECTION('',(-0.1900369322817254,0.9817769422679222,-1.7580495092126178E-16));
#8480=DIRECTION('',(0.9838040427769411,-0.17924733028903564,-1.7864733217306532E-16));
#8481=DIRECTION('',(-0.9867749944611404,0.16209599102450511,1.8311543999180303E-16));
#8482=FACE_SURFACE('',(#8487),#8483,.T.);
#8483=PLANE('',#8484);
#8484=AXIS2_PLACEMENT_3D('',#278,#8485,#8486);
#8485=DIRECTION('',(0.9454904622716915,-0.3256497900402563,0));
#8486=DIRECTION('',(0,0,1));
#8487=FACE_BOUND('',#8488,.T.);
#8488=EDGE_LOOP('',(#8489,#8490,#8491));
#8489=ORIENTED_EDGE('',*,*,#8492,.T.);
#8490=ORIENTED_EDGE('',*,*,#8493,.T.);
#8491=ORIENTED_EDGE('',*,*,#8494,.T.);
#8492=EDGE_CURVE('',#279,#441,#8495,.F.);
#8493=EDGE_CURVE('',#441,#443,#8496,.T.);
#8494=EDGE_CURVE('',#443,#279,#8497,.T.);
#8495=LINE('',#278,#8498);
#8496=LINE('',#440,#8499);
#8497=LINE('',#442,#8500);
#8498=VECTOR('',#8501,1.0);
#8499=VECTOR('',#8502,1.0);
#8500=VECTOR('',#8503,1.0);
#8501=DIRECTION('',(0,0,1));
#8502=DIRECTION('',(-0.3256497900402563,-0.9454904622716916,0));
#8503=DIRECTION('',(0.010327545909986243,0.029984960700751344,-0.9994969954568406));
#8504=FACE_SURFACE('',(#8509),#8505,.T.);
#8505=PLANE('',#8506);
#8506=AXIS2_PLACEMENT_3D('',#278,#8507,#8508);
#8507=DIRECTION('',(0.9454904622716915,-0.3256497900402563,0));
#8508=DIRECTION('',(-0.010327545909986243,-0.029984960700751344,0.9994969954568406));
#8509=FACE_BOUND('',#8510,.T.);
#8510=EDGE_LOOP('',(#8511,#8512,#8513));
#8511=ORIENTED_EDGE('',*,*,#8514,.T.);
#8512=ORIENTED_EDGE('',*,*,#8515,.T.);
#8513=ORIENTED_EDGE('',*,*,#8516,.T.);
#8514=EDGE_CURVE('',#279,#443,#8517,.F.);
#8515=EDGE_CURVE('',#443,#273,#8518,.T.);
#8516=EDGE_CURVE('',#273,#279,#8519,.T.);
#8517=LINE('',#278,#8520);
#8518=LINE('',#442,#8521);
#8519=LINE('',#272,#8522);
#8520=VECTOR('',#8523,1.0);
#8521=VECTOR('',#8524,1.0);
#8522=VECTOR('',#8525,1.0);
#8523=DIRECTION('',(-0.010327545909986243,-0.029984960700751344,0.9994969954568406));
#8524=DIRECTION('',(0,0,-1));
#8525=DIRECTION('',(0.3256497900402563,0.9454904622716916,-2.822542843523281E-16));
#8526=FACE_SURFACE('',(#8531),#8527,.T.);
#8527=PLANE('',#8528);
#8528=AXIS2_PLACEMENT_3D('',#170,#8529,#8530);
#8529=DIRECTION('',(0,0,1));
#8530=DIRECTION('',(-0.9454842926142162,0.3256677024511265,0));
#8531=FACE_BOUND('',#8532,.T.);
#8532=EDGE_LOOP('',(#8533,#8534,#8535));
#8533=ORIENTED_EDGE('',*,*,#8536,.T.);
#8534=ORIENTED_EDGE('',*,*,#8537,.T.);
#8535=ORIENTED_EDGE('',*,*,#8538,.T.);
#8536=EDGE_CURVE('',#171,#203,#8539,.F.);
#8537=EDGE_CURVE('',#203,#167,#8540,.T.);
#8538=EDGE_CURVE('',#167,#171,#8541,.T.);
#8539=LINE('',#170,#8542);
#8540=LINE('',#202,#8543);
#8541=LINE('',#166,#8544);
#8542=VECTOR('',#8545,1.0);
#8543=VECTOR('',#8546,1.0);
#8544=VECTOR('',#8547,1.0);
#8545=DIRECTION('',(-0.9454842926142162,0.3256677024511265,0));
#8546=DIRECTION('',(-0.02425266357160441,-0.999705860895935,0));
#8547=DIRECTION('',(0.027720387107838744,0.9996157162322887,0));
#8548=FACE_SURFACE('',(#8553),#8549,.T.);
#8549=PLANE('',#8550);
#8550=AXIS2_PLACEMENT_3D('',#440,#8551,#8552);
#8551=DIRECTION('',(0.8985672418541736,-0.43883585982299034,0));
#8552=DIRECTION('',(0,0,-1));
#8553=FACE_BOUND('',#8554,.T.);
#8554=EDGE_LOOP('',(#8555,#8556,#8557));
#8555=ORIENTED_EDGE('',*,*,#8558,.T.);
#8556=ORIENTED_EDGE('',*,*,#8559,.T.);
#8557=ORIENTED_EDGE('',*,*,#8560,.T.);
#8558=EDGE_CURVE('',#441,#279,#8561,.F.);
#8559=EDGE_CURVE('',#279,#327,#8562,.T.);
#8560=EDGE_CURVE('',#327,#441,#8563,.T.);
#8561=LINE('',#440,#8564);
#8562=LINE('',#278,#8565);
#8563=LINE('',#326,#8566);
#8564=VECTOR('',#8567,1.0);
#8565=VECTOR('',#8568,1.0);
#8566=VECTOR('',#8569,1.0);
#8567=DIRECTION('',(0,0,-1));
#8568=DIRECTION('',(0.43883585982299034,0.8985672418541735,-2.9696535589725204E-16));
#8569=DIRECTION('',(-0.013992820065376195,-0.028651919505799935,0.9994915049640247));
#8570=FACE_SURFACE('',(#8575),#8571,.T.);
#8571=PLANE('',#8572);
#8572=AXIS2_PLACEMENT_3D('',#164,#8573,#8574);
#8573=DIRECTION('',(0,0,1));
#8574=DIRECTION('',(-0.024515197246811695,-0.9996994573890444,0));
#8575=FACE_BOUND('',#8576,.T.);
#8576=EDGE_LOOP('',(#8577,#8578,#8579));
#8577=ORIENTED_EDGE('',*,*,#8580,.T.);
#8578=ORIENTED_EDGE('',*,*,#8581,.T.);
#8579=ORIENTED_EDGE('',*,*,#8582,.T.);
#8580=EDGE_CURVE('',#165,#163,#8583,.F.);
#8581=EDGE_CURVE('',#163,#199,#8584,.T.);
#8582=EDGE_CURVE('',#199,#165,#8585,.T.);
#8583=LINE('',#164,#8586);
#8584=LINE('',#162,#8587);
#8585=LINE('',#198,#8588);
#8586=VECTOR('',#8589,1.0);
#8587=VECTOR('',#8590,1.0);
#8588=VECTOR('',#8591,1.0);
#8589=DIRECTION('',(-0.024515197246811695,-0.9996994573890444,0));
#8590=DIRECTION('',(0.027566486470483854,0.9996199722012724,0));
#8591=DIRECTION('',(-0.8304335555109672,0.5571176804602537,0));
#8592=FACE_SURFACE('',(#8597),#8593,.T.);
#8593=PLANE('',#8594);
#8594=AXIS2_PLACEMENT_3D('',#382,#8595,#8596);
#8595=DIRECTION('',(-2.2205133105880495E-16,-2.2205046078457477E-16,-1));
#8596=DIRECTION('',(-0.1900369322817254,0.9817769422679222,-1.758060686547739E-16));
#8597=FACE_BOUND('',#8598,.T.);
#8598=EDGE_LOOP('',(#8599,#8600,#8601));
#8599=ORIENTED_EDGE('',*,*,#8602,.T.);
#8600=ORIENTED_EDGE('',*,*,#8603,.T.);
#8601=ORIENTED_EDGE('',*,*,#8604,.T.);
#8602=EDGE_CURVE('',#383,#693,#8605,.F.);
#8603=EDGE_CURVE('',#693,#75,#8606,.T.);
#8604=EDGE_CURVE('',#75,#383,#8607,.T.);
#8605=LINE('',#382,#8608);
#8606=LINE('',#692,#8609);
#8607=LINE('',#74,#8610);
#8608=VECTOR('',#8611,1.0);
#8609=VECTOR('',#8612,1.0);
#8610=VECTOR('',#8613,1.0);
#8611=DIRECTION('',(-0.1900369322817254,0.9817769422679222,-1.758060686547739E-16));
#8612=DIRECTION('',(0.6473455212735916,-0.7621966780871076,2.5502188923957526E-17));
#8613=DIRECTION('',(-0.6519495322304434,0.758262360548449,-2.3606245140447274E-17));
#8614=FACE_SURFACE('',(#8619),#8615,.T.);
#8615=PLANE('',#8616);
#8616=AXIS2_PLACEMENT_3D('',#694,#8617,#8618);
#8617=DIRECTION('',(-2.2204688173461515E-16,-2.2204666618912384E-16,-1));
#8618=DIRECTION('',(0.07348446814677068,0.9972963616404034,-2.377633293127115E-16));
#8619=FACE_BOUND('',#8620,.T.);
#8620=EDGE_LOOP('',(#8621,#8622,#8623));
#8621=ORIENTED_EDGE('',*,*,#8624,.T.);
#8622=ORIENTED_EDGE('',*,*,#8625,.T.);
#8623=ORIENTED_EDGE('',*,*,#8626,.T.);
#8624=EDGE_CURVE('',#695,#397,#8627,.F.);
#8625=EDGE_CURVE('',#397,#75,#8628,.T.);
#8626=EDGE_CURVE('',#75,#695,#8629,.T.);
#8627=LINE('',#694,#8630);
#8628=LINE('',#396,#8631);
#8629=LINE('',#74,#8632);
#8630=VECTOR('',#8633,1.0);
#8631=VECTOR('',#8634,1.0);
#8632=VECTOR('',#8635,1.0);
#8633=DIRECTION('',(0.07348446814677068,0.9972963616404034,-2.377633293127115E-16));
#8634=DIRECTION('',(0.657581879791929,-0.7533830840743062,2.127219628899575E-17));
#8635=DIRECTION('',(-0.664330989506489,0.7474385167900629,-1.845360617498973E-17));
#8636=FACE_SURFACE('',(#8641),#8637,.T.);
#8637=PLANE('',#8638);
#8638=AXIS2_PLACEMENT_3D('',#696,#8639,#8640);
#8639=DIRECTION('',(-2.220482124513485E-16,-2.2204806813630623E-16,-1));
#8640=DIRECTION('',(0.3256497900402563,0.9454904622716916,-2.822542843523281E-16));
#8641=FACE_BOUND('',#8642,.T.);
#8642=EDGE_LOOP('',(#8643,#8644,#8645));
#8643=ORIENTED_EDGE('',*,*,#8646,.T.);
#8644=ORIENTED_EDGE('',*,*,#8647,.T.);
#8645=ORIENTED_EDGE('',*,*,#8648,.T.);
#8646=EDGE_CURVE('',#697,#699,#8649,.F.);
#8647=EDGE_CURVE('',#699,#75,#8650,.T.);
#8648=EDGE_CURVE('',#75,#697,#8651,.T.);
#8649=LINE('',#696,#8652);
#8650=LINE('',#698,#8653);
#8651=LINE('',#74,#8654);
#8652=VECTOR('',#8655,1.0);
#8653=VECTOR('',#8656,1.0);
#8654=VECTOR('',#8657,1.0);
#8655=DIRECTION('',(0.3256497900402563,0.9454904622716916,-2.822542843523281E-16));
#8656=DIRECTION('',(0.6718203120059988,-0.7407141610474058,1.5297649132342005E-17));
#8657=DIRECTION('',(-0.6800949421134094,0.7331240479698905,-1.1774912362496986E-17));
#8658=FACE_SURFACE('',(#8663),#8659,.T.);
#8659=PLANE('',#8660);
#8660=AXIS2_PLACEMENT_3D('',#112,#8661,#8662);
#8661=DIRECTION('',(0,0,1));
#8662=DIRECTION('',(-0.024709915255669842,-0.9996946634288179,0));
#8663=FACE_BOUND('',#8664,.T.);
#8664=EDGE_LOOP('',(#8665,#8666,#8667));
#8665=ORIENTED_EDGE('',*,*,#8668,.T.);
#8666=ORIENTED_EDGE('',*,*,#8669,.T.);
#8667=ORIENTED_EDGE('',*,*,#8670,.T.);
#8668=EDGE_CURVE('',#113,#111,#8671,.F.);
#8669=EDGE_CURVE('',#111,#165,#8672,.T.);
#8670=EDGE_CURVE('',#165,#113,#8673,.T.);
#8671=LINE('',#112,#8674);
#8672=LINE('',#110,#8675);
#8673=LINE('',#164,#8676);
#8674=VECTOR('',#8677,1.0);
#8675=VECTOR('',#8678,1.0);
#8676=VECTOR('',#8679,1.0);
#8677=DIRECTION('',(-0.024709915255669842,-0.9996946634288179,0));
#8678=DIRECTION('',(0.02745594292245635,0.9996230145401009,0));
#8679=DIRECTION('',(-0.7479966006479392,0.6637025579422815,0));
#8680=FACE_SURFACE('',(#8685),#8681,.T.);
#8681=PLANE('',#8682);
#8682=AXIS2_PLACEMENT_3D('',#448,#8683,#8684);
#8683=DIRECTION('',(-2.2204460817945267E-16,-2.2204462945498967E-16,-1));
#8684=DIRECTION('',(0.979771424995676,0.20011985099420376,-2.6198850032918457E-16));
#8685=FACE_BOUND('',#8686,.T.);
#8686=EDGE_LOOP('',(#8687,#8688,#8689));
#8687=ORIENTED_EDGE('',*,*,#8690,.T.);
#8688=ORIENTED_EDGE('',*,*,#8691,.T.);
#8689=ORIENTED_EDGE('',*,*,#8692,.T.);
#8690=EDGE_CURVE('',#449,#479,#8693,.F.);
#8691=EDGE_CURVE('',#479,#107,#8694,.T.);
#8692=EDGE_CURVE('',#107,#449,#8695,.T.);
#8693=LINE('',#448,#8696);
#8694=LINE('',#478,#8697);
#8695=LINE('',#106,#8698);
#8696=VECTOR('',#8699,1.0);
#8697=VECTOR('',#8700,1.0);
#8698=VECTOR('',#8701,1.0);
#8699=DIRECTION('',(0.979771424995676,0.20011985099420376,-2.6198850032918457E-16));
#8700=DIRECTION('',(0.9584391998445779,-0.2852968632867966,-1.4946762030012982E-16));
#8701=DIRECTION('',(-0.9999995243480694,-0.0009753479557880311,2.222610733389387E-16));
#8702=FACE_SURFACE('',(#8707),#8703,.T.);
#8703=PLANE('',#8704);
#8704=AXIS2_PLACEMENT_3D('',#328,#8705,#8706);
#8705=DIRECTION('',(0.8304242795769873,-0.5571315068177727,0));
#8706=DIRECTION('',(0,0,1));
#8707=FACE_BOUND('',#8708,.T.);
#8708=EDGE_LOOP('',(#8709,#8710,#8711));
#8709=ORIENTED_EDGE('',*,*,#8712,.T.);
#8710=ORIENTED_EDGE('',*,*,#8713,.T.);
#8711=ORIENTED_EDGE('',*,*,#8714,.T.);
#8712=EDGE_CURVE('',#329,#459,#8715,.F.);
#8713=EDGE_CURVE('',#459,#327,#8716,.T.);
#8714=EDGE_CURVE('',#327,#329,#8717,.T.);
#8715=LINE('',#328,#8718);
#8716=LINE('',#458,#8719);
#8717=LINE('',#326,#8720);
#8718=VECTOR('',#8721,1.0);
#8719=VECTOR('',#8722,1.0);
#8720=VECTOR('',#8723,1.0);
#8721=DIRECTION('',(0,0,1));
#8722=DIRECTION('',(-0.01765825843449469,-0.026320260763579083,-0.9994975886826329));
#8723=DIRECTION('',(0.5571315068177726,0.8304242795769873,-3.0809482455011525E-16));
#8724=FACE_SURFACE('',(#8729),#8725,.T.);
#8725=PLANE('',#8726);
#8726=AXIS2_PLACEMENT_3D('',#700,#8727,#8728);
#8727=DIRECTION('',(0.8985672418541736,0.43883585982299034,-0));
#8728=DIRECTION('',(0,0,1));
#8729=FACE_BOUND('',#8730,.T.);
#8730=EDGE_LOOP('',(#8731,#8732,#8733));
#8731=ORIENTED_EDGE('',*,*,#8734,.T.);
#8732=ORIENTED_EDGE('',*,*,#8735,.T.);
#8733=ORIENTED_EDGE('',*,*,#8736,.T.);
#8734=EDGE_CURVE('',#701,#703,#8737,.F.);
#8735=EDGE_CURVE('',#703,#705,#8738,.T.);
#8736=EDGE_CURVE('',#705,#701,#8739,.T.);
#8737=LINE('',#700,#8740);
#8738=LINE('',#702,#8741);
#8739=LINE('',#704,#8742);
#8740=VECTOR('',#8743,1.0);
#8741=VECTOR('',#8744,1.0);
#8742=VECTOR('',#8745,1.0);
#8743=DIRECTION('',(0,0,1));
#8744=DIRECTION('',(0.43883585982299034,-0.8985672418541735,0));
#8745=DIRECTION('',(-0.013992820065376234,0.028651919505800014,-0.9994915049640247));
#8746=FACE_SURFACE('',(#8751),#8747,.T.);
#8747=PLANE('',#8748);
#8748=AXIS2_PLACEMENT_3D('',#458,#8749,#8750);
#8749=DIRECTION('',(0.747992174898728,-0.6637075457536027,0));
#8750=DIRECTION('',(0,0,-1));
#8751=FACE_BOUND('',#8752,.T.);
#8752=EDGE_LOOP('',(#8753,#8754,#8755));
#8753=ORIENTED_EDGE('',*,*,#8756,.T.);
#8754=ORIENTED_EDGE('',*,*,#8757,.T.);
#8755=ORIENTED_EDGE('',*,*,#8758,.T.);
#8756=EDGE_CURVE('',#459,#329,#8759,.F.);
#8757=EDGE_CURVE('',#329,#367,#8760,.T.);
#8758=EDGE_CURVE('',#367,#459,#8761,.T.);
#8759=LINE('',#458,#8762);
#8760=LINE('',#328,#8763);
#8761=LINE('',#366,#8764);
#8762=VECTOR('',#8765,1.0);
#8763=VECTOR('',#8766,1.0);
#8764=VECTOR('',#8767,1.0);
#8765=DIRECTION('',(0,0,-1));
#8766=DIRECTION('',(0.6637075457536028,0.747992174898728,-3.1345807585371624E-16));
#8767=DIRECTION('',(-0.020989404736230396,-0.023654862143621204,0.9994998211034282));
#8768=FACE_SURFACE('',(#8773),#8769,.T.);
#8769=PLANE('',#8770);
#8770=AXIS2_PLACEMENT_3D('',#706,#8771,#8772);
#8771=DIRECTION('',(-2.2203168401781073E-16,-2.2205576566032995E-16,-1));
#8772=DIRECTION('',(0.6566714294170841,0.7541767921298849,-3.1327116833951125E-16));
#8773=FACE_BOUND('',#8774,.T.);
#8774=EDGE_LOOP('',(#8775,#8776,#8777));
#8775=ORIENTED_EDGE('',*,*,#8778,.T.);
#8776=ORIENTED_EDGE('',*,*,#8779,.T.);
#8777=ORIENTED_EDGE('',*,*,#8780,.T.);
#8778=EDGE_CURVE('',#707,#211,#8781,.F.);
#8779=EDGE_CURVE('',#211,#455,#8782,.T.);
#8780=EDGE_CURVE('',#455,#707,#8783,.T.);
#8781=LINE('',#706,#8784);
#8782=LINE('',#210,#8785);
#8783=LINE('',#454,#8786);
#8784=VECTOR('',#8787,1.0);
#8785=VECTOR('',#8788,1.0);
#8786=VECTOR('',#8789,1.0);
#8787=DIRECTION('',(0.6566714294170841,0.7541767921298849,-3.1327116833951125E-16));
#8788=DIRECTION('',(-0.6506954574372221,-0.7593388055871794,3.130905680677877E-16));
#8789=DIRECTION('',(-0.1900369322817254,0.9817769422679222,-1.758150105228709E-16));
#8790=FACE_SURFACE('',(#8795),#8791,.T.);
#8791=PLANE('',#8792);
#8792=AXIS2_PLACEMENT_3D('',#708,#8793,#8794);
#8793=DIRECTION('',(-0.5571176804602537,-0.8304335555109672,0));
#8794=DIRECTION('',(0.026320261058918226,-0.017657623169177447,-0.9994975998979716));
#8795=FACE_BOUND('',#8796,.T.);
#8796=EDGE_LOOP('',(#8797,#8798,#8799));
#8797=ORIENTED_EDGE('',*,*,#8800,.T.);
#8798=ORIENTED_EDGE('',*,*,#8801,.T.);
#8799=ORIENTED_EDGE('',*,*,#8802,.T.);
#8800=EDGE_CURVE('',#709,#711,#8803,.F.);
#8801=EDGE_CURVE('',#711,#713,#8804,.T.);
#8802=EDGE_CURVE('',#713,#709,#8805,.T.);
#8803=LINE('',#708,#8806);
#8804=LINE('',#710,#8807);
#8805=LINE('',#712,#8808);
#8806=VECTOR('',#8809,1.0);
#8807=VECTOR('',#8810,1.0);
#8808=VECTOR('',#8811,1.0);
#8809=DIRECTION('',(0.026320261058918226,-0.017657623169177447,-0.9994975998979716));
#8810=DIRECTION('',(0,0,1));
#8811=DIRECTION('',(-0.8304335555109672,0.5571176804602537,0));
#8812=FACE_SURFACE('',(#8817),#8813,.T.);
#8813=PLANE('',#8814);
#8814=AXIS2_PLACEMENT_3D('',#200,#8815,#8816);
#8815=DIRECTION('',(-0.06302820781879141,0.9980117459324571,0));
#8816=DIRECTION('',(0.031650509516576004,0.0019988491112572495,-0.9994969984194908));
#8817=FACE_BOUND('',#8818,.T.);
#8818=EDGE_LOOP('',(#8819,#8820,#8821));
#8819=ORIENTED_EDGE('',*,*,#8822,.T.);
#8820=ORIENTED_EDGE('',*,*,#8823,.T.);
#8821=ORIENTED_EDGE('',*,*,#8824,.T.);
#8822=EDGE_CURVE('',#201,#603,#8825,.F.);
#8823=EDGE_CURVE('',#603,#209,#8826,.T.);
#8824=EDGE_CURVE('',#209,#201,#8827,.T.);
#8825=LINE('',#200,#8828);
#8826=LINE('',#602,#8829);
#8827=LINE('',#208,#8830);
#8828=VECTOR('',#8831,1.0);
#8829=VECTOR('',#8832,1.0);
#8830=VECTOR('',#8833,1.0);
#8831=DIRECTION('',(0.031650509516576004,0.0019988491112572495,-0.9994969984194908));
#8832=DIRECTION('',(-0.9980117459324571,-0.06302820781879141,2.3560487119516404E-16));
#8833=DIRECTION('',(0,0,1));
#8834=FACE_SURFACE('',(#8839),#8835,.T.);
#8835=PLANE('',#8836);
#8836=AXIS2_PLACEMENT_3D('',#714,#8837,#8838);
#8837=DIRECTION('',(0.9454781226979149,0.32568561451133615,0));
#8838=DIRECTION('',(0.3256856145113362,-0.9454781226979149,0));
#8839=FACE_BOUND('',#8840,.T.);
#8840=EDGE_LOOP('',(#8841,#8842,#8843));
#8841=ORIENTED_EDGE('',*,*,#8844,.T.);
#8842=ORIENTED_EDGE('',*,*,#8845,.T.);
#8843=ORIENTED_EDGE('',*,*,#8846,.T.);
#8844=EDGE_CURVE('',#715,#703,#8847,.F.);
#8845=EDGE_CURVE('',#703,#701,#8848,.T.);
#8846=EDGE_CURVE('',#701,#715,#8849,.T.);
#8847=LINE('',#714,#8850);
#8848=LINE('',#702,#8851);
#8849=LINE('',#700,#8852);
#8850=VECTOR('',#8853,1.0);
#8851=VECTOR('',#8854,1.0);
#8852=VECTOR('',#8855,1.0);
#8853=DIRECTION('',(0.3256856145113362,-0.9454781226979149,0));
#8854=DIRECTION('',(0,0,-1));
#8855=DIRECTION('',(-0.010328816700558406,0.029984960307158172,0.9994969823370876));
#8856=FACE_SURFACE('',(#8861),#8857,.T.);
#8857=PLANE('',#8858);
#8858=AXIS2_PLACEMENT_3D('',#712,#8859,#8860);
#8859=DIRECTION('',(-0.6637125336103797,-0.7479877490497359,-0));
#8860=DIRECTION('',(0,0,-1));
#8861=FACE_BOUND('',#8862,.T.);
#8862=EDGE_LOOP('',(#8863,#8864,#8865));
#8863=ORIENTED_EDGE('',*,*,#8866,.T.);
#8864=ORIENTED_EDGE('',*,*,#8867,.T.);
#8865=ORIENTED_EDGE('',*,*,#8868,.T.);
#8866=EDGE_CURVE('',#713,#711,#8869,.F.);
#8867=EDGE_CURVE('',#711,#717,#8870,.T.);
#8868=EDGE_CURVE('',#717,#713,#8871,.T.);
#8869=LINE('',#712,#8872);
#8870=LINE('',#710,#8873);
#8871=LINE('',#716,#8874);
#8872=VECTOR('',#8875,1.0);
#8873=VECTOR('',#8876,1.0);
#8874=VECTOR('',#8877,1.0);
#8875=DIRECTION('',(0,0,-1));
#8876=DIRECTION('',(0.023654544588969508,-0.020989404893984067,0.9994998286155355));
#8877=DIRECTION('',(-0.7479877490497359,0.6637125336103797,0));
#8878=FACE_SURFACE('',(#8883),#8879,.T.);
#8879=PLANE('',#8880);
#8880=AXIS2_PLACEMENT_3D('',#478,#8881,#8882);
#8881=DIRECTION('',(-2.2204458863844162E-16,-2.220447251262793E-16,-1));
#8882=DIRECTION('',(-0.979771424995676,-0.20011985099420376,2.6198850032918457E-16));
#8883=FACE_BOUND('',#8884,.T.);
#8884=EDGE_LOOP('',(#8885,#8886,#8887));
#8885=ORIENTED_EDGE('',*,*,#8888,.T.);
#8886=ORIENTED_EDGE('',*,*,#8889,.T.);
#8887=ORIENTED_EDGE('',*,*,#8890,.T.);
#8888=EDGE_CURVE('',#479,#449,#8891,.F.);
#8889=EDGE_CURVE('',#449,#447,#8892,.T.);
#8890=EDGE_CURVE('',#447,#479,#8893,.T.);
#8891=LINE('',#478,#8894);
#8892=LINE('',#448,#8895);
#8893=LINE('',#446,#8896);
#8894=VECTOR('',#8897,1.0);
#8895=VECTOR('',#8898,1.0);
#8896=VECTOR('',#8899,1.0);
#8897=DIRECTION('',(-0.979771424995676,-0.20011985099420376,2.6198850032918457E-16));
#8898=DIRECTION('',(0.955513777326619,0.2949464719894378,-2.776579719247132E-16));
#8899=DIRECTION('',(1,0,-2.2204458863844162E-16));
#8900=FACE_SURFACE('',(#8905),#8901,.T.);
#8901=PLANE('',#8902);
#8902=AXIS2_PLACEMENT_3D('',#480,#8903,#8904);
#8903=DIRECTION('',(0.6637125336103796,-0.7479877490497358,0));
#8904=DIRECTION('',(-0.02365454458896939,-0.02098940489398396,-0.9994998286155354));
#8905=FACE_BOUND('',#8906,.T.);
#8906=EDGE_LOOP('',(#8907,#8908,#8909));
#8907=ORIENTED_EDGE('',*,*,#8910,.T.);
#8908=ORIENTED_EDGE('',*,*,#8911,.T.);
#8909=ORIENTED_EDGE('',*,*,#8912,.T.);
#8910=EDGE_CURVE('',#481,#367,#8913,.F.);
#8911=EDGE_CURVE('',#367,#511,#8914,.T.);
#8912=EDGE_CURVE('',#511,#481,#8915,.T.);
#8913=LINE('',#480,#8916);
#8914=LINE('',#366,#8917);
#8915=LINE('',#510,#8918);
#8916=VECTOR('',#8919,1.0);
#8917=VECTOR('',#8920,1.0);
#8918=VECTOR('',#8921,1.0);
#8919=DIRECTION('',(-0.02365454458896939,-0.02098940489398396,-0.9994998286155354));
#8920=DIRECTION('',(0.7479877490497359,0.6637125336103797,-3.134648933519666E-16));
#8921=DIRECTION('',(0,0,1));
#8922=FACE_SURFACE('',(#8927),#8923,.T.);
#8923=PLANE('',#8924);
#8924=AXIS2_PLACEMENT_3D('',#718,#8925,#8926);
#8925=DIRECTION('',(0,0,1));
#8926=DIRECTION('',(-0.02488601278856584,-0.9996902952252199,0));
#8927=FACE_BOUND('',#8928,.T.);
#8928=EDGE_LOOP('',(#8929,#8930,#8931));
#8929=ORIENTED_EDGE('',*,*,#8932,.T.);
#8930=ORIENTED_EDGE('',*,*,#8933,.T.);
#8931=ORIENTED_EDGE('',*,*,#8934,.T.);
#8932=EDGE_CURVE('',#719,#115,#8935,.F.);
#8933=EDGE_CURVE('',#115,#113,#8936,.T.);
#8934=EDGE_CURVE('',#113,#719,#8937,.T.);
#8935=LINE('',#718,#8938);
#8936=LINE('',#114,#8939);
#8937=LINE('',#112,#8940);
#8938=VECTOR('',#8941,1.0);
#8939=VECTOR('',#8942,1.0);
#8940=VECTOR('',#8943,1.0);
#8941=DIRECTION('',(-0.02488601278856584,-0.9996902952252199,0));
#8942=DIRECTION('',(0.02732553232966056,0.9996265879231607,0));
#8943=DIRECTION('',(-0.6637075457536028,0.747992174898728,0));
#8944=FACE_SURFACE('',(#8949),#8945,.T.);
#8945=PLANE('',#8946);
#8946=AXIS2_PLACEMENT_3D('',#704,#8947,#8948);
#8947=DIRECTION('',(0,0,1));
#8948=DIRECTION('',(-0.022827027349879053,-0.9997394294626815,0));
#8949=FACE_BOUND('',#8950,.T.);
#8950=EDGE_LOOP('',(#8951,#8952,#8953));
#8951=ORIENTED_EDGE('',*,*,#8954,.T.);
#8952=ORIENTED_EDGE('',*,*,#8955,.T.);
#8953=ORIENTED_EDGE('',*,*,#8956,.T.);
#8954=EDGE_CURVE('',#705,#115,#8957,.F.);
#8955=EDGE_CURVE('',#115,#719,#8958,.T.);
#8956=EDGE_CURVE('',#719,#705,#8959,.T.);
#8957=LINE('',#704,#8960);
#8958=LINE('',#114,#8961);
#8959=LINE('',#718,#8962);
#8960=VECTOR('',#8963,1.0);
#8961=VECTOR('',#8964,1.0);
#8962=VECTOR('',#8965,1.0);
#8963=DIRECTION('',(-0.022827027349879053,-0.9997394294626815,0));
#8964=DIRECTION('',(0.02488601278856584,0.9996902952252199,0));
#8965=DIRECTION('',(-0.5571038536394067,0.8304428314219603,0));
#8966=FACE_SURFACE('',(#8971),#8967,.T.);
#8967=PLANE('',#8968);
#8968=AXIS2_PLACEMENT_3D('',#200,#8969,#8970);
#8969=DIRECTION('',(0.06302694742222242,0.9980118255304575,0));
#8970=DIRECTION('',(0,0,-1));
#8971=FACE_BOUND('',#8972,.T.);
#8972=EDGE_LOOP('',(#8973,#8974,#8975));
#8973=ORIENTED_EDGE('',*,*,#8976,.T.);
#8974=ORIENTED_EDGE('',*,*,#8977,.T.);
#8975=ORIENTED_EDGE('',*,*,#8978,.T.);
#8976=EDGE_CURVE('',#201,#209,#8979,.F.);
#8977=EDGE_CURVE('',#209,#213,#8980,.T.);
#8978=EDGE_CURVE('',#213,#201,#8981,.T.);
#8979=LINE('',#200,#8982);
#8980=LINE('',#208,#8983);
#8981=LINE('',#212,#8984);
#8982=VECTOR('',#8985,1.0);
#8983=VECTOR('',#8986,1.0);
#8984=VECTOR('',#8987,1.0);
#8985=DIRECTION('',(0,0,-1));
#8986=DIRECTION('',(-0.9980118255304575,0.06302694742222241,2.076061232966432E-16));
#8987=DIRECTION('',(0.031651144343056506,-0.001998849071054534,0.999496978316676));
#8988=FACE_SURFACE('',(#8993),#8989,.T.);
#8989=PLANE('',#8990);
#8990=AXIS2_PLACEMENT_3D('',#56,#8991,#8992);
#8991=DIRECTION('',(0,0,1));
#8992=DIRECTION('',(0.1688126706383784,-0.9856481533650526,0));
#8993=FACE_BOUND('',#8994,.T.);
#8994=EDGE_LOOP('',(#8995,#8996,#8997));
#8995=ORIENTED_EDGE('',*,*,#8998,.T.);
#8996=ORIENTED_EDGE('',*,*,#8999,.T.);
#8997=ORIENTED_EDGE('',*,*,#9000,.T.);
#8998=EDGE_CURVE('',#57,#115,#9001,.F.);
#8999=EDGE_CURVE('',#115,#703,#9002,.T.);
#9000=EDGE_CURVE('',#703,#57,#9003,.T.);
#9001=LINE('',#56,#9004);
#9002=LINE('',#114,#9005);
#9003=LINE('',#702,#9006);
#9004=VECTOR('',#9007,1.0);
#9005=VECTOR('',#9008,1.0);
#9006=VECTOR('',#9009,1.0);
#9007=DIRECTION('',(0.1688126706383784,-0.9856481533650526,0));
#9008=DIRECTION('',(0.021185219442501513,0.9997755680537372,0));
#9009=DIRECTION('',(-0.7171915809820157,0.6968760550976888,0));
#9010=FACE_SURFACE('',(#9015),#9011,.T.);
#9011=PLANE('',#9012);
#9012=AXIS2_PLACEMENT_3D('',#480,#9013,#9014);
#9013=DIRECTION('',(0.5571084046574509,-0.8304397783464073,0));
#9014=DIRECTION('',(0,0,-1));
#9015=FACE_BOUND('',#9016,.T.);
#9016=EDGE_LOOP('',(#9017,#9018,#9019));
#9017=ORIENTED_EDGE('',*,*,#9020,.T.);
#9018=ORIENTED_EDGE('',*,*,#9021,.T.);
#9019=ORIENTED_EDGE('',*,*,#9022,.T.);
#9020=EDGE_CURVE('',#481,#511,#9023,.F.);
#9021=EDGE_CURVE('',#511,#507,#9024,.T.);
#9022=EDGE_CURVE('',#507,#481,#9025,.T.);
#9023=LINE('',#480,#9026);
#9024=LINE('',#510,#9027);
#9025=LINE('',#506,#9028);
#9026=VECTOR('',#9029,1.0);
#9027=VECTOR('',#9030,1.0);
#9028=VECTOR('',#9031,1.0);
#9029=DIRECTION('',(0,0,-1));
#9030=DIRECTION('',(0.8304397783464071,0.5571084046574509,-3.080931362825812E-16));
#9031=DIRECTION('',(-0.026320896082141172,-0.017657622873840095,0.999497583180609));
#9032=FACE_SURFACE('',(#9037),#9033,.T.);
#9033=PLANE('',#9034);
#9034=AXIS2_PLACEMENT_3D('',#172,#9035,#9036);
#9035=DIRECTION('',(0.4388478346233841,-0.8985613935877541,0));
#9036=DIRECTION('',(-0.02865160190945309,-0.013993137860342258,-0.9994915096191881));
#9037=FACE_BOUND('',#9038,.T.);
#9038=EDGE_LOOP('',(#9039,#9040,#9041));
#9039=ORIENTED_EDGE('',*,*,#9042,.T.);
#9040=ORIENTED_EDGE('',*,*,#9043,.T.);
#9041=ORIENTED_EDGE('',*,*,#9044,.T.);
#9042=EDGE_CURVE('',#173,#507,#9045,.F.);
#9043=EDGE_CURVE('',#507,#505,#9046,.T.);
#9044=EDGE_CURVE('',#505,#173,#9047,.T.);
#9045=LINE('',#172,#9048);
#9046=LINE('',#506,#9049);
#9047=LINE('',#504,#9050);
#9048=VECTOR('',#9051,1.0);
#9049=VECTOR('',#9052,1.0);
#9050=VECTOR('',#9053,1.0);
#9051=DIRECTION('',(-0.02865160190945309,-0.013993137860342258,-0.9994915096191881));
#9052=DIRECTION('',(0.8985613935877542,0.4388478346233841,-2.969667162712035E-16));
#9053=DIRECTION('',(0,0,1));
#9054=FACE_SURFACE('',(#9059),#9055,.T.);
#9055=PLANE('',#9056);
#9056=AXIS2_PLACEMENT_3D('',#344,#9057,#9058);
#9057=DIRECTION('',(0.9972963616404033,-0.07348446814677068,0));
#9058=DIRECTION('',(0,0,1));
#9059=FACE_BOUND('',#9060,.T.);
#9060=EDGE_LOOP('',(#9061,#9062,#9063));
#9061=ORIENTED_EDGE('',*,*,#9064,.T.);
#9062=ORIENTED_EDGE('',*,*,#9065,.T.);
#9063=ORIENTED_EDGE('',*,*,#9066,.T.);
#9064=EDGE_CURVE('',#345,#721,#9067,.F.);
#9065=EDGE_CURVE('',#721,#723,#9068,.T.);
#9066=EDGE_CURVE('',#723,#345,#9069,.T.);
#9067=LINE('',#344,#9070);
#9068=LINE('',#720,#9071);
#9069=LINE('',#722,#9072);
#9070=VECTOR('',#9073,1.0);
#9071=VECTOR('',#9074,1.0);
#9072=VECTOR('',#9075,1.0);
#9073=DIRECTION('',(0,0,1));
#9074=DIRECTION('',(-0.07348446814677068,-0.9972963616404034,0));
#9075=DIRECTION('',(0.0023321477888620847,0.031650804085489995,-0.9994962669702337));
#9076=FACE_SURFACE('',(#9081),#9077,.T.);
#9077=PLANE('',#9078);
#9078=AXIS2_PLACEMENT_3D('',#102,#9079,#9080);
#9079=DIRECTION('',(-2.2204461147452546E-16,-2.2202861325686462E-16,-1));
#9080=DIRECTION('',(0.8304335555109672,0.5571176804602537,-3.080893622023126E-16));
#9081=FACE_BOUND('',#9082,.T.);
#9082=EDGE_LOOP('',(#9083,#9084,#9085));
#9083=ORIENTED_EDGE('',*,*,#9086,.T.);
#9084=ORIENTED_EDGE('',*,*,#9087,.T.);
#9085=ORIENTED_EDGE('',*,*,#9088,.T.);
#9086=EDGE_CURVE('',#103,#449,#9089,.F.);
#9087=EDGE_CURVE('',#449,#97,#9090,.T.);
#9088=EDGE_CURVE('',#97,#103,#9091,.T.);
#9089=LINE('',#102,#9092);
#9090=LINE('',#448,#9093);
#9091=LINE('',#96,#9094);
#9092=VECTOR('',#9095,1.0);
#9093=VECTOR('',#9096,1.0);
#9094=VECTOR('',#9097,1.0);
#9095=DIRECTION('',(0.8304335555109672,0.5571176804602537,-3.080893622023126E-16));
#9096=DIRECTION('',(1,0,-2.2204461147452546E-16));
#9097=DIRECTION('',(-0.9999996649360846,-0.0008186132900567008,2.2222629264897346E-16));
#9098=FACE_SURFACE('',(#9103),#9099,.T.);
#9099=PLANE('',#9100);
#9100=AXIS2_PLACEMENT_3D('',#724,#9101,#9102);
#9101=DIRECTION('',(-2.2205182235696625E-16,-2.2205299930034953E-16,-1));
#9102=DIRECTION('',(0.7533180987812462,-0.6576563251795032,-2.1241097133906156E-17));
#9103=FACE_BOUND('',#9104,.T.);
#9104=EDGE_LOOP('',(#9105,#9106,#9107));
#9105=ORIENTED_EDGE('',*,*,#9108,.T.);
#9106=ORIENTED_EDGE('',*,*,#9109,.T.);
#9107=ORIENTED_EDGE('',*,*,#9110,.T.);
#9108=EDGE_CURVE('',#725,#75,#9111,.F.);
#9109=EDGE_CURVE('',#75,#727,#9112,.T.);
#9110=EDGE_CURVE('',#727,#725,#9113,.T.);
#9111=LINE('',#724,#9114);
#9112=LINE('',#74,#9115);
#9113=LINE('',#726,#9116);
#9114=VECTOR('',#9117,1.0);
#9115=VECTOR('',#9118,1.0);
#9116=VECTOR('',#9119,1.0);
#9117=DIRECTION('',(0.7533180987812462,-0.6576563251795032,-2.1241097133906156E-17));
#9118=DIRECTION('',(-0.758262483394194,0.6519493893523252,2.360624896488446E-17));
#9119=DIRECTION('',(0.9980116663296811,-0.06302946826567105,-2.0761442676931976E-16));
#9120=FACE_SURFACE('',(#9125),#9121,.T.);
#9121=PLANE('',#9122);
#9122=AXIS2_PLACEMENT_3D('',#78,#9123,#9124);
#9123=DIRECTION('',(-2.22035789790565E-16,-2.2203435231054767E-16,-1));
#9124=DIRECTION('',(0.9817795476561741,-0.19002347171872733,-1.7579845879719299E-16));
#9125=FACE_BOUND('',#9126,.T.);
#9126=EDGE_LOOP('',(#9127,#9128,#9129));
#9127=ORIENTED_EDGE('',*,*,#9130,.T.);
#9128=ORIENTED_EDGE('',*,*,#9131,.T.);
#9129=ORIENTED_EDGE('',*,*,#9132,.T.);
#9130=EDGE_CURVE('',#79,#727,#9133,.F.);
#9131=EDGE_CURVE('',#727,#75,#9134,.T.);
#9132=EDGE_CURVE('',#75,#79,#9135,.T.);
#9133=LINE('',#78,#9136);
#9134=LINE('',#726,#9137);
#9135=LINE('',#74,#9138);
#9136=VECTOR('',#9139,1.0);
#9137=VECTOR('',#9140,1.0);
#9138=VECTOR('',#9141,1.0);
#9139=DIRECTION('',(0.9817795476561741,-0.19002347171872733,-1.7579845879719299E-16));
#9140=DIRECTION('',(0.758262483394194,-0.6519493893523252,-2.360624896488446E-17));
#9141=DIRECTION('',(-0.7621969630797952,0.6473451857177416,2.5502135641202493E-17));
#9142=FACE_SURFACE('',(#9147),#9143,.T.);
#9143=PLANE('',#9144);
#9144=AXIS2_PLACEMENT_3D('',#724,#9145,#9146);
#9145=DIRECTION('',(-2.2204251879988586E-16,-2.220423424608068E-16,-1));
#9146=DIRECTION('',(0.9980118255304575,0.06302694742222241,-2.355957105766394E-16));
#9147=FACE_BOUND('',#9148,.T.);
#9148=EDGE_LOOP('',(#9149,#9150,#9151));
#9149=ORIENTED_EDGE('',*,*,#9152,.T.);
#9150=ORIENTED_EDGE('',*,*,#9153,.T.);
#9151=ORIENTED_EDGE('',*,*,#9154,.T.);
#9152=EDGE_CURVE('',#725,#729,#9155,.F.);
#9153=EDGE_CURVE('',#729,#75,#9156,.T.);
#9154=EDGE_CURVE('',#75,#725,#9157,.T.);
#9155=LINE('',#724,#9158);
#9156=LINE('',#728,#9159);
#9157=LINE('',#74,#9160);
#9158=VECTOR('',#9161,1.0);
#9159=VECTOR('',#9162,1.0);
#9160=VECTOR('',#9163,1.0);
#9161=DIRECTION('',(0.9980118255304575,0.06302694742222241,-2.355957105766394E-16));
#9162=DIRECTION('',(0.7474386984027229,-0.6643307851741055,-1.8453607532963413E-17));
#9163=DIRECTION('',(-0.7533180987812462,0.6576563251795032,2.1241097133906156E-17));
#9164=FACE_SURFACE('',(#9169),#9165,.T.);
#9165=PLANE('',#9166);
#9166=AXIS2_PLACEMENT_3D('',#730,#9167,#9168);
#9167=DIRECTION('',(-2.2205668195104704E-16,-2.2202984701707405E-16,-1));
#9168=DIRECTION('',(0.9980118255304575,0.06302694742222241,-2.3560905801930986E-16));
#9169=FACE_BOUND('',#9170,.T.);
#9170=EDGE_LOOP('',(#9171,#9172,#9173));
#9171=ORIENTED_EDGE('',*,*,#9174,.T.);
#9172=ORIENTED_EDGE('',*,*,#9175,.T.);
#9173=ORIENTED_EDGE('',*,*,#9176,.T.);
#9174=EDGE_CURVE('',#731,#733,#9177,.F.);
#9175=EDGE_CURVE('',#733,#77,#9178,.T.);
#9176=EDGE_CURVE('',#77,#731,#9179,.T.);
#9177=LINE('',#730,#9180);
#9178=LINE('',#732,#9181);
#9179=LINE('',#76,#9182);
#9180=VECTOR('',#9183,1.0);
#9181=VECTOR('',#9184,1.0);
#9182=VECTOR('',#9185,1.0);
#9183=DIRECTION('',(0.9980118255304575,0.06302694742222241,-2.3560905801930986E-16));
#9184=DIRECTION('',(-0.7791550073306788,-0.6268312967230736,3.1219183257033244E-16));
#9185=DIRECTION('',(0.7747851109190617,0.6322246688465559,-3.124189574601819E-16));
#9186=FACE_SURFACE('',(#9191),#9187,.T.);
#9187=PLANE('',#9188);
#9188=AXIS2_PLACEMENT_3D('',#202,#9189,#9190);
#9189=DIRECTION('',(0.3256677024511265,0.9454842926142161,0));
#9190=DIRECTION('',(0.029984960503960847,-0.010328181305278591,-0.9994969888971658));
#9191=FACE_BOUND('',#9192,.T.);
#9192=EDGE_LOOP('',(#9193,#9194,#9195));
#9193=ORIENTED_EDGE('',*,*,#9196,.T.);
#9194=ORIENTED_EDGE('',*,*,#9197,.T.);
#9195=ORIENTED_EDGE('',*,*,#9198,.T.);
#9196=EDGE_CURVE('',#203,#293,#9199,.F.);
#9197=EDGE_CURVE('',#293,#319,#9200,.T.);
#9198=EDGE_CURVE('',#319,#203,#9201,.T.);
#9199=LINE('',#202,#9202);
#9200=LINE('',#292,#9203);
#9201=LINE('',#318,#9204);
#9202=VECTOR('',#9205,1.0);
#9203=VECTOR('',#9206,1.0);
#9204=VECTOR('',#9207,1.0);
#9205=DIRECTION('',(0.029984960503960847,-0.010328181305278591,-0.9994969888971658));
#9206=DIRECTION('',(-0.9454842926142162,0.3256677024511265,1.3763137908312756E-16));
#9207=DIRECTION('',(0,0,1));
#9208=FACE_SURFACE('',(#9213),#9209,.T.);
#9209=PLANE('',#9210);
#9210=AXIS2_PLACEMENT_3D('',#216,#9211,#9212);
#9211=DIRECTION('',(1,0,0));
#9212=DIRECTION('',(0,0,-1));
#9213=FACE_BOUND('',#9214,.T.);
#9214=EDGE_LOOP('',(#9215,#9216,#9217));
#9215=ORIENTED_EDGE('',*,*,#9218,.T.);
#9216=ORIENTED_EDGE('',*,*,#9219,.T.);
#9217=ORIENTED_EDGE('',*,*,#9220,.T.);
#9218=EDGE_CURVE('',#217,#389,#9221,.F.);
#9219=EDGE_CURVE('',#389,#65,#9222,.T.);
#9220=EDGE_CURVE('',#65,#217,#9223,.T.);
#9221=LINE('',#216,#9224);
#9222=LINE('',#388,#9225);
#9223=LINE('',#64,#9226);
#9224=VECTOR('',#9227,1.0);
#9225=VECTOR('',#9228,1.0);
#9226=VECTOR('',#9229,1.0);
#9227=DIRECTION('',(0,0,-1));
#9228=DIRECTION('',(0,1,-2.220446049250313E-16));
#9229=DIRECTION('',(0,-0.9067710895144757,0.42162328116546277));
#9230=FACE_SURFACE('',(#9235),#9231,.T.);
#9231=PLANE('',#9232);
#9232=AXIS2_PLACEMENT_3D('',#216,#9233,#9234);
#9233=DIRECTION('',(1,-0,0));
#9234=DIRECTION('',(0,0.9067710895144757,-0.42162328116546277));
#9235=FACE_BOUND('',#9236,.T.);
#9236=EDGE_LOOP('',(#9237,#9238,#9239));
#9237=ORIENTED_EDGE('',*,*,#9240,.T.);
#9238=ORIENTED_EDGE('',*,*,#9241,.T.);
#9239=ORIENTED_EDGE('',*,*,#9242,.T.);
#9240=EDGE_CURVE('',#217,#65,#9243,.F.);
#9241=EDGE_CURVE('',#65,#53,#9244,.T.);
#9242=EDGE_CURVE('',#53,#217,#9245,.T.);
#9243=LINE('',#216,#9246);
#9244=LINE('',#64,#9247);
#9245=LINE('',#52,#9248);
#9246=VECTOR('',#9249,1.0);
#9247=VECTOR('',#9250,1.0);
#9248=VECTOR('',#9251,1.0);
#9249=DIRECTION('',(0,0.9067710895144757,-0.42162328116546277));
#9250=DIRECTION('',(0,0,1));
#9251=DIRECTION('',(0,-1,0));
#9252=FACE_SURFACE('',(#9257),#9253,.T.);
#9253=PLANE('',#9254);
#9254=AXIS2_PLACEMENT_3D('',#734,#9255,#9256);
#9255=DIRECTION('',(0.9817844549989423,-0.1899981155759966,0));
#9256=DIRECTION('',(-0.18999811557599663,-0.9817844549989423,0));
#9257=FACE_BOUND('',#9258,.T.);
#9258=EDGE_LOOP('',(#9259,#9260,#9261));
#9259=ORIENTED_EDGE('',*,*,#9262,.T.);
#9260=ORIENTED_EDGE('',*,*,#9263,.T.);
#9261=ORIENTED_EDGE('',*,*,#9264,.T.);
#9262=EDGE_CURVE('',#735,#721,#9265,.F.);
#9263=EDGE_CURVE('',#721,#345,#9266,.T.);
#9264=EDGE_CURVE('',#345,#735,#9267,.T.);
#9265=LINE('',#734,#9268);
#9266=LINE('',#720,#9269);
#9267=LINE('',#344,#9270);
#9268=VECTOR('',#9271,1.0);
#9269=VECTOR('',#9272,1.0);
#9270=VECTOR('',#9273,1.0);
#9271=DIRECTION('',(-0.18999811557599663,-0.9817844549989423,0));
#9272=DIRECTION('',(0,0,-1));
#9273=DIRECTION('',(0.00599625884426271,0.030984695314477055,0.9995018727026687));
#9274=FACE_SURFACE('',(#9279),#9275,.T.);
#9275=PLANE('',#9276);
#9276=AXIS2_PLACEMENT_3D('',#452,#9277,#9278);
#9277=DIRECTION('',(-2.220520665873893E-16,-2.2202605377745086E-16,-1));
#9278=DIRECTION('',(0.9285231321898613,0.3712745520343799,-2.8861310403313855E-16));
#9279=FACE_BOUND('',#9280,.T.);
#9280=EDGE_LOOP('',(#9281,#9282,#9283));
#9281=ORIENTED_EDGE('',*,*,#9284,.T.);
#9282=ORIENTED_EDGE('',*,*,#9285,.T.);
#9283=ORIENTED_EDGE('',*,*,#9286,.T.);
#9284=EDGE_CURVE('',#453,#149,#9287,.F.);
#9285=EDGE_CURVE('',#149,#445,#9288,.T.);
#9286=EDGE_CURVE('',#445,#453,#9289,.T.);
#9287=LINE('',#452,#9290);
#9288=LINE('',#148,#9291);
#9289=LINE('',#444,#9292);
#9290=VECTOR('',#9293,1.0);
#9291=VECTOR('',#9294,1.0);
#9292=VECTOR('',#9295,1.0);
#9293=DIRECTION('',(0.9285231321898613,0.3712745520343799,-2.8861310403313855E-16));
#9294=DIRECTION('',(-0.9277644307920178,-0.3731663984835229,2.8886467202128077E-16));
#9295=DIRECTION('',(0.6637125336103797,0.7479877490497359,-3.1345150790352796E-16));
#9296=FACE_SURFACE('',(#9301),#9297,.T.);
#9297=PLANE('',#9298);
#9298=AXIS2_PLACEMENT_3D('',#172,#9299,#9300);
#9299=DIRECTION('',(0.3256677024511265,-0.9454842926142161,0));
#9300=DIRECTION('',(0,0,-1));
#9301=FACE_BOUND('',#9302,.T.);
#9302=EDGE_LOOP('',(#9303,#9304,#9305));
#9303=ORIENTED_EDGE('',*,*,#9306,.T.);
#9304=ORIENTED_EDGE('',*,*,#9307,.T.);
#9305=ORIENTED_EDGE('',*,*,#9308,.T.);
#9306=EDGE_CURVE('',#173,#505,#9309,.F.);
#9307=EDGE_CURVE('',#505,#513,#9310,.T.);
#9308=EDGE_CURVE('',#513,#173,#9311,.T.);
#9309=LINE('',#172,#9312);
#9310=LINE('',#504,#9313);
#9311=LINE('',#512,#9314);
#9312=VECTOR('',#9315,1.0);
#9313=VECTOR('',#9316,1.0);
#9314=VECTOR('',#9317,1.0);
#9315=DIRECTION('',(0,0,-1));
#9316=DIRECTION('',(0.9454842926142162,0.3256677024511265,-2.8225244254394937E-16));
#9317=DIRECTION('',(-0.029984960503960763,-0.010328181305278563,0.9994969888971658));
#9318=FACE_SURFACE('',(#9323),#9319,.T.);
#9319=PLANE('',#9320);
#9320=AXIS2_PLACEMENT_3D('',#388,#9321,#9322);
#9321=DIRECTION('',(1,0,-0));
#9322=DIRECTION('',(0,0,1));
#9323=FACE_BOUND('',#9324,.T.);
#9324=EDGE_LOOP('',(#9325,#9326,#9327));
#9325=ORIENTED_EDGE('',*,*,#9328,.T.);
#9326=ORIENTED_EDGE('',*,*,#9329,.T.);
#9327=ORIENTED_EDGE('',*,*,#9330,.T.);
#9328=EDGE_CURVE('',#389,#217,#9331,.F.);
#9329=EDGE_CURVE('',#217,#75,#9332,.T.);
#9330=EDGE_CURVE('',#75,#389,#9333,.T.);
#9331=LINE('',#388,#9334);
#9332=LINE('',#216,#9335);
#9333=LINE('',#74,#9336);
#9334=VECTOR('',#9337,1.0);
#9335=VECTOR('',#9338,1.0);
#9336=VECTOR('',#9339,1.0);
#9337=DIRECTION('',(0,0,1));
#9338=DIRECTION('',(0,-0.995779077150452,-0.09178251200198388));
#9339=DIRECTION('',(0,1,-2.220446049250313E-16));
#9340=FACE_SURFACE('',(#9345),#9341,.T.);
#9341=PLANE('',#9342);
#9342=AXIS2_PLACEMENT_3D('',#152,#9343,#9344);
#9343=DIRECTION('',(1,-0,0));
#9344=DIRECTION('',(0,0,-1));
#9345=FACE_BOUND('',#9346,.T.);
#9346=EDGE_LOOP('',(#9347,#9348,#9349));
#9347=ORIENTED_EDGE('',*,*,#9350,.T.);
#9348=ORIENTED_EDGE('',*,*,#9351,.T.);
#9349=ORIENTED_EDGE('',*,*,#9352,.T.);
#9350=EDGE_CURVE('',#153,#75,#9353,.F.);
#9351=EDGE_CURVE('',#75,#217,#9354,.T.);
#9352=EDGE_CURVE('',#217,#153,#9355,.T.);
#9353=LINE('',#152,#9356);
#9354=LINE('',#74,#9357);
#9355=LINE('',#216,#9358);
#9356=VECTOR('',#9359,1.0);
#9357=VECTOR('',#9360,1.0);
#9358=VECTOR('',#9361,1.0);
#9359=DIRECTION('',(0,0,-1));
#9360=DIRECTION('',(0,0.995779077150452,0.09178251200198388));
#9361=DIRECTION('',(0,-1,0));
#9362=FACE_SURFACE('',(#9367),#9363,.T.);
#9363=PLANE('',#9364);
#9364=AXIS2_PLACEMENT_3D('',#684,#9365,#9366);
#9365=DIRECTION('',(0.43883997608734,0.8985652315706761,0));
#9366=DIRECTION('',(0.028652236847366102,-0.013993137605567328,0.9994914914213097));
#9367=FACE_BOUND('',#9368,.T.);
#9368=EDGE_LOOP('',(#9369,#9370,#9371));
#9369=ORIENTED_EDGE('',*,*,#9372,.T.);
#9370=ORIENTED_EDGE('',*,*,#9373,.T.);
#9371=ORIENTED_EDGE('',*,*,#9374,.T.);
#9372=EDGE_CURVE('',#685,#203,#9375,.F.);
#9373=EDGE_CURVE('',#203,#319,#9376,.T.);
#9374=EDGE_CURVE('',#319,#685,#9377,.T.);
#9375=LINE('',#684,#9378);
#9376=LINE('',#202,#9379);
#9377=LINE('',#318,#9380);
#9378=VECTOR('',#9381,1.0);
#9379=VECTOR('',#9382,1.0);
#9380=VECTOR('',#9383,1.0);
#9381=DIRECTION('',(0.028652236847366102,-0.013993137605567328,0.9994914914213097));
#9382=DIRECTION('',(0,0,-1));
#9383=DIRECTION('',(-0.8985652315706761,0.43883997608734,1.020773001975071E-16));
#9384=FACE_SURFACE('',(#9389),#9385,.T.);
#9385=PLANE('',#9386);
#9386=AXIS2_PLACEMENT_3D('',#478,#9387,#9388);
#9387=DIRECTION('',(-2.2204458727851297E-16,-2.2204455923942663E-16,-1));
#9388=DIRECTION('',(1,0,-2.2204458727851297E-16));
#9389=FACE_BOUND('',#9390,.T.);
#9390=EDGE_LOOP('',(#9391,#9392,#9393));
#9391=ORIENTED_EDGE('',*,*,#9394,.T.);
#9392=ORIENTED_EDGE('',*,*,#9395,.T.);
#9393=ORIENTED_EDGE('',*,*,#9396,.T.);
#9394=EDGE_CURVE('',#479,#109,#9397,.F.);
#9395=EDGE_CURVE('',#109,#107,#9398,.T.);
#9396=EDGE_CURVE('',#107,#479,#9399,.T.);
#9397=LINE('',#478,#9400);
#9398=LINE('',#108,#9401);
#9399=LINE('',#106,#9402);
#9400=VECTOR('',#9403,1.0);
#9401=VECTOR('',#9404,1.0);
#9402=VECTOR('',#9405,1.0);
#9403=DIRECTION('',(1,0,-2.2204458727851297E-16));
#9404=DIRECTION('',(0.9328306537169935,-0.36031510027464364,-1.2712398987754222E-16));
#9405=DIRECTION('',(-0.9584391998445779,0.2852968632867966,1.4946762030012982E-16));
#9406=FACE_SURFACE('',(#9411),#9407,.T.);
#9407=PLANE('',#9408);
#9408=AXIS2_PLACEMENT_3D('',#730,#9409,#9410);
#9409=DIRECTION('',(-0.06302694742222241,0.9980118255304575,0));
#9410=DIRECTION('',(0,0,1));
#9411=FACE_BOUND('',#9412,.T.);
#9412=EDGE_LOOP('',(#9413,#9414,#9415));
#9413=ORIENTED_EDGE('',*,*,#9416,.T.);
#9414=ORIENTED_EDGE('',*,*,#9417,.T.);
#9415=ORIENTED_EDGE('',*,*,#9418,.T.);
#9416=EDGE_CURVE('',#731,#737,#9419,.F.);
#9417=EDGE_CURVE('',#737,#739,#9420,.T.);
#9418=EDGE_CURVE('',#739,#731,#9421,.T.);
#9419=LINE('',#730,#9422);
#9420=LINE('',#736,#9423);
#9421=LINE('',#738,#9424);
#9422=VECTOR('',#9425,1.0);
#9423=VECTOR('',#9426,1.0);
#9424=VECTOR('',#9427,1.0);
#9425=DIRECTION('',(0,0,1));
#9426=DIRECTION('',(0.9980118255304575,0.06302694742222241,0));
#9427=DIRECTION('',(-0.031651144343056575,-0.0019988490710545386,-0.999496978316676));
#9428=FACE_SURFACE('',(#9433),#9429,.T.);
#9429=PLANE('',#9430);
#9430=AXIS2_PLACEMENT_3D('',#714,#9431,#9432);
#9431=DIRECTION('',(0,0,1));
#9432=DIRECTION('',(-0.7206910725132126,0.6932563580665925,0));
#9433=FACE_BOUND('',#9434,.T.);
#9434=EDGE_LOOP('',(#9435,#9436,#9437));
#9435=ORIENTED_EDGE('',*,*,#9438,.T.);
#9436=ORIENTED_EDGE('',*,*,#9439,.T.);
#9437=ORIENTED_EDGE('',*,*,#9440,.T.);
#9438=EDGE_CURVE('',#715,#57,#9441,.F.);
#9439=EDGE_CURVE('',#57,#703,#9442,.T.);
#9440=EDGE_CURVE('',#703,#715,#9443,.T.);
#9441=LINE('',#714,#9444);
#9442=LINE('',#56,#9445);
#9443=LINE('',#702,#9446);
#9444=VECTOR('',#9447,1.0);
#9445=VECTOR('',#9448,1.0);
#9446=VECTOR('',#9449,1.0);
#9447=DIRECTION('',(-0.7206910725132126,0.6932563580665925,0));
#9448=DIRECTION('',(0.7171915809820157,-0.6968760550976888,0));
#9449=DIRECTION('',(-0.3256856145113362,0.9454781226979149,0));
#9450=FACE_SURFACE('',(#9455),#9451,.T.);
#9451=PLANE('',#9452);
#9452=AXIS2_PLACEMENT_3D('',#740,#9453,#9454);
#9453=DIRECTION('',(0.5571176804602537,0.8304335555109672,-0));
#9454=DIRECTION('',(0,0,1));
#9455=FACE_BOUND('',#9456,.T.);
#9456=EDGE_LOOP('',(#9457,#9458,#9459));
#9457=ORIENTED_EDGE('',*,*,#9460,.T.);
#9458=ORIENTED_EDGE('',*,*,#9461,.T.);
#9459=ORIENTED_EDGE('',*,*,#9462,.T.);
#9460=EDGE_CURVE('',#741,#165,#9463,.F.);
#9461=EDGE_CURVE('',#165,#685,#9464,.T.);
#9462=EDGE_CURVE('',#685,#741,#9465,.T.);
#9463=LINE('',#740,#9466);
#9464=LINE('',#164,#9467);
#9465=LINE('',#684,#9468);
#9466=VECTOR('',#9469,1.0);
#9467=VECTOR('',#9470,1.0);
#9468=VECTOR('',#9471,1.0);
#9469=DIRECTION('',(0,0,1));
#9470=DIRECTION('',(0.026320261058918173,-0.017657623169177412,-0.9994975998979716));
#9471=DIRECTION('',(-0.8304335555109672,0.5571176804602537,6.068831549537491E-17));
#9472=FACE_SURFACE('',(#9477),#9473,.T.);
#9473=PLANE('',#9474);
#9474=AXIS2_PLACEMENT_3D('',#742,#9475,#9476);
#9475=DIRECTION('',(0.06302694742222241,0.9980118255304575,-0));
#9476=DIRECTION('',(0,0,1));
#9477=FACE_BOUND('',#9478,.T.);
#9478=EDGE_LOOP('',(#9479,#9480,#9481));
#9479=ORIENTED_EDGE('',*,*,#9482,.T.);
#9480=ORIENTED_EDGE('',*,*,#9483,.T.);
#9481=ORIENTED_EDGE('',*,*,#9484,.T.);
#9482=EDGE_CURVE('',#743,#745,#9485,.F.);
#9483=EDGE_CURVE('',#745,#737,#9486,.T.);
#9484=EDGE_CURVE('',#737,#743,#9487,.T.);
#9485=LINE('',#742,#9488);
#9486=LINE('',#744,#9489);
#9487=LINE('',#736,#9490);
#9488=VECTOR('',#9491,1.0);
#9489=VECTOR('',#9492,1.0);
#9490=VECTOR('',#9493,1.0);
#9491=DIRECTION('',(0,0,1));
#9492=DIRECTION('',(0.9980118255304575,-0.06302694742222241,0));
#9493=DIRECTION('',(-0.031651144343056575,0.0019988490710545386,-0.999496978316676));
#9494=FACE_SURFACE('',(#9499),#9495,.T.);
#9495=PLANE('',#9496);
#9496=AXIS2_PLACEMENT_3D('',#742,#9497,#9498);
#9497=DIRECTION('',(0.06302694742222241,0.9980118255304575,0));
#9498=DIRECTION('',(0.031651144343056575,-0.0019988490710545386,0.999496978316676));
#9499=FACE_BOUND('',#9500,.T.);
#9500=EDGE_LOOP('',(#9501,#9502,#9503));
#9501=ORIENTED_EDGE('',*,*,#9504,.T.);
#9502=ORIENTED_EDGE('',*,*,#9505,.T.);
#9503=ORIENTED_EDGE('',*,*,#9506,.T.);
#9504=EDGE_CURVE('',#743,#737,#9507,.F.);
#9505=EDGE_CURVE('',#737,#731,#9508,.T.);
#9506=EDGE_CURVE('',#731,#743,#9509,.T.);
#9507=LINE('',#742,#9510);
#9508=LINE('',#736,#9511);
#9509=LINE('',#730,#9512);
#9510=VECTOR('',#9513,1.0);
#9511=VECTOR('',#9514,1.0);
#9512=VECTOR('',#9515,1.0);
#9513=DIRECTION('',(0.031651144343056575,-0.0019988490710545386,0.999496978316676));
#9514=DIRECTION('',(0,0,-1));
#9515=DIRECTION('',(-0.9980118255304575,0.06302694742222241,2.0759722500152954E-16));
#9516=FACE_SURFACE('',(#9521),#9517,.T.);
#9517=PLANE('',#9518);
#9518=AXIS2_PLACEMENT_3D('',#746,#9519,#9520);
#9519=DIRECTION('',(-2.2204283583206247E-16,-2.220462032285055E-16,-1));
#9520=DIRECTION('',(0.670381662501444,0.7420164597782183,-3.1361538305844366E-16));
#9521=FACE_BOUND('',#9522,.T.);
#9522=EDGE_LOOP('',(#9523,#9524,#9525));
#9523=ORIENTED_EDGE('',*,*,#9526,.T.);
#9524=ORIENTED_EDGE('',*,*,#9527,.T.);
#9525=ORIENTED_EDGE('',*,*,#9528,.T.);
#9526=EDGE_CURVE('',#747,#211,#9529,.F.);
#9527=EDGE_CURVE('',#211,#749,#9530,.T.);
#9528=EDGE_CURVE('',#749,#747,#9531,.T.);
#9529=LINE('',#746,#9532);
#9530=LINE('',#210,#9533);
#9531=LINE('',#748,#9534);
#9532=VECTOR('',#9535,1.0);
#9533=VECTOR('',#9536,1.0);
#9534=VECTOR('',#9537,1.0);
#9535=DIRECTION('',(0.670381662501444,0.7420164597782183,-3.1361538305844366E-16));
#9536=DIRECTION('',(-0.6633006434460095,-0.7483530292609964,3.134501047019386E-16));
#9537=DIRECTION('',(-0.4388519507202181,0.8985593833181307,-1.0207776779278844E-16));
#9538=FACE_SURFACE('',(#9543),#9539,.T.);
#9539=PLANE('',#9540);
#9540=AXIS2_PLACEMENT_3D('',#638,#9541,#9542);
#9541=DIRECTION('',(0.19003098480468153,0.9817780934682557,0));
#9542=DIRECTION('',(0.9817780934682556,-0.19003098480468153,0));
#9543=FACE_BOUND('',#9544,.T.);
#9544=EDGE_LOOP('',(#9545,#9546,#9547));
#9545=ORIENTED_EDGE('',*,*,#9548,.T.);
#9546=ORIENTED_EDGE('',*,*,#9549,.T.);
#9547=ORIENTED_EDGE('',*,*,#9550,.T.);
#9548=EDGE_CURVE('',#639,#745,#9551,.F.);
#9549=EDGE_CURVE('',#745,#743,#9552,.T.);
#9550=EDGE_CURVE('',#743,#639,#9553,.T.);
#9551=LINE('',#638,#9554);
#9552=LINE('',#744,#9555);
#9553=LINE('',#742,#9556);
#9554=VECTOR('',#9557,1.0);
#9555=VECTOR('',#9558,1.0);
#9556=VECTOR('',#9559,1.0);
#9557=DIRECTION('',(0.9817780934682556,-0.19003098480468153,0));
#9558=DIRECTION('',(0,0,-1));
#9559=DIRECTION('',(-0.03098406028125424,0.005997212127329605,0.9995018866691485));
#9560=FACE_SURFACE('',(#9565),#9561,.T.);
#9561=PLANE('',#9562);
#9562=AXIS2_PLACEMENT_3D('',#164,#9563,#9564);
#9563=DIRECTION('',(0.6637025579422815,0.747996600647939,0));
#9564=DIRECTION('',(0,0,-1));
#9565=FACE_BOUND('',#9566,.T.);
#9566=EDGE_LOOP('',(#9567,#9568,#9569));
#9567=ORIENTED_EDGE('',*,*,#9570,.T.);
#9568=ORIENTED_EDGE('',*,*,#9571,.T.);
#9569=ORIENTED_EDGE('',*,*,#9572,.T.);
#9570=EDGE_CURVE('',#165,#741,#9573,.F.);
#9571=EDGE_CURVE('',#741,#113,#9574,.T.);
#9572=EDGE_CURVE('',#113,#165,#9575,.T.);
#9573=LINE('',#164,#9576);
#9574=LINE('',#740,#9577);
#9575=LINE('',#112,#9578);
#9576=VECTOR('',#9579,1.0);
#9577=VECTOR('',#9580,1.0);
#9578=VECTOR('',#9581,1.0);
#9579=DIRECTION('',(0,0,-1));
#9580=DIRECTION('',(-0.023655179698265926,0.020989404578474778,0.9994998135912201));
#9581=DIRECTION('',(0.7479966006479392,-0.6637025579422815,0));
#9582=FACE_SURFACE('',(#9587),#9583,.T.);
#9583=PLANE('',#9584);
#9584=AXIS2_PLACEMENT_3D('',#386,#9585,#9586);
#9585=DIRECTION('',(-0.07348373445278193,-0.9972964157014067,0));
#9586=DIRECTION('',(0,0,1));
#9587=FACE_BOUND('',#9588,.T.);
#9588=EDGE_LOOP('',(#9589,#9590,#9591));
#9589=ORIENTED_EDGE('',*,*,#9592,.T.);
#9590=ORIENTED_EDGE('',*,*,#9593,.T.);
#9591=ORIENTED_EDGE('',*,*,#9594,.T.);
#9592=EDGE_CURVE('',#387,#159,#9595,.F.);
#9593=EDGE_CURVE('',#159,#517,#9596,.T.);
#9594=EDGE_CURVE('',#517,#387,#9597,.T.);
#9595=LINE('',#386,#9598);
#9596=LINE('',#158,#9599);
#9597=LINE('',#516,#9600);
#9598=VECTOR('',#9601,1.0);
#9599=VECTOR('',#9602,1.0);
#9600=VECTOR('',#9603,1.0);
#9601=DIRECTION('',(0,0,1));
#9602=DIRECTION('',(-0.031651121498496734,0.00233214776540883,-0.9994962569187978));
#9603=DIRECTION('',(0.9972964157014067,-0.07348373445278193,-2.0512317587433274E-16));
#9604=FACE_SURFACE('',(#9609),#9605,.T.);
#9605=PLANE('',#9606);
#9606=AXIS2_PLACEMENT_3D('',#76,#9607,#9608);
#9607=DIRECTION('',(-1,0,0));
#9608=DIRECTION('',(0,0,1));
#9609=FACE_BOUND('',#9610,.T.);
#9610=EDGE_LOOP('',(#9611,#9612,#9613));
#9611=ORIENTED_EDGE('',*,*,#9614,.T.);
#9612=ORIENTED_EDGE('',*,*,#9615,.T.);
#9613=ORIENTED_EDGE('',*,*,#9616,.T.);
#9614=EDGE_CURVE('',#77,#37,#9617,.F.);
#9615=EDGE_CURVE('',#37,#55,#9618,.T.);
#9616=EDGE_CURVE('',#55,#77,#9619,.T.);
#9617=LINE('',#76,#9620);
#9618=LINE('',#36,#9621);
#9619=LINE('',#54,#9622);
#9620=VECTOR('',#9623,1.0);
#9621=VECTOR('',#9624,1.0);
#9622=VECTOR('',#9625,1.0);
#9623=DIRECTION('',(0,0,1));
#9624=DIRECTION('',(0,0.9970544855015816,-0.0766964988847367));
#9625=DIRECTION('',(0,-1,2.220446266438248E-16));
#9626=FACE_SURFACE('',(#9631),#9627,.T.);
#9627=PLANE('',#9628);
#9628=AXIS2_PLACEMENT_3D('',#56,#9629,#9630);
#9629=DIRECTION('',(-1,-0,-0));
#9630=DIRECTION('',(0,0,-1));
#9631=FACE_BOUND('',#9632,.T.);
#9632=EDGE_LOOP('',(#9633,#9634,#9635));
#9633=ORIENTED_EDGE('',*,*,#9636,.T.);
#9634=ORIENTED_EDGE('',*,*,#9637,.T.);
#9635=ORIENTED_EDGE('',*,*,#9638,.T.);
#9636=EDGE_CURVE('',#57,#55,#9639,.F.);
#9637=EDGE_CURVE('',#55,#37,#9640,.T.);
#9638=EDGE_CURVE('',#37,#57,#9641,.T.);
#9639=LINE('',#56,#9642);
#9640=LINE('',#54,#9643);
#9641=LINE('',#36,#9644);
#9642=VECTOR('',#9645,1.0);
#9643=VECTOR('',#9646,1.0);
#9644=VECTOR('',#9647,1.0);
#9645=DIRECTION('',(0,0,-1));
#9646=DIRECTION('',(0,-0.9970544855015816,0.0766964988847367));
#9647=DIRECTION('',(0,1,0));
#9648=FACE_SURFACE('',(#9653),#9649,.T.);
#9649=PLANE('',#9650);
#9650=AXIS2_PLACEMENT_3D('',#148,#9651,#9652);
#9651=DIRECTION('',(-2.220446537848004E-16,-2.220446515589538E-16,-1));
#9652=DIRECTION('',(-0.9363994670134781,-0.35093594597429656,2.8584594530065386E-16));
#9653=FACE_BOUND('',#9654,.T.);
#9654=EDGE_LOOP('',(#9655,#9656,#9657));
#9655=ORIENTED_EDGE('',*,*,#9658,.T.);
#9656=ORIENTED_EDGE('',*,*,#9659,.T.);
#9657=ORIENTED_EDGE('',*,*,#9660,.T.);
#9658=EDGE_CURVE('',#149,#455,#9661,.F.);
#9659=EDGE_CURVE('',#455,#211,#9662,.T.);
#9660=EDGE_CURVE('',#211,#149,#9663,.T.);
#9661=LINE('',#148,#9664);
#9662=LINE('',#454,#9665);
#9663=LINE('',#210,#9666);
#9664=VECTOR('',#9667,1.0);
#9665=VECTOR('',#9668,1.0);
#9666=VECTOR('',#9669,1.0);
#9667=DIRECTION('',(-0.9363994670134781,-0.35093594597429656,2.8584594530065386E-16));
#9668=DIRECTION('',(0.6506954574372221,0.7593388055871794,-3.130905680677877E-16));
#9669=DIRECTION('',(1,0,-2.220446537848004E-16));
#9670=FACE_SURFACE('',(#9675),#9671,.T.);
#9671=PLANE('',#9672);
#9672=AXIS2_PLACEMENT_3D('',#446,#9673,#9674);
#9673=DIRECTION('',(-2.2204458727851297E-16,-2.220446487977168E-16,-1));
#9674=DIRECTION('',(-0.9559491933306826,-0.2935321784241334,2.774405935613543E-16));
#9675=FACE_BOUND('',#9676,.T.);
#9676=EDGE_LOOP('',(#9677,#9678,#9679));
#9677=ORIENTED_EDGE('',*,*,#9680,.T.);
#9678=ORIENTED_EDGE('',*,*,#9681,.T.);
#9679=ORIENTED_EDGE('',*,*,#9682,.T.);
#9680=EDGE_CURVE('',#447,#445,#9683,.F.);
#9681=EDGE_CURVE('',#445,#149,#9684,.T.);
#9682=EDGE_CURVE('',#149,#447,#9685,.T.);
#9683=LINE('',#446,#9686);
#9684=LINE('',#444,#9687);
#9685=LINE('',#148,#9688);
#9686=VECTOR('',#9689,1.0);
#9687=VECTOR('',#9690,1.0);
#9688=VECTOR('',#9691,1.0);
#9689=DIRECTION('',(-0.9559491933306826,-0.2935321784241334,2.774405935613543E-16));
#9690=DIRECTION('',(0.9277644307920178,0.3731663984835229,-2.8886467202128077E-16));
#9691=DIRECTION('',(1,0,-2.2204458727851297E-16));
#9692=FACE_SURFACE('',(#9697),#9693,.T.);
#9693=PLANE('',#9694);
#9694=AXIS2_PLACEMENT_3D('',#158,#9695,#9696);
#9695=DIRECTION('',(-0.1900212804786283,-0.9817799717682483,-0));
#9696=DIRECTION('',(0,0,-1));
#9697=FACE_BOUND('',#9698,.T.);
#9698=EDGE_LOOP('',(#9699,#9700,#9701));
#9699=ORIENTED_EDGE('',*,*,#9702,.T.);
#9700=ORIENTED_EDGE('',*,*,#9703,.T.);
#9701=ORIENTED_EDGE('',*,*,#9704,.T.);
#9702=EDGE_CURVE('',#159,#387,#9705,.F.);
#9703=EDGE_CURVE('',#387,#385,#9706,.T.);
#9704=EDGE_CURVE('',#385,#159,#9707,.T.);
#9705=LINE('',#158,#9708);
#9706=LINE('',#386,#9709);
#9707=LINE('',#384,#9710);
#9708=VECTOR('',#9711,1.0);
#9709=VECTOR('',#9712,1.0);
#9710=VECTOR('',#9713,1.0);
#9711=DIRECTION('',(0,0,-1));
#9712=DIRECTION('',(0.9817799717682484,-0.19002128047862832,-1.758102168429048E-16));
#9713=DIRECTION('',(-0.030984060340293038,0.005996894405663592,0.9995018885736616));
#9714=FACE_SURFACE('',(#9719),#9715,.T.);
#9715=PLANE('',#9716);
#9716=AXIS2_PLACEMENT_3D('',#158,#9717,#9718);
#9717=DIRECTION('',(-0.1900212804786283,-0.9817799717682483,0));
#9718=DIRECTION('',(0.030984060340293038,-0.005996894405663592,-0.9995018885736616));
#9719=FACE_BOUND('',#9720,.T.);
#9720=EDGE_LOOP('',(#9721,#9722,#9723));
#9721=ORIENTED_EDGE('',*,*,#9724,.T.);
#9722=ORIENTED_EDGE('',*,*,#9725,.T.);
#9723=ORIENTED_EDGE('',*,*,#9726,.T.);
#9724=EDGE_CURVE('',#159,#385,#9727,.F.);
#9725=EDGE_CURVE('',#385,#407,#9728,.T.);
#9726=EDGE_CURVE('',#407,#159,#9729,.T.);
#9727=LINE('',#158,#9730);
#9728=LINE('',#384,#9731);
#9729=LINE('',#406,#9732);
#9730=VECTOR('',#9733,1.0);
#9731=VECTOR('',#9734,1.0);
#9732=VECTOR('',#9735,1.0);
#9733=DIRECTION('',(0.030984060340293038,-0.005996894405663592,-0.9995018885736616));
#9734=DIRECTION('',(0,0,1));
#9735=DIRECTION('',(-0.9817799717682484,0.19002128047862832,0));
#9736=FACE_SURFACE('',(#9741),#9737,.T.);
#9737=PLANE('',#9738);
#9738=AXIS2_PLACEMENT_3D('',#750,#9739,#9740);
#9739=DIRECTION('',(0,0,1));
#9740=DIRECTION('',(-0.7251501778812625,0.6885907489349341,0));
#9741=FACE_BOUND('',#9742,.T.);
#9742=EDGE_LOOP('',(#9743,#9744,#9745));
#9743=ORIENTED_EDGE('',*,*,#9746,.T.);
#9744=ORIENTED_EDGE('',*,*,#9747,.T.);
#9745=ORIENTED_EDGE('',*,*,#9748,.T.);
#9746=EDGE_CURVE('',#751,#57,#9749,.F.);
#9747=EDGE_CURVE('',#57,#715,#9750,.T.);
#9748=EDGE_CURVE('',#715,#751,#9751,.T.);
#9749=LINE('',#750,#9752);
#9750=LINE('',#56,#9753);
#9751=LINE('',#714,#9754);
#9752=VECTOR('',#9755,1.0);
#9753=VECTOR('',#9756,1.0);
#9754=VECTOR('',#9757,1.0);
#9755=DIRECTION('',(-0.7251501778812625,0.6885907489349341,0));
#9756=DIRECTION('',(0.7206910725132126,-0.6932563580665925,0));
#9757=DIRECTION('',(-0.18999811557599663,0.9817844549989423,0));
#9758=FACE_SURFACE('',(#9763),#9759,.T.);
#9759=PLANE('',#9760);
#9760=AXIS2_PLACEMENT_3D('',#144,#9761,#9762);
#9761=DIRECTION('',(-0.7479877490497359,-0.6637125336103797,0));
#9762=DIRECTION('',(0,0,1));
#9763=FACE_BOUND('',#9764,.T.);
#9764=EDGE_LOOP('',(#9765,#9766,#9767));
#9765=ORIENTED_EDGE('',*,*,#9768,.T.);
#9766=ORIENTED_EDGE('',*,*,#9769,.T.);
#9767=ORIENTED_EDGE('',*,*,#9770,.T.);
#9768=EDGE_CURVE('',#145,#675,#9771,.F.);
#9769=EDGE_CURVE('',#675,#137,#9772,.T.);
#9770=EDGE_CURVE('',#137,#145,#9773,.T.);
#9771=LINE('',#144,#9774);
#9772=LINE('',#674,#9775);
#9773=LINE('',#136,#9776);
#9774=VECTOR('',#9777,1.0);
#9775=VECTOR('',#9778,1.0);
#9776=VECTOR('',#9779,1.0);
#9777=DIRECTION('',(0,0,1));
#9778=DIRECTION('',(-0.020989404893984022,0.02365454458896946,-0.9994998286155355));
#9779=DIRECTION('',(0.6637125336103797,-0.7479877490497359,1.871285691720373E-17));
#9780=FACE_SURFACE('',(#9785),#9781,.T.);
#9781=PLANE('',#9782);
#9782=AXIS2_PLACEMENT_3D('',#674,#9783,#9784);
#9783=DIRECTION('',(-0.7479877490497359,-0.6637125336103797,0));
#9784=DIRECTION('',(-0.6637125336103797,0.7479877490497359,0));
#9785=FACE_BOUND('',#9786,.T.);
#9786=EDGE_LOOP('',(#9787,#9788,#9789));
#9787=ORIENTED_EDGE('',*,*,#9790,.T.);
#9788=ORIENTED_EDGE('',*,*,#9791,.T.);
#9789=ORIENTED_EDGE('',*,*,#9792,.T.);
#9790=EDGE_CURVE('',#675,#429,#9793,.F.);
#9791=EDGE_CURVE('',#429,#137,#9794,.T.);
#9792=EDGE_CURVE('',#137,#675,#9795,.T.);
#9793=LINE('',#674,#9796);
#9794=LINE('',#428,#9797);
#9795=LINE('',#136,#9798);
#9796=VECTOR('',#9799,1.0);
#9797=VECTOR('',#9800,1.0);
#9798=VECTOR('',#9801,1.0);
#9799=DIRECTION('',(-0.6637125336103797,0.7479877490497359,0));
#9800=DIRECTION('',(0,0,-1));
#9801=DIRECTION('',(0.020989404893984022,-0.02365454458896946,0.9994998286155355));
#9802=FACE_SURFACE('',(#9807),#9803,.T.);
#9803=PLANE('',#9804);
#9804=AXIS2_PLACEMENT_3D('',#722,#9805,#9806);
#9805=DIRECTION('',(0,0,1));
#9806=DIRECTION('',(-0.7303924324503014,0.6830277407392266,0));
#9807=FACE_BOUND('',#9808,.T.);
#9808=EDGE_LOOP('',(#9809,#9810,#9811));
#9809=ORIENTED_EDGE('',*,*,#9812,.T.);
#9810=ORIENTED_EDGE('',*,*,#9813,.T.);
#9811=ORIENTED_EDGE('',*,*,#9814,.T.);
#9812=EDGE_CURVE('',#723,#57,#9815,.F.);
#9813=EDGE_CURVE('',#57,#751,#9816,.T.);
#9814=EDGE_CURVE('',#751,#723,#9817,.T.);
#9815=LINE('',#722,#9818);
#9816=LINE('',#56,#9819);
#9817=LINE('',#750,#9820);
#9818=VECTOR('',#9821,1.0);
#9819=VECTOR('',#9822,1.0);
#9820=VECTOR('',#9823,1.0);
#9821=DIRECTION('',(-0.7303924324503014,0.6830277407392266,0));
#9822=DIRECTION('',(0.7251501778812625,-0.6885907489349341,0));
#9823=DIRECTION('',(-0.07348520185537083,0.9972963075777806,0));
#9824=FACE_SURFACE('',(#9829),#9825,.T.);
#9825=PLANE('',#9826);
#9826=AXIS2_PLACEMENT_3D('',#704,#9827,#9828);
#9827=DIRECTION('',(0,0,1));
#9828=DIRECTION('',(-0.43883585982299034,0.8985672418541735,0));
#9829=FACE_BOUND('',#9830,.T.);
#9830=EDGE_LOOP('',(#9831,#9832,#9833));
#9831=ORIENTED_EDGE('',*,*,#9834,.T.);
#9832=ORIENTED_EDGE('',*,*,#9835,.T.);
#9833=ORIENTED_EDGE('',*,*,#9836,.T.);
#9834=EDGE_CURVE('',#705,#703,#9837,.F.);
#9835=EDGE_CURVE('',#703,#115,#9838,.T.);
#9836=EDGE_CURVE('',#115,#705,#9839,.T.);
#9837=LINE('',#704,#9840);
#9838=LINE('',#702,#9841);
#9839=LINE('',#114,#9842);
#9840=VECTOR('',#9843,1.0);
#9841=VECTOR('',#9844,1.0);
#9842=VECTOR('',#9845,1.0);
#9843=DIRECTION('',(-0.43883585982299034,0.8985672418541735,0));
#9844=DIRECTION('',(-0.021185219442501513,-0.9997755680537372,0));
#9845=DIRECTION('',(0.022827027349879053,0.9997394294626815,0));
#9846=FACE_SURFACE('',(#9851),#9847,.T.);
#9847=PLANE('',#9848);
#9848=AXIS2_PLACEMENT_3D('',#752,#9849,#9850);
#9849=DIRECTION('',(0.6637025579422815,0.747996600647939,-0));
#9850=DIRECTION('',(0,0,1));
#9851=FACE_BOUND('',#9852,.T.);
#9852=EDGE_LOOP('',(#9853,#9854,#9855));
#9853=ORIENTED_EDGE('',*,*,#9856,.T.);
#9854=ORIENTED_EDGE('',*,*,#9857,.T.);
#9855=ORIENTED_EDGE('',*,*,#9858,.T.);
#9856=EDGE_CURVE('',#753,#113,#9859,.F.);
#9857=EDGE_CURVE('',#113,#741,#9860,.T.);
#9858=EDGE_CURVE('',#741,#753,#9861,.T.);
#9859=LINE('',#752,#9862);
#9860=LINE('',#112,#9863);
#9861=LINE('',#740,#9864);
#9862=VECTOR('',#9865,1.0);
#9863=VECTOR('',#9866,1.0);
#9864=VECTOR('',#9867,1.0);
#9865=DIRECTION('',(0,0,1));
#9866=DIRECTION('',(0.023655179698265926,-0.020989404578474778,-0.9994998135912201));
#9867=DIRECTION('',(-0.7479966006479392,0.6637025579422815,1.871257566102681E-17));
#9868=FACE_SURFACE('',(#9873),#9869,.T.);
#9869=PLANE('',#9870);
#9870=AXIS2_PLACEMENT_3D('',#754,#9871,#9872);
#9871=DIRECTION('',(0,0,1));
#9872=DIRECTION('',(-0.7500894686150581,0.661336366059496,0));
#9873=FACE_BOUND('',#9874,.T.);
#9874=EDGE_LOOP('',(#9875,#9876,#9877));
#9875=ORIENTED_EDGE('',*,*,#9878,.T.);
#9876=ORIENTED_EDGE('',*,*,#9879,.T.);
#9877=ORIENTED_EDGE('',*,*,#9880,.T.);
#9878=EDGE_CURVE('',#755,#57,#9881,.F.);
#9879=EDGE_CURVE('',#57,#735,#9882,.T.);
#9880=EDGE_CURVE('',#735,#755,#9883,.T.);
#9881=LINE('',#754,#9884);
#9882=LINE('',#56,#9885);
#9883=LINE('',#734,#9886);
#9884=VECTOR('',#9887,1.0);
#9885=VECTOR('',#9888,1.0);
#9886=VECTOR('',#9889,1.0);
#9887=DIRECTION('',(-0.7500894686150581,0.661336366059496,0));
#9888=DIRECTION('',(0.7430115789579409,-0.6692785619862835,0));
#9889=DIRECTION('',(0.3256856145113362,0.9454781226979149,0));
#9890=FACE_SURFACE('',(#9895),#9891,.T.);
#9891=PLANE('',#9892);
#9892=AXIS2_PLACEMENT_3D('',#756,#9893,#9894);
#9893=DIRECTION('',(-2.2204461782926316E-16,-2.22044624159939E-16,-1));
#9894=DIRECTION('',(0.6998111264458992,0.7143279270072826,-3.140019702036262E-16));
#9895=FACE_BOUND('',#9896,.T.);
#9896=EDGE_LOOP('',(#9897,#9898,#9899));
#9897=ORIENTED_EDGE('',*,*,#9900,.T.);
#9898=ORIENTED_EDGE('',*,*,#9901,.T.);
#9899=ORIENTED_EDGE('',*,*,#9902,.T.);
#9900=EDGE_CURVE('',#757,#211,#9903,.F.);
#9901=EDGE_CURVE('',#211,#711,#9904,.T.);
#9902=EDGE_CURVE('',#711,#757,#9905,.T.);
#9903=LINE('',#756,#9906);
#9904=LINE('',#210,#9907);
#9905=LINE('',#710,#9908);
#9906=VECTOR('',#9909,1.0);
#9907=VECTOR('',#9910,1.0);
#9908=VECTOR('',#9911,1.0);
#9909=DIRECTION('',(0.6998111264458992,0.7143279270072826,-3.140019702036262E-16));
#9910=DIRECTION('',(-0.6925788538173063,-0.7213421734829498,3.13953558714228E-16));
#9911=DIRECTION('',(-0.8304335555109672,0.5571176804602537,6.068831549537491E-17));
#9912=FACE_SURFACE('',(#9917),#9913,.T.);
#9913=PLANE('',#9914);
#9914=AXIS2_PLACEMENT_3D('',#752,#9915,#9916);
#9915=DIRECTION('',(0.747992174898728,0.6637075457536028,-0));
#9916=DIRECTION('',(-0.6637075457536028,0.747992174898728,-1.8712716288474476E-17));
#9917=FACE_BOUND('',#9918,.T.);
#9918=EDGE_LOOP('',(#9919,#9920,#9921));
#9919=ORIENTED_EDGE('',*,*,#9922,.T.);
#9920=ORIENTED_EDGE('',*,*,#9923,.T.);
#9921=ORIENTED_EDGE('',*,*,#9924,.T.);
#9922=EDGE_CURVE('',#753,#759,#9925,.F.);
#9923=EDGE_CURVE('',#759,#113,#9926,.T.);
#9924=EDGE_CURVE('',#113,#753,#9927,.T.);
#9925=LINE('',#752,#9928);
#9926=LINE('',#758,#9929);
#9927=LINE('',#112,#9930);
#9928=VECTOR('',#9931,1.0);
#9929=VECTOR('',#9932,1.0);
#9930=VECTOR('',#9933,1.0);
#9931=DIRECTION('',(-0.6637075457536028,0.747992174898728,-1.8712716288474476E-17));
#9932=DIRECTION('',(0.020989404736230458,-0.023654862143621277,0.9994998211034282));
#9933=DIRECTION('',(0,0,-1));
#9934=FACE_SURFACE('',(#9939),#9935,.T.);
#9935=PLANE('',#9936);
#9936=AXIS2_PLACEMENT_3D('',#718,#9937,#9938);
#9937=DIRECTION('',(0.747992174898728,0.6637075457536028,0));
#9938=DIRECTION('',(0.6637075457536028,-0.747992174898728,0));
#9939=FACE_BOUND('',#9940,.T.);
#9940=EDGE_LOOP('',(#9941,#9942,#9943));
#9941=ORIENTED_EDGE('',*,*,#9944,.T.);
#9942=ORIENTED_EDGE('',*,*,#9945,.T.);
#9943=ORIENTED_EDGE('',*,*,#9946,.T.);
#9944=EDGE_CURVE('',#719,#113,#9947,.F.);
#9945=EDGE_CURVE('',#113,#759,#9948,.T.);
#9946=EDGE_CURVE('',#759,#719,#9949,.T.);
#9947=LINE('',#718,#9950);
#9948=LINE('',#112,#9951);
#9949=LINE('',#758,#9952);
#9950=VECTOR('',#9953,1.0);
#9951=VECTOR('',#9954,1.0);
#9952=VECTOR('',#9955,1.0);
#9953=DIRECTION('',(0.6637075457536028,-0.747992174898728,0));
#9954=DIRECTION('',(-0.020989404736230458,0.023654862143621277,-0.9994998211034282));
#9955=DIRECTION('',(0,0,1));
#9956=FACE_SURFACE('',(#9961),#9957,.T.);
#9957=PLANE('',#9958);
#9958=AXIS2_PLACEMENT_3D('',#760,#9959,#9960);
#9959=DIRECTION('',(-2.2203965877900288E-16,-2.2204916363513E-16,-1));
#9960=DIRECTION('',(0.6851697069128855,0.7283834654417345,-3.1387178723564126E-16));
#9961=FACE_BOUND('',#9962,.T.);
#9962=EDGE_LOOP('',(#9963,#9964,#9965));
#9963=ORIENTED_EDGE('',*,*,#9966,.T.);
#9964=ORIENTED_EDGE('',*,*,#9967,.T.);
#9965=ORIENTED_EDGE('',*,*,#9968,.T.);
#9966=EDGE_CURVE('',#761,#211,#9969,.F.);
#9967=EDGE_CURVE('',#211,#763,#9970,.T.);
#9968=EDGE_CURVE('',#763,#761,#9971,.T.);
#9969=LINE('',#760,#9972);
#9970=LINE('',#210,#9973);
#9971=LINE('',#762,#9974);
#9972=VECTOR('',#9975,1.0);
#9973=VECTOR('',#9976,1.0);
#9974=VECTOR('',#9977,1.0);
#9975=DIRECTION('',(0.6851697069128855,0.7283834654417345,-3.1387178723564126E-16));
#9976=DIRECTION('',(-0.6777209762923642,-0.735319167636289,3.137579405018472E-16));
#9977=DIRECTION('',(-0.6637075457536028,0.747992174898728,-1.8721639853705033E-17));
#9978=FACE_SURFACE('',(#9983),#9979,.T.);
#9979=PLANE('',#9980);
#9980=AXIS2_PLACEMENT_3D('',#764,#9981,#9982);
#9981=DIRECTION('',(-0.3256677024511265,0.9454842926142161,0));
#9982=DIRECTION('',(-0.029984960503960767,-0.010328181305278565,0.9994969888971658));
#9983=FACE_BOUND('',#9984,.T.);
#9984=EDGE_LOOP('',(#9985,#9986,#9987));
#9985=ORIENTED_EDGE('',*,*,#9988,.T.);
#9986=ORIENTED_EDGE('',*,*,#9989,.T.);
#9987=ORIENTED_EDGE('',*,*,#9990,.T.);
#9988=EDGE_CURVE('',#765,#313,#9991,.F.);
#9989=EDGE_CURVE('',#313,#251,#9992,.T.);
#9990=EDGE_CURVE('',#251,#765,#9993,.T.);
#9991=LINE('',#764,#9994);
#9992=LINE('',#312,#9995);
#9993=LINE('',#250,#9996);
#9994=VECTOR('',#9997,1.0);
#9995=VECTOR('',#9998,1.0);
#9996=VECTOR('',#9999,1.0);
#9997=DIRECTION('',(-0.029984960503960767,-0.010328181305278565,0.9994969888971658));
#9998=DIRECTION('',(0.9454842926142162,0.3256677024511265,0));
#9999=DIRECTION('',(0,0,-1));
#10000=FACE_SURFACE('',(#10005),#10001,.T.);
#10001=PLANE('',#10002);
#10002=AXIS2_PLACEMENT_3D('',#720,#10003,#10004);
#10003=DIRECTION('',(0,-0,1));
#10004=DIRECTION('',(0.18999811557599663,0.9817844549989423,0));
#10005=FACE_BOUND('',#10006,.T.);
#10006=EDGE_LOOP('',(#10007,#10008,#10009));
#10007=ORIENTED_EDGE('',*,*,#10010,.T.);
#10008=ORIENTED_EDGE('',*,*,#10011,.T.);
#10009=ORIENTED_EDGE('',*,*,#10012,.T.);
#10010=EDGE_CURVE('',#721,#735,#10013,.F.);
#10011=EDGE_CURVE('',#735,#57,#10014,.T.);
#10012=EDGE_CURVE('',#57,#721,#10015,.T.);
#10013=LINE('',#720,#10016);
#10014=LINE('',#734,#10017);
#10015=LINE('',#56,#10018);
#10016=VECTOR('',#10019,1.0);
#10017=VECTOR('',#10020,1.0);
#10018=VECTOR('',#10021,1.0);
#10019=DIRECTION('',(0.18999811557599663,0.9817844549989423,0));
#10020=DIRECTION('',(-0.7430115789579409,0.6692785619862835,0));
#10021=DIRECTION('',(0.7364505566882963,-0.6764913728596238,0));
#10022=FACE_SURFACE('',(#10027),#10023,.T.);
#10023=PLANE('',#10024);
#10024=AXIS2_PLACEMENT_3D('',#766,#10025,#10026);
#10025=DIRECTION('',(0.8304428314219604,0.5571038536394068,-0));
#10026=DIRECTION('',(0,0,1));
#10027=FACE_BOUND('',#10028,.T.);
#10028=EDGE_LOOP('',(#10029,#10030,#10031));
#10029=ORIENTED_EDGE('',*,*,#10032,.T.);
#10030=ORIENTED_EDGE('',*,*,#10033,.T.);
#10031=ORIENTED_EDGE('',*,*,#10034,.T.);
#10032=EDGE_CURVE('',#767,#705,#10035,.F.);
#10033=EDGE_CURVE('',#705,#719,#10036,.T.);
#10034=EDGE_CURVE('',#719,#767,#10037,.T.);
#10035=LINE('',#766,#10038);
#10036=LINE('',#704,#10039);
#10037=LINE('',#718,#10040);
#10038=VECTOR('',#10041,1.0);
#10039=VECTOR('',#10042,1.0);
#10040=VECTOR('',#10043,1.0);
#10041=DIRECTION('',(0,0,1));
#10042=DIRECTION('',(0.5571038536394067,-0.8304428314219603,0));
#10043=DIRECTION('',(-0.017656987903838704,0.026320261354246574,-0.999497611112907));
#10044=FACE_SURFACE('',(#10049),#10045,.T.);
#10045=PLANE('',#10046);
#10046=AXIS2_PLACEMENT_3D('',#766,#10047,#10048);
#10047=DIRECTION('',(0.8304428314219604,0.5571038536394068,0));
#10048=DIRECTION('',(0.017656987903838704,-0.026320261354246574,0.999497611112907));
#10049=FACE_BOUND('',#10050,.T.);
#10050=EDGE_LOOP('',(#10051,#10052,#10053));
#10051=ORIENTED_EDGE('',*,*,#10054,.T.);
#10052=ORIENTED_EDGE('',*,*,#10055,.T.);
#10053=ORIENTED_EDGE('',*,*,#10056,.T.);
#10054=EDGE_CURVE('',#767,#719,#10057,.F.);
#10055=EDGE_CURVE('',#719,#759,#10058,.T.);
#10056=EDGE_CURVE('',#759,#767,#10059,.T.);
#10057=LINE('',#766,#10060);
#10058=LINE('',#718,#10061);
#10059=LINE('',#758,#10062);
#10060=VECTOR('',#10063,1.0);
#10061=VECTOR('',#10064,1.0);
#10062=VECTOR('',#10065,1.0);
#10063=DIRECTION('',(0.017656987903838704,-0.026320261354246574,0.999497611112907));
#10064=DIRECTION('',(0,0,-1));
#10065=DIRECTION('',(-0.5571038536394067,0.8304428314219603,-6.068899338153344E-17));
#10066=FACE_SURFACE('',(#10071),#10067,.T.);
#10067=PLANE('',#10068);
#10068=AXIS2_PLACEMENT_3D('',#396,#10069,#10070);
#10069=DIRECTION('',(-0.9972963616404034,0.07348446814677066,0));
#10070=DIRECTION('',(-0.0023321477888620782,-0.031650804085489904,0.9994962669702337));
#10071=FACE_BOUND('',#10072,.T.);
#10072=EDGE_LOOP('',(#10073,#10074,#10075));
#10073=ORIENTED_EDGE('',*,*,#10076,.T.);
#10074=ORIENTED_EDGE('',*,*,#10077,.T.);
#10075=ORIENTED_EDGE('',*,*,#10078,.T.);
#10076=EDGE_CURVE('',#397,#631,#10079,.F.);
#10077=EDGE_CURVE('',#631,#269,#10080,.T.);
#10078=EDGE_CURVE('',#269,#397,#10081,.T.);
#10079=LINE('',#396,#10082);
#10080=LINE('',#630,#10083);
#10081=LINE('',#268,#10084);
#10082=VECTOR('',#10085,1.0);
#10083=VECTOR('',#10086,1.0);
#10084=VECTOR('',#10087,1.0);
#10085=DIRECTION('',(-0.0023321477888620782,-0.031650804085489904,0.9994962669702337));
#10086=DIRECTION('',(0.07348446814677068,0.9972963616404034,0));
#10087=DIRECTION('',(0,0,-1));
#10088=FACE_SURFACE('',(#10093),#10089,.T.);
#10089=PLANE('',#10090);
#10090=AXIS2_PLACEMENT_3D('',#748,#10091,#10092);
#10091=DIRECTION('',(-2.2205227632019335E-16,-2.220378356778886E-16,-1));
#10092=DIRECTION('',(0.6633006434460095,0.7483530292609964,-3.134501047019386E-16));
#10093=FACE_BOUND('',#10094,.T.);
#10094=EDGE_LOOP('',(#10095,#10096,#10097));
#10095=ORIENTED_EDGE('',*,*,#10098,.T.);
#10096=ORIENTED_EDGE('',*,*,#10099,.T.);
#10097=ORIENTED_EDGE('',*,*,#10100,.T.);
#10098=EDGE_CURVE('',#749,#211,#10101,.F.);
#10099=EDGE_CURVE('',#211,#707,#10102,.T.);
#10100=EDGE_CURVE('',#707,#749,#10103,.T.);
#10101=LINE('',#748,#10104);
#10102=LINE('',#210,#10105);
#10103=LINE('',#706,#10106);
#10104=VECTOR('',#10107,1.0);
#10105=VECTOR('',#10108,1.0);
#10106=VECTOR('',#10109,1.0);
#10107=DIRECTION('',(0.6633006434460095,0.7483530292609964,-3.134501047019386E-16));
#10108=DIRECTION('',(-0.6566714294170841,-0.7541767921298849,3.1327116833951125E-16));
#10109=DIRECTION('',(-0.3256497900402563,0.9454904622716916,-1.3762337873526084E-16));
#10110=FACE_SURFACE('',(#10115),#10111,.T.);
#10111=PLANE('',#10112);
#10112=AXIS2_PLACEMENT_3D('',#762,#10113,#10114);
#10113=DIRECTION('',(-2.220446049250313E-16,-2.220446049250313E-16,-1));
#10114=DIRECTION('',(0.6777209762923642,0.735319167636289,-3.137579405018472E-16));
#10115=FACE_BOUND('',#10116,.T.);
#10116=EDGE_LOOP('',(#10117,#10118,#10119));
#10117=ORIENTED_EDGE('',*,*,#10120,.T.);
#10118=ORIENTED_EDGE('',*,*,#10121,.T.);
#10119=ORIENTED_EDGE('',*,*,#10122,.T.);
#10120=EDGE_CURVE('',#763,#211,#10123,.F.);
#10121=EDGE_CURVE('',#211,#747,#10124,.T.);
#10122=EDGE_CURVE('',#747,#763,#10125,.T.);
#10123=LINE('',#762,#10126);
#10124=LINE('',#210,#10127);
#10125=LINE('',#746,#10128);
#10126=VECTOR('',#10129,1.0);
#10127=VECTOR('',#10130,1.0);
#10128=VECTOR('',#10131,1.0);
#10129=DIRECTION('',(0.6777209762923642,0.735319167636289,-3.137579405018472E-16));
#10130=DIRECTION('',(-0.670381662501444,-0.7420164597782183,3.1361538305844366E-16));
#10131=DIRECTION('',(-0.5571176804602537,0.8304335555109672,-6.068831549537491E-17));
#10132=FACE_SURFACE('',(#10137),#10133,.T.);
#10133=PLANE('',#10134);
#10134=AXIS2_PLACEMENT_3D('',#768,#10135,#10136);
#10135=DIRECTION('',(0.5571176804602537,-0.8304335555109672,0));
#10136=DIRECTION('',(0.02632026105891817,0.017657623169177412,-0.9994975998979716));
#10137=FACE_BOUND('',#10138,.T.);
#10138=EDGE_LOOP('',(#10139,#10140,#10141));
#10139=ORIENTED_EDGE('',*,*,#10142,.T.);
#10140=ORIENTED_EDGE('',*,*,#10143,.T.);
#10141=ORIENTED_EDGE('',*,*,#10144,.T.);
#10142=EDGE_CURVE('',#769,#433,#10145,.F.);
#10143=EDGE_CURVE('',#433,#771,#10146,.T.);
#10144=EDGE_CURVE('',#771,#769,#10147,.T.);
#10145=LINE('',#768,#10148);
#10146=LINE('',#432,#10149);
#10147=LINE('',#770,#10150);
#10148=VECTOR('',#10151,1.0);
#10149=VECTOR('',#10152,1.0);
#10150=VECTOR('',#10153,1.0);
#10151=DIRECTION('',(0.02632026105891817,0.017657623169177412,-0.9994975998979716));
#10152=DIRECTION('',(0,0,1));
#10153=DIRECTION('',(-0.8304335555109672,-0.5571176804602537,0));
#10154=FACE_SURFACE('',(#10159),#10155,.T.);
#10155=PLANE('',#10156);
#10156=AXIS2_PLACEMENT_3D('',#704,#10157,#10158);
#10157=DIRECTION('',(0.8985672418541736,0.43883585982299034,0));
#10158=DIRECTION('',(0,0,-1));
#10159=FACE_BOUND('',#10160,.T.);
#10160=EDGE_LOOP('',(#10161,#10162,#10163));
#10161=ORIENTED_EDGE('',*,*,#10164,.T.);
#10162=ORIENTED_EDGE('',*,*,#10165,.T.);
#10163=ORIENTED_EDGE('',*,*,#10166,.T.);
#10164=EDGE_CURVE('',#705,#767,#10167,.F.);
#10165=EDGE_CURVE('',#767,#701,#10168,.T.);
#10166=EDGE_CURVE('',#701,#705,#10169,.T.);
#10167=LINE('',#704,#10170);
#10168=LINE('',#766,#10171);
#10169=LINE('',#700,#10172);
#10170=VECTOR('',#10173,1.0);
#10171=VECTOR('',#10174,1.0);
#10172=VECTOR('',#10175,1.0);
#10173=DIRECTION('',(0,0,-1));
#10174=DIRECTION('',(-0.43883585982299034,0.8985672418541735,-1.0207866053491797E-16));
#10175=DIRECTION('',(0.013992820065376234,-0.028651919505800014,0.9994915049640247));
#10176=FACE_SURFACE('',(#10181),#10177,.T.);
#10177=PLANE('',#10178);
#10178=AXIS2_PLACEMENT_3D('',#772,#10179,#10180);
#10179=DIRECTION('',(0.7479877490497359,0.6637125336103799,-0));
#10180=DIRECTION('',(0,0,1));
#10181=FACE_BOUND('',#10182,.T.);
#10182=EDGE_LOOP('',(#10183,#10184,#10185));
#10183=ORIENTED_EDGE('',*,*,#10186,.T.);
#10184=ORIENTED_EDGE('',*,*,#10187,.T.);
#10185=ORIENTED_EDGE('',*,*,#10188,.T.);
#10186=EDGE_CURVE('',#773,#45,#10189,.F.);
#10187=EDGE_CURVE('',#45,#43,#10190,.T.);
#10188=EDGE_CURVE('',#43,#773,#10191,.T.);
#10189=LINE('',#772,#10192);
#10190=LINE('',#44,#10193);
#10191=LINE('',#42,#10194);
#10192=VECTOR('',#10195,1.0);
#10193=VECTOR('',#10196,1.0);
#10194=VECTOR('',#10197,1.0);
#10195=DIRECTION('',(0,0,1));
#10196=DIRECTION('',(0.6637125336103797,-0.7479877490497359,0));
#10197=DIRECTION('',(-0.020989404893984067,0.023654544588969508,-0.9994998286155354));
#10198=FACE_SURFACE('',(#10203),#10199,.T.);
#10199=PLANE('',#10200);
#10200=AXIS2_PLACEMENT_3D('',#698,#10201,#10202);
#10201=DIRECTION('',(-0.9817769422679222,0.1900369322817254,0));
#10202=DIRECTION('',(0,0,1));
#10203=FACE_BOUND('',#10204,.T.);
#10204=EDGE_LOOP('',(#10205,#10206,#10207));
#10205=ORIENTED_EDGE('',*,*,#10208,.T.);
#10206=ORIENTED_EDGE('',*,*,#10209,.T.);
#10207=ORIENTED_EDGE('',*,*,#10210,.T.);
#10208=EDGE_CURVE('',#699,#225,#10211,.F.);
#10209=EDGE_CURVE('',#225,#631,#10212,.T.);
#10210=EDGE_CURVE('',#631,#699,#10213,.T.);
#10211=LINE('',#698,#10214);
#10212=LINE('',#224,#10215);
#10213=LINE('',#630,#10216);
#10214=VECTOR('',#10217,1.0);
#10215=VECTOR('',#10218,1.0);
#10216=VECTOR('',#10219,1.0);
#10217=DIRECTION('',(0,0,1));
#10218=DIRECTION('',(0.1900369322817254,0.9817769422679222,0));
#10219=DIRECTION('',(-0.0059975297309052345,-0.03098469507832256,-0.9995018650848183));
#10220=FACE_SURFACE('',(#10225),#10221,.T.);
#10221=PLANE('',#10222);
#10222=AXIS2_PLACEMENT_3D('',#486,#10223,#10224);
#10223=DIRECTION('',(-0.557126956502431,0.8304273323646918,0));
#10224=DIRECTION('',(0,0,-1));
#10225=FACE_BOUND('',#10226,.T.);
#10226=EDGE_LOOP('',(#10227,#10228,#10229));
#10227=ORIENTED_EDGE('',*,*,#10230,.T.);
#10228=ORIENTED_EDGE('',*,*,#10231,.T.);
#10229=ORIENTED_EDGE('',*,*,#10232,.T.);
#10230=EDGE_CURVE('',#487,#641,#10233,.F.);
#10231=EDGE_CURVE('',#641,#651,#10234,.T.);
#10232=EDGE_CURVE('',#651,#487,#10235,.T.);
#10233=LINE('',#486,#10236);
#10234=LINE('',#640,#10237);
#10235=LINE('',#650,#10238);
#10236=VECTOR('',#10239,1.0);
#10237=VECTOR('',#10240,1.0);
#10238=VECTOR('',#10241,1.0);
#10239=DIRECTION('',(0,0,-1));
#10240=DIRECTION('',(-0.8304273323646918,-0.557126956502431,3.081033958587355E-16));
#10241=DIRECTION('',(0.026319626035663107,0.01765762346450748,0.9994976166149314));
#10242=FACE_SURFACE('',(#10247),#10243,.T.);
#10243=PLANE('',#10244);
#10244=AXIS2_PLACEMENT_3D('',#106,#10245,#10246);
#10245=DIRECTION('',(-2.2204461147452546E-16,-2.2204125110041186E-16,-1));
#10246=DIRECTION('',(0.7479827611823705,-0.6637181547720366,-1.871273213274242E-17));
#10247=FACE_BOUND('',#10248,.T.);
#10248=EDGE_LOOP('',(#10249,#10250,#10251));
#10249=ORIENTED_EDGE('',*,*,#10252,.T.);
#10250=ORIENTED_EDGE('',*,*,#10253,.T.);
#10251=ORIENTED_EDGE('',*,*,#10254,.T.);
#10252=EDGE_CURVE('',#107,#97,#10255,.F.);
#10253=EDGE_CURVE('',#97,#449,#10256,.T.);
#10254=EDGE_CURVE('',#449,#107,#10257,.T.);
#10255=LINE('',#106,#10258);
#10256=LINE('',#96,#10259);
#10257=LINE('',#448,#10260);
#10258=VECTOR('',#10261,1.0);
#10259=VECTOR('',#10262,1.0);
#10260=VECTOR('',#10263,1.0);
#10261=DIRECTION('',(0.7479827611823705,-0.6637181547720366,-1.871273213274242E-17));
#10262=DIRECTION('',(-1,0,2.2204461147452546E-16));
#10263=DIRECTION('',(0.9999995243480694,0.0009753479557880311,-2.222610733389387E-16));
#10264=FACE_SURFACE('',(#10269),#10265,.T.);
#10265=PLANE('',#10266);
#10266=AXIS2_PLACEMENT_3D('',#330,#10267,#10268);
#10267=DIRECTION('',(0.9454781226979149,0.32568561451133615,-0));
#10268=DIRECTION('',(0,0,1));
#10269=FACE_BOUND('',#10270,.T.);
#10270=EDGE_LOOP('',(#10271,#10272,#10273));
#10271=ORIENTED_EDGE('',*,*,#10274,.T.);
#10272=ORIENTED_EDGE('',*,*,#10275,.T.);
#10273=ORIENTED_EDGE('',*,*,#10276,.T.);
#10274=EDGE_CURVE('',#331,#715,#10277,.F.);
#10275=EDGE_CURVE('',#715,#701,#10278,.T.);
#10276=EDGE_CURVE('',#701,#331,#10279,.T.);
#10277=LINE('',#330,#10280);
#10278=LINE('',#714,#10281);
#10279=LINE('',#700,#10282);
#10280=VECTOR('',#10283,1.0);
#10281=VECTOR('',#10284,1.0);
#10282=VECTOR('',#10285,1.0);
#10283=DIRECTION('',(0,0,1));
#10284=DIRECTION('',(0.010328816700558406,-0.029984960307158172,-0.9994969823370876));
#10285=DIRECTION('',(-0.3256856145113362,0.9454781226979149,-1.3763048094648374E-16));
#10286=FACE_SURFACE('',(#10291),#10287,.T.);
#10287=PLANE('',#10288);
#10288=AXIS2_PLACEMENT_3D('',#770,#10289,#10290);
#10289=DIRECTION('',(0.43883193062362774,-0.8985691607578905,0));
#10290=DIRECTION('',(0,0,-1));
#10291=FACE_BOUND('',#10292,.T.);
#10292=EDGE_LOOP('',(#10293,#10294,#10295));
#10293=ORIENTED_EDGE('',*,*,#10296,.T.);
#10294=ORIENTED_EDGE('',*,*,#10297,.T.);
#10295=ORIENTED_EDGE('',*,*,#10298,.T.);
#10296=EDGE_CURVE('',#771,#433,#10299,.F.);
#10297=EDGE_CURVE('',#433,#775,#10300,.T.);
#10298=EDGE_CURVE('',#775,#771,#10301,.T.);
#10299=LINE('',#770,#10302);
#10300=LINE('',#432,#10303);
#10301=LINE('',#774,#10304);
#10302=VECTOR('',#10305,1.0);
#10303=VECTOR('',#10306,1.0);
#10304=VECTOR('',#10307,1.0);
#10305=DIRECTION('',(0,0,-1));
#10306=DIRECTION('',(0.02865223697475355,0.013992819937990933,0.9994914958650352));
#10307=DIRECTION('',(-0.8985691607578904,-0.43883193062362763,0));
#10308=FACE_SURFACE('',(#10313),#10309,.T.);
#10309=PLANE('',#10310);
#10310=AXIS2_PLACEMENT_3D('',#46,#10311,#10312);
#10311=DIRECTION('',(0.8304242795769872,0.5571315068177726,0));
#10312=DIRECTION('',(0.5571315068177726,-0.8304242795769873,0));
#10313=FACE_BOUND('',#10314,.T.);
#10314=EDGE_LOOP('',(#10315,#10316,#10317));
#10315=ORIENTED_EDGE('',*,*,#10318,.T.);
#10316=ORIENTED_EDGE('',*,*,#10319,.T.);
#10317=ORIENTED_EDGE('',*,*,#10320,.T.);
#10318=EDGE_CURVE('',#47,#45,#10321,.F.);
#10319=EDGE_CURVE('',#45,#773,#10322,.T.);
#10320=EDGE_CURVE('',#773,#47,#10323,.T.);
#10321=LINE('',#46,#10324);
#10322=LINE('',#44,#10325);
#10323=LINE('',#772,#10326);
#10324=VECTOR('',#10327,1.0);
#10325=VECTOR('',#10328,1.0);
#10326=VECTOR('',#10329,1.0);
#10327=DIRECTION('',(0.5571315068177726,-0.8304242795769873,0));
#10328=DIRECTION('',(0,0,-1));
#10329=DIRECTION('',(-0.017658258434494777,0.026320260763579212,0.9994975886826329));
#10330=FACE_SURFACE('',(#10335),#10331,.T.);
#10331=PLANE('',#10332);
#10332=AXIS2_PLACEMENT_3D('',#224,#10333,#10334);
#10333=DIRECTION('',(-0.9454904622716916,0.32564979004025624,0));
#10334=DIRECTION('',(0,0,-1));
#10335=FACE_BOUND('',#10336,.T.);
#10336=EDGE_LOOP('',(#10337,#10338,#10339));
#10337=ORIENTED_EDGE('',*,*,#10340,.T.);
#10338=ORIENTED_EDGE('',*,*,#10341,.T.);
#10339=ORIENTED_EDGE('',*,*,#10342,.T.);
#10340=EDGE_CURVE('',#225,#699,#10343,.F.);
#10341=EDGE_CURVE('',#699,#697,#10344,.T.);
#10342=EDGE_CURVE('',#697,#225,#10345,.T.);
#10343=LINE('',#224,#10346);
#10344=LINE('',#698,#10347);
#10345=LINE('',#696,#10348);
#10346=VECTOR('',#10349,1.0);
#10347=VECTOR('',#10350,1.0);
#10348=VECTOR('',#10351,1.0);
#10349=DIRECTION('',(0,0,-1));
#10350=DIRECTION('',(-0.3256497900402563,-0.9454904622716916,2.822542843523281E-16));
#10351=DIRECTION('',(0.010327545909986241,0.02998496070075134,0.9994969954568406));
#10352=FACE_SURFACE('',(#10357),#10353,.T.);
#10353=PLANE('',#10354);
#10354=AXIS2_PLACEMENT_3D('',#224,#10355,#10356);
#10355=DIRECTION('',(-0.9454904622716916,0.32564979004025624,0));
#10356=DIRECTION('',(-0.010327545909986241,-0.02998496070075134,-0.9994969954568406));
#10357=FACE_BOUND('',#10358,.T.);
#10358=EDGE_LOOP('',(#10359,#10360,#10361));
#10359=ORIENTED_EDGE('',*,*,#10362,.T.);
#10360=ORIENTED_EDGE('',*,*,#10363,.T.);
#10361=ORIENTED_EDGE('',*,*,#10364,.T.);
#10362=EDGE_CURVE('',#225,#697,#10365,.F.);
#10363=EDGE_CURVE('',#697,#223,#10366,.T.);
#10364=EDGE_CURVE('',#223,#225,#10367,.T.);
#10365=LINE('',#224,#10368);
#10366=LINE('',#696,#10369);
#10367=LINE('',#222,#10370);
#10368=VECTOR('',#10371,1.0);
#10369=VECTOR('',#10372,1.0);
#10370=VECTOR('',#10373,1.0);
#10371=DIRECTION('',(-0.010327545909986241,-0.02998496070075134,-0.9994969954568406));
#10372=DIRECTION('',(0,0,1));
#10373=DIRECTION('',(0.3256497900402563,0.9454904622716916,0));
#10374=FACE_SURFACE('',(#10379),#10375,.T.);
#10375=PLANE('',#10376);
#10376=AXIS2_PLACEMENT_3D('',#668,#10377,#10378);
#10377=DIRECTION('',(-0.43883211779917664,0.8985690693474205,0));
#10378=DIRECTION('',(0,0,1));
#10379=FACE_BOUND('',#10380,.T.);
#10380=EDGE_LOOP('',(#10381,#10382,#10383));
#10381=ORIENTED_EDGE('',*,*,#10384,.T.);
#10382=ORIENTED_EDGE('',*,*,#10385,.T.);
#10383=ORIENTED_EDGE('',*,*,#10386,.T.);
#10384=EDGE_CURVE('',#669,#227,#10387,.F.);
#10385=EDGE_CURVE('',#227,#651,#10388,.T.);
#10386=EDGE_CURVE('',#651,#669,#10389,.T.);
#10387=LINE('',#668,#10390);
#10388=LINE('',#226,#10391);
#10389=LINE('',#650,#10392);
#10390=VECTOR('',#10393,1.0);
#10391=VECTOR('',#10394,1.0);
#10392=VECTOR('',#10395,1.0);
#10393=DIRECTION('',(0,0,1));
#10394=DIRECTION('',(0.028652871785244213,0.013993137350786652,-0.9994914732230288));
#10395=DIRECTION('',(-0.8985690693474205,-0.43883211779917664,2.969549745086802E-16));
#10396=FACE_SURFACE('',(#10401),#10397,.T.);
#10397=PLANE('',#10398);
#10398=AXIS2_PLACEMENT_3D('',#776,#10399,#10400);
#10399=DIRECTION('',(-2.220195279460794E-16,-2.220764235747606E-16,-1));
#10400=DIRECTION('',(0.9454842926142162,0.3256677024511265,-2.822390949607965E-16));
#10401=FACE_BOUND('',#10402,.T.);
#10402=EDGE_LOOP('',(#10403,#10404,#10405));
#10403=ORIENTED_EDGE('',*,*,#10406,.T.);
#10404=ORIENTED_EDGE('',*,*,#10407,.T.);
#10405=ORIENTED_EDGE('',*,*,#10408,.T.);
#10406=EDGE_CURVE('',#777,#99,#10409,.F.);
#10407=EDGE_CURVE('',#99,#77,#10410,.T.);
#10408=EDGE_CURVE('',#77,#777,#10411,.T.);
#10409=LINE('',#776,#10412);
#10410=LINE('',#98,#10413);
#10411=LINE('',#76,#10414);
#10412=VECTOR('',#10415,1.0);
#10413=VECTOR('',#10416,1.0);
#10414=VECTOR('',#10417,1.0);
#10415=DIRECTION('',(0.9454842926142162,0.3256677024511265,-2.822390949607965E-16));
#10416=DIRECTION('',(-0.7850019700967515,-0.6194932662622078,3.118606158377811E-16));
#10417=DIRECTION('',(0.7825831782014164,0.6225460378126022,-3.120015453908814E-16));
#10418=FACE_SURFACE('',(#10423),#10419,.T.);
#10419=PLANE('',#10420);
#10420=AXIS2_PLACEMENT_3D('',#732,#10421,#10422);
#10421=DIRECTION('',(-2.2204753861317487E-16,-2.2204121224009992E-16,-1));
#10422=DIRECTION('',(0.9817780934682556,0.19003098480468153,-2.601961193481732E-16));
#10423=FACE_BOUND('',#10424,.T.);
#10424=EDGE_LOOP('',(#10425,#10426,#10427));
#10425=ORIENTED_EDGE('',*,*,#10428,.T.);
#10426=ORIENTED_EDGE('',*,*,#10429,.T.);
#10427=ORIENTED_EDGE('',*,*,#10430,.T.);
#10428=EDGE_CURVE('',#733,#777,#10431,.F.);
#10429=EDGE_CURVE('',#777,#77,#10432,.T.);
#10430=EDGE_CURVE('',#77,#733,#10433,.T.);
#10431=LINE('',#732,#10434);
#10432=LINE('',#776,#10435);
#10433=LINE('',#76,#10436);
#10434=VECTOR('',#10437,1.0);
#10435=VECTOR('',#10438,1.0);
#10436=VECTOR('',#10439,1.0);
#10437=DIRECTION('',(0.9817780934682556,0.19003098480468153,-2.601961193481732E-16));
#10438=DIRECTION('',(-0.7825831782014164,-0.6225460378126022,3.120015453908814E-16));
#10439=DIRECTION('',(0.7791550073306788,0.6268312967230736,-3.1219183257033244E-16));
#10440=FACE_SURFACE('',(#10445),#10441,.T.);
#10441=PLANE('',#10442);
#10442=AXIS2_PLACEMENT_3D('',#714,#10443,#10444);
#10443=DIRECTION('',(0.9817844549989423,0.1899981155759966,0));
#10444=DIRECTION('',(0,0,-1));
#10445=FACE_BOUND('',#10446,.T.);
#10446=EDGE_LOOP('',(#10447,#10448,#10449));
#10447=ORIENTED_EDGE('',*,*,#10450,.T.);
#10448=ORIENTED_EDGE('',*,*,#10451,.T.);
#10449=ORIENTED_EDGE('',*,*,#10452,.T.);
#10450=EDGE_CURVE('',#715,#331,#10453,.F.);
#10451=EDGE_CURVE('',#331,#751,#10454,.T.);
#10452=EDGE_CURVE('',#751,#715,#10455,.T.);
#10453=LINE('',#714,#10456);
#10454=LINE('',#330,#10457);
#10455=LINE('',#750,#10458);
#10456=VECTOR('',#10459,1.0);
#10457=VECTOR('',#10460,1.0);
#10458=VECTOR('',#10461,1.0);
#10459=DIRECTION('',(0,0,-1));
#10460=DIRECTION('',(-0.00599625884426271,0.030984695314477055,0.9995018727026687));
#10461=DIRECTION('',(0.18999811557599663,-0.9817844549989423,0));
#10462=FACE_SURFACE('',(#10467),#10463,.T.);
#10463=PLANE('',#10464);
#10464=AXIS2_PLACEMENT_3D('',#332,#10465,#10466);
#10465=DIRECTION('',(0.9817844549989423,0.1899981155759966,-0));
#10466=DIRECTION('',(0,0,1));
#10467=FACE_BOUND('',#10468,.T.);
#10468=EDGE_LOOP('',(#10469,#10470,#10471));
#10469=ORIENTED_EDGE('',*,*,#10472,.T.);
#10470=ORIENTED_EDGE('',*,*,#10473,.T.);
#10471=ORIENTED_EDGE('',*,*,#10474,.T.);
#10472=EDGE_CURVE('',#333,#751,#10475,.F.);
#10473=EDGE_CURVE('',#751,#331,#10476,.T.);
#10474=EDGE_CURVE('',#331,#333,#10477,.T.);
#10475=LINE('',#332,#10478);
#10476=LINE('',#750,#10479);
#10477=LINE('',#330,#10480);
#10478=VECTOR('',#10481,1.0);
#10479=VECTOR('',#10482,1.0);
#10480=VECTOR('',#10483,1.0);
#10481=DIRECTION('',(0,0,1));
#10482=DIRECTION('',(0.00599625884426271,-0.030984695314477055,-0.9995018727026687));
#10483=DIRECTION('',(-0.18999811557599663,0.9817844549989423,-1.757984720174221E-16));
#10484=FACE_SURFACE('',(#10489),#10485,.T.);
#10485=PLANE('',#10486);
#10486=AXIS2_PLACEMENT_3D('',#76,#10487,#10488);
#10487=DIRECTION('',(-2.2203426296643092E-16,-2.220573212621303E-16,-1));
#10488=DIRECTION('',(0.7695376300153786,0.6386014688288106,-3.126698520275861E-16));
#10489=FACE_BOUND('',#10490,.T.);
#10490=EDGE_LOOP('',(#10491,#10492,#10493));
#10491=ORIENTED_EDGE('',*,*,#10494,.T.);
#10492=ORIENTED_EDGE('',*,*,#10495,.T.);
#10493=ORIENTED_EDGE('',*,*,#10496,.T.);
#10494=EDGE_CURVE('',#77,#743,#10497,.F.);
#10495=EDGE_CURVE('',#743,#731,#10498,.T.);
#10496=EDGE_CURVE('',#731,#77,#10499,.T.);
#10497=LINE('',#76,#10500);
#10498=LINE('',#742,#10501);
#10499=LINE('',#730,#10502);
#10500=VECTOR('',#10503,1.0);
#10501=VECTOR('',#10504,1.0);
#10502=VECTOR('',#10505,1.0);
#10503=DIRECTION('',(0.7695376300153786,0.6386014688288106,-3.126698520275861E-16));
#10504=DIRECTION('',(0.9980118255304575,-0.06302694742222241,-2.0759722500152954E-16));
#10505=DIRECTION('',(-0.7747851109190617,-0.6322246688465559,3.124189574601819E-16));
#10506=FACE_SURFACE('',(#10511),#10507,.T.);
#10507=PLANE('',#10508);
#10508=AXIS2_PLACEMENT_3D('',#668,#10509,#10510);
#10509=DIRECTION('',(-0.32566770245112653,0.9454842926142162,0));
#10510=DIRECTION('',(-0.9454842926142162,-0.3256677024511265,2.8225244254394937E-16));
#10511=FACE_BOUND('',#10512,.T.);
#10512=EDGE_LOOP('',(#10513,#10514,#10515));
#10513=ORIENTED_EDGE('',*,*,#10516,.T.);
#10514=ORIENTED_EDGE('',*,*,#10517,.T.);
#10515=ORIENTED_EDGE('',*,*,#10518,.T.);
#10516=EDGE_CURVE('',#669,#607,#10519,.F.);
#10517=EDGE_CURVE('',#607,#227,#10520,.T.);
#10518=EDGE_CURVE('',#227,#669,#10521,.T.);
#10519=LINE('',#668,#10522);
#10520=LINE('',#606,#10523);
#10521=LINE('',#226,#10524);
#10522=VECTOR('',#10525,1.0);
#10523=VECTOR('',#10526,1.0);
#10524=VECTOR('',#10527,1.0);
#10525=DIRECTION('',(-0.9454842926142162,-0.3256677024511265,2.8225244254394937E-16));
#10526=DIRECTION('',(0.029984960503960705,0.010328181305278543,0.9994969888971658));
#10527=DIRECTION('',(0,0,-1));
#10528=FACE_SURFACE('',(#10533),#10529,.T.);
#10529=PLANE('',#10530);
#10530=AXIS2_PLACEMENT_3D('',#222,#10531,#10532);
#10531=DIRECTION('',(-0.8985672418541736,0.43883585982299045,0));
#10532=DIRECTION('',(0,0,-1));
#10533=FACE_BOUND('',#10534,.T.);
#10534=EDGE_LOOP('',(#10535,#10536,#10537));
#10535=ORIENTED_EDGE('',*,*,#10538,.T.);
#10536=ORIENTED_EDGE('',*,*,#10539,.T.);
#10537=ORIENTED_EDGE('',*,*,#10540,.T.);
#10538=EDGE_CURVE('',#223,#697,#10541,.F.);
#10539=EDGE_CURVE('',#697,#229,#10542,.T.);
#10540=EDGE_CURVE('',#229,#223,#10543,.T.);
#10541=LINE('',#222,#10544);
#10542=LINE('',#696,#10545);
#10543=LINE('',#228,#10546);
#10544=VECTOR('',#10547,1.0);
#10545=VECTOR('',#10548,1.0);
#10546=VECTOR('',#10549,1.0);
#10547=DIRECTION('',(0,0,-1));
#10548=DIRECTION('',(-0.013992820065376194,-0.02865191950579993,0.9994915049640247));
#10549=DIRECTION('',(0.43883585982299034,0.8985672418541735,0));
#10550=FACE_SURFACE('',(#10555),#10551,.T.);
#10551=PLANE('',#10552);
#10552=AXIS2_PLACEMENT_3D('',#332,#10553,#10554);
#10553=DIRECTION('',(0.9972963075777806,0.07348520185537083,-0));
#10554=DIRECTION('',(-0.07348520185537083,0.9972963075777806,-2.0513171804252255E-16));
#10555=FACE_BOUND('',#10556,.T.);
#10556=EDGE_LOOP('',(#10557,#10558,#10559));
#10557=ORIENTED_EDGE('',*,*,#10560,.T.);
#10558=ORIENTED_EDGE('',*,*,#10561,.T.);
#10559=ORIENTED_EDGE('',*,*,#10562,.T.);
#10560=EDGE_CURVE('',#333,#343,#10563,.F.);
#10561=EDGE_CURVE('',#343,#751,#10564,.T.);
#10562=EDGE_CURVE('',#751,#333,#10565,.T.);
#10563=LINE('',#332,#10566);
#10564=LINE('',#342,#10567);
#10565=LINE('',#750,#10568);
#10566=VECTOR('',#10569,1.0);
#10567=VECTOR('',#10570,1.0);
#10568=VECTOR('',#10571,1.0);
#10569=DIRECTION('',(-0.07348520185537083,0.9972963075777806,-2.0513171804252255E-16));
#10570=DIRECTION('',(0.002332147812315098,-0.031650486672473596,0.9994962770215691));
#10571=DIRECTION('',(0,0,-1));
#10572=FACE_SURFACE('',(#10577),#10573,.T.);
#10573=PLANE('',#10574);
#10574=AXIS2_PLACEMENT_3D('',#722,#10575,#10576);
#10575=DIRECTION('',(0.9972963075777806,0.07348520185537083,0));
#10576=DIRECTION('',(0.07348520185537083,-0.9972963075777806,0));
#10577=FACE_BOUND('',#10578,.T.);
#10578=EDGE_LOOP('',(#10579,#10580,#10581));
#10579=ORIENTED_EDGE('',*,*,#10582,.T.);
#10580=ORIENTED_EDGE('',*,*,#10583,.T.);
#10581=ORIENTED_EDGE('',*,*,#10584,.T.);
#10582=EDGE_CURVE('',#723,#751,#10585,.F.);
#10583=EDGE_CURVE('',#751,#343,#10586,.T.);
#10584=EDGE_CURVE('',#343,#723,#10587,.T.);
#10585=LINE('',#722,#10588);
#10586=LINE('',#750,#10589);
#10587=LINE('',#342,#10590);
#10588=VECTOR('',#10591,1.0);
#10589=VECTOR('',#10592,1.0);
#10590=VECTOR('',#10593,1.0);
#10591=DIRECTION('',(0.07348520185537083,-0.9972963075777806,0));
#10592=DIRECTION('',(-0.002332147812315098,0.031650486672473596,-0.9994962770215691));
#10593=DIRECTION('',(0,0,1));
#10594=FACE_SURFACE('',(#10599),#10595,.T.);
#10595=PLANE('',#10596);
#10596=AXIS2_PLACEMENT_3D('',#76,#10597,#10598);
#10597=DIRECTION('',(-2.22042798420653E-16,-2.2204703573424823E-16,-1));
#10598=DIRECTION('',(0.7634887059457799,0.6458211795019102,-3.12929847353559E-16));
#10599=FACE_BOUND('',#10600,.T.);
#10600=EDGE_LOOP('',(#10601,#10602,#10603));
#10601=ORIENTED_EDGE('',*,*,#10604,.T.);
#10602=ORIENTED_EDGE('',*,*,#10605,.T.);
#10603=ORIENTED_EDGE('',*,*,#10606,.T.);
#10604=EDGE_CURVE('',#77,#779,#10607,.F.);
#10605=EDGE_CURVE('',#779,#743,#10608,.T.);
#10606=EDGE_CURVE('',#743,#77,#10609,.T.);
#10607=LINE('',#76,#10610);
#10608=LINE('',#778,#10611);
#10609=LINE('',#742,#10612);
#10610=VECTOR('',#10613,1.0);
#10611=VECTOR('',#10614,1.0);
#10612=VECTOR('',#10615,1.0);
#10613=DIRECTION('',(0.7634887059457799,0.6458211795019102,-3.12929847353559E-16));
#10614=DIRECTION('',(0.9817780934682556,-0.19003098480468153,-1.758009384282454E-16));
#10615=DIRECTION('',(-0.7695376300153786,-0.6386014688288106,3.126698520275861E-16));
#10616=FACE_SURFACE('',(#10621),#10617,.T.);
#10617=PLANE('',#10618);
#10618=AXIS2_PLACEMENT_3D('',#438,#10619,#10620);
#10619=DIRECTION('',(0.1900309848046815,-0.9817780934682556,0));
#10620=DIRECTION('',(0,0,1));
#10621=FACE_BOUND('',#10622,.T.);
#10622=EDGE_LOOP('',(#10623,#10624,#10625));
#10623=ORIENTED_EDGE('',*,*,#10626,.T.);
#10624=ORIENTED_EDGE('',*,*,#10627,.T.);
#10625=ORIENTED_EDGE('',*,*,#10628,.T.);
#10626=EDGE_CURVE('',#439,#781,#10629,.F.);
#10627=EDGE_CURVE('',#781,#783,#10630,.T.);
#10628=EDGE_CURVE('',#783,#439,#10631,.T.);
#10629=LINE('',#438,#10632);
#10630=LINE('',#780,#10633);
#10631=LINE('',#782,#10634);
#10632=VECTOR('',#10635,1.0);
#10633=VECTOR('',#10636,1.0);
#10634=VECTOR('',#10637,1.0);
#10635=DIRECTION('',(0,0,1));
#10636=DIRECTION('',(-0.9817780934682556,-0.19003098480468153,0));
#10637=DIRECTION('',(0.03098406028125417,0.005997212127329592,-0.9995018866691485));
#10638=FACE_SURFACE('',(#10643),#10639,.T.);
#10639=PLANE('',#10640);
#10640=AXIS2_PLACEMENT_3D('',#722,#10641,#10642);
#10641=DIRECTION('',(0.9972963616404033,-0.07348446814677068,0));
#10642=DIRECTION('',(0,0,-1));
#10643=FACE_BOUND('',#10644,.T.);
#10644=EDGE_LOOP('',(#10645,#10646,#10647));
#10645=ORIENTED_EDGE('',*,*,#10648,.T.);
#10646=ORIENTED_EDGE('',*,*,#10649,.T.);
#10647=ORIENTED_EDGE('',*,*,#10650,.T.);
#10648=EDGE_CURVE('',#723,#343,#10651,.F.);
#10649=EDGE_CURVE('',#343,#345,#10652,.T.);
#10650=EDGE_CURVE('',#345,#723,#10653,.T.);
#10651=LINE('',#722,#10654);
#10652=LINE('',#342,#10655);
#10653=LINE('',#344,#10656);
#10654=VECTOR('',#10657,1.0);
#10655=VECTOR('',#10658,1.0);
#10656=VECTOR('',#10659,1.0);
#10657=DIRECTION('',(0,0,-1));
#10658=DIRECTION('',(0.07348446814677068,0.9972963616404034,-2.377633293127115E-16));
#10659=DIRECTION('',(-0.0023321477888620847,-0.031650804085489995,0.9994962669702337));
#10660=FACE_SURFACE('',(#10665),#10661,.T.);
#10661=PLANE('',#10662);
#10662=AXIS2_PLACEMENT_3D('',#780,#10663,#10664);
#10663=DIRECTION('',(0.07348373445278193,-0.9972964157014067,0));
#10664=DIRECTION('',(0,0,-1));
#10665=FACE_BOUND('',#10666,.T.);
#10666=EDGE_LOOP('',(#10667,#10668,#10669));
#10667=ORIENTED_EDGE('',*,*,#10670,.T.);
#10668=ORIENTED_EDGE('',*,*,#10671,.T.);
#10669=ORIENTED_EDGE('',*,*,#10672,.T.);
#10670=EDGE_CURVE('',#781,#439,#10673,.F.);
#10671=EDGE_CURVE('',#439,#785,#10674,.T.);
#10672=EDGE_CURVE('',#785,#781,#10675,.T.);
#10673=LINE('',#780,#10676);
#10674=LINE('',#438,#10677);
#10675=LINE('',#784,#10678);
#10676=VECTOR('',#10679,1.0);
#10677=VECTOR('',#10680,1.0);
#10678=VECTOR('',#10681,1.0);
#10679=DIRECTION('',(0,0,-1));
#10680=DIRECTION('',(0.031651121498496824,0.0023321477654088367,0.9994962569187978));
#10681=DIRECTION('',(-0.9972964157014067,-0.07348373445278193,0));
#10682=FACE_SURFACE('',(#10687),#10683,.T.);
#10683=PLANE('',#10684);
#10684=AXIS2_PLACEMENT_3D('',#786,#10685,#10686);
#10685=DIRECTION('',(0.9817769422679221,0.19003693228172538,-0));
#10686=DIRECTION('',(0,0,1));
#10687=FACE_BOUND('',#10688,.T.);
#10688=EDGE_LOOP('',(#10689,#10690,#10691));
#10689=ORIENTED_EDGE('',*,*,#10692,.T.);
#10690=ORIENTED_EDGE('',*,*,#10693,.T.);
#10691=ORIENTED_EDGE('',*,*,#10694,.T.);
#10692=EDGE_CURVE('',#787,#59,#10695,.F.);
#10693=EDGE_CURVE('',#59,#51,#10696,.T.);
#10694=EDGE_CURVE('',#51,#787,#10697,.T.);
#10695=LINE('',#786,#10698);
#10696=LINE('',#58,#10699);
#10697=LINE('',#50,#10700);
#10698=VECTOR('',#10701,1.0);
#10699=VECTOR('',#10702,1.0);
#10700=VECTOR('',#10703,1.0);
#10701=DIRECTION('',(0,0,1));
#10702=DIRECTION('',(0.1900369322817254,-0.9817769422679222,0));
#10703=DIRECTION('',(-0.005997529730905264,0.030984695078322716,-0.9995018650848183));
#10704=FACE_SURFACE('',(#10709),#10705,.T.);
#10705=PLANE('',#10706);
#10706=AXIS2_PLACEMENT_3D('',#788,#10707,#10708);
#10707=DIRECTION('',(-2.2203769696831946E-16,-2.220516371188466E-16,-1));
#10708=DIRECTION('',(0.3256497900402563,-0.9454904622716916,1.3764117562892894E-16));
#10709=FACE_BOUND('',#10710,.T.);
#10710=EDGE_LOOP('',(#10711,#10712,#10713));
#10711=ORIENTED_EDGE('',*,*,#10714,.T.);
#10712=ORIENTED_EDGE('',*,*,#10715,.T.);
#10713=ORIENTED_EDGE('',*,*,#10716,.T.);
#10714=EDGE_CURVE('',#789,#791,#10717,.F.);
#10715=EDGE_CURVE('',#791,#77,#10718,.T.);
#10716=EDGE_CURVE('',#77,#789,#10719,.T.);
#10717=LINE('',#788,#10720);
#10718=LINE('',#790,#10721);
#10719=LINE('',#76,#10722);
#10720=VECTOR('',#10723,1.0);
#10721=VECTOR('',#10724,1.0);
#10722=VECTOR('',#10725,1.0);
#10723=DIRECTION('',(0.3256497900402563,-0.9454904622716916,1.3764117562892894E-16));
#10724=DIRECTION('',(-0.7074958789416572,-0.7067174692057441,3.1401852659240605E-16));
#10725=DIRECTION('',(0.699648201351923,0.714487504680816,-3.1400139543154283E-16));
#10726=FACE_SURFACE('',(#10731),#10727,.T.);
#10727=PLANE('',#10728);
#10728=AXIS2_PLACEMENT_3D('',#792,#10729,#10730);
#10729=DIRECTION('',(-2.220415369656319E-16,-2.220479075675175E-16,-1));
#10730=DIRECTION('',(0.5571315068177726,-0.8304242795769873,6.068763760753651E-17));
#10731=FACE_BOUND('',#10732,.T.);
#10732=EDGE_LOOP('',(#10733,#10734,#10735));
#10733=ORIENTED_EDGE('',*,*,#10736,.T.);
#10734=ORIENTED_EDGE('',*,*,#10737,.T.);
#10735=ORIENTED_EDGE('',*,*,#10738,.T.);
#10736=EDGE_CURVE('',#793,#773,#10739,.F.);
#10737=EDGE_CURVE('',#773,#77,#10740,.T.);
#10738=EDGE_CURVE('',#77,#793,#10741,.T.);
#10739=LINE('',#792,#10742);
#10740=LINE('',#772,#10743);
#10741=LINE('',#76,#10744);
#10742=VECTOR('',#10745,1.0);
#10743=VECTOR('',#10746,1.0);
#10744=VECTOR('',#10747,1.0);
#10745=DIRECTION('',(0.5571315068177726,-0.8304242795769873,6.068763760753651E-17));
#10746=DIRECTION('',(-0.724255938569371,-0.6895312432711078,3.1392387152720777E-16));
#10747=DIRECTION('',(0.7157802884958318,0.6983255534496957,-3.139946833317514E-16));
#10748=FACE_SURFACE('',(#10753),#10749,.T.);
#10749=PLANE('',#10750);
#10750=AXIS2_PLACEMENT_3D('',#794,#10751,#10752);
#10751=DIRECTION('',(-2.2204013983847161E-16,-2.2204965657503026E-16,-1));
#10752=DIRECTION('',(0.7479827611823705,-0.6637181547720366,-1.870380855995618E-17));
#10753=FACE_BOUND('',#10754,.T.);
#10754=EDGE_LOOP('',(#10755,#10756,#10757));
#10755=ORIENTED_EDGE('',*,*,#10758,.T.);
#10756=ORIENTED_EDGE('',*,*,#10759,.T.);
#10757=ORIENTED_EDGE('',*,*,#10760,.T.);
#10758=EDGE_CURVE('',#795,#797,#10761,.F.);
#10759=EDGE_CURVE('',#797,#77,#10762,.T.);
#10760=EDGE_CURVE('',#77,#795,#10763,.T.);
#10761=LINE('',#794,#10764);
#10762=LINE('',#796,#10765);
#10763=LINE('',#76,#10766);
#10764=VECTOR('',#10767,1.0);
#10765=VECTOR('',#10768,1.0);
#10766=VECTOR('',#10769,1.0);
#10767=DIRECTION('',(0.7479827611823705,-0.6637181547720366,-1.870380855995618E-17));
#10768=DIRECTION('',(-0.7410720922219788,-0.6714254643143488,3.136375447540883E-16));
#10769=DIRECTION('',(0.7327423016456106,0.6805062228805061,-3.138043762107423E-16));
#10770=FACE_SURFACE('',(#10775),#10771,.T.);
#10771=PLANE('',#10772);
#10772=AXIS2_PLACEMENT_3D('',#798,#10773,#10774);
#10773=DIRECTION('',(-2.2204461800178314E-16,-2.220446317008981E-16,-1));
#10774=DIRECTION('',(0.8985653228989117,-0.43883978908432475,-1.0207957452980907E-16));
#10775=FACE_BOUND('',#10776,.T.);
#10776=EDGE_LOOP('',(#10777,#10778,#10779));
#10777=ORIENTED_EDGE('',*,*,#10780,.T.);
#10778=ORIENTED_EDGE('',*,*,#10781,.T.);
#10779=ORIENTED_EDGE('',*,*,#10782,.T.);
#10780=EDGE_CURVE('',#799,#801,#10783,.F.);
#10781=EDGE_CURVE('',#801,#77,#10784,.T.);
#10782=EDGE_CURVE('',#77,#799,#10785,.T.);
#10783=LINE('',#798,#10786);
#10784=LINE('',#800,#10787);
#10785=LINE('',#76,#10788);
#10786=VECTOR('',#10789,1.0);
#10787=VECTOR('',#10790,1.0);
#10788=VECTOR('',#10791,1.0);
#10789=DIRECTION('',(0.8985653228989117,-0.43883978908432475,-1.0207957452980907E-16));
#10790=DIRECTION('',(-0.7566105435213855,-0.6538658007819905,3.1318869002877745E-16));
#10791=DIRECTION('',(0.749078530145759,0.66248121156352,-3.1342925270993885E-16));
#10792=FACE_SURFACE('',(#10797),#10793,.T.);
#10793=PLANE('',#10794);
#10794=AXIS2_PLACEMENT_3D('',#800,#10795,#10796);
#10795=DIRECTION('',(-2.220547092680519E-16,-2.2203295475060154E-16,-1));
#10796=DIRECTION('',(0.9454842926142162,-0.3256677024511265,-1.3764027747189612E-16));
#10797=FACE_BOUND('',#10798,.T.);
#10798=EDGE_LOOP('',(#10799,#10800,#10801));
#10799=ORIENTED_EDGE('',*,*,#10802,.T.);
#10800=ORIENTED_EDGE('',*,*,#10803,.T.);
#10801=ORIENTED_EDGE('',*,*,#10804,.T.);
#10802=EDGE_CURVE('',#801,#779,#10805,.F.);
#10803=EDGE_CURVE('',#779,#77,#10806,.T.);
#10804=EDGE_CURVE('',#77,#801,#10807,.T.);
#10805=LINE('',#800,#10808);
#10806=LINE('',#778,#10809);
#10807=LINE('',#76,#10810);
#10808=VECTOR('',#10811,1.0);
#10809=VECTOR('',#10812,1.0);
#10810=VECTOR('',#10813,1.0);
#10811=DIRECTION('',(0.9454842926142162,-0.3256677024511265,-1.3764027747189612E-16));
#10812=DIRECTION('',(-0.7634887059457799,-0.6458211795019102,3.12929847353559E-16));
#10813=DIRECTION('',(0.7566105435213855,0.6538658007819905,-3.1318869002877745E-16));
#10814=FACE_SURFACE('',(#10819),#10815,.T.);
#10815=PLANE('',#10816);
#10816=AXIS2_PLACEMENT_3D('',#734,#10817,#10818);
#10817=DIRECTION('',(0.9817844549989423,-0.1899981155759966,0));
#10818=DIRECTION('',(-0.00599625884426271,-0.030984695314477055,-0.9995018727026687));
#10819=FACE_BOUND('',#10820,.T.);
#10820=EDGE_LOOP('',(#10821,#10822,#10823));
#10821=ORIENTED_EDGE('',*,*,#10824,.T.);
#10822=ORIENTED_EDGE('',*,*,#10825,.T.);
#10823=ORIENTED_EDGE('',*,*,#10826,.T.);
#10824=EDGE_CURVE('',#735,#345,#10827,.F.);
#10825=EDGE_CURVE('',#345,#349,#10828,.T.);
#10826=EDGE_CURVE('',#349,#735,#10829,.T.);
#10827=LINE('',#734,#10830);
#10828=LINE('',#344,#10831);
#10829=LINE('',#348,#10832);
#10830=VECTOR('',#10833,1.0);
#10831=VECTOR('',#10834,1.0);
#10832=VECTOR('',#10835,1.0);
#10833=DIRECTION('',(-0.00599625884426271,-0.030984695314477055,-0.9995018727026687));
#10834=DIRECTION('',(0.18999811557599663,0.9817844549989423,-2.601924689096108E-16));
#10835=DIRECTION('',(0,0,1));
#10836=FACE_SURFACE('',(#10841),#10837,.T.);
#10837=PLANE('',#10838);
#10838=AXIS2_PLACEMENT_3D('',#314,#10839,#10840);
#10839=DIRECTION('',(-0.6637181547720364,0.7479827611823704,0));
#10840=DIRECTION('',(0,0,1));
#10841=FACE_BOUND('',#10842,.T.);
#10842=EDGE_LOOP('',(#10843,#10844,#10845));
#10843=ORIENTED_EDGE('',*,*,#10846,.T.);
#10844=ORIENTED_EDGE('',*,*,#10847,.T.);
#10845=ORIENTED_EDGE('',*,*,#10848,.T.);
#10846=EDGE_CURVE('',#315,#243,#10849,.F.);
#10847=EDGE_CURVE('',#243,#253,#10850,.T.);
#10848=EDGE_CURVE('',#253,#315,#10851,.T.);
#10849=LINE('',#314,#10852);
#10850=LINE('',#242,#10853);
#10851=LINE('',#252,#10854);
#10852=VECTOR('',#10855,1.0);
#10853=VECTOR('',#10856,1.0);
#10854=VECTOR('',#10857,1.0);
#10855=DIRECTION('',(0,0,1));
#10856=DIRECTION('',(0.7479827611823705,0.6637181547720366,0));
#10857=DIRECTION('',(-0.02365454443121569,-0.020989722486440734,-0.999499821949806));
#10858=FACE_SURFACE('',(#10863),#10859,.T.);
#10859=PLANE('',#10860);
#10860=AXIS2_PLACEMENT_3D('',#802,#10861,#10862);
#10861=DIRECTION('',(0.9972963616404033,0.07348446814677068,-0));
#10862=DIRECTION('',(0,0,1));
#10863=FACE_BOUND('',#10864,.T.);
#10864=EDGE_LOOP('',(#10865,#10866,#10867));
#10865=ORIENTED_EDGE('',*,*,#10868,.T.);
#10866=ORIENTED_EDGE('',*,*,#10869,.T.);
#10867=ORIENTED_EDGE('',*,*,#10870,.T.);
#10868=EDGE_CURVE('',#803,#67,#10871,.F.);
#10869=EDGE_CURVE('',#67,#787,#10872,.T.);
#10870=EDGE_CURVE('',#787,#803,#10873,.T.);
#10871=LINE('',#802,#10874);
#10872=LINE('',#66,#10875);
#10873=LINE('',#786,#10876);
#10874=VECTOR('',#10877,1.0);
#10875=VECTOR('',#10878,1.0);
#10876=VECTOR('',#10879,1.0);
#10877=DIRECTION('',(0,0,1));
#10878=DIRECTION('',(0.00233214778886209,-0.031650804085490064,-0.9994962669702337));
#10879=DIRECTION('',(-0.07348446814677068,0.9972963616404034,-2.051207779118751E-16));
#10880=FACE_SURFACE('',(#10885),#10881,.T.);
#10881=PLANE('',#10882);
#10882=AXIS2_PLACEMENT_3D('',#58,#10883,#10884);
#10883=DIRECTION('',(0.9972963616404033,0.07348446814677068,0));
#10884=DIRECTION('',(0,0,-1));
#10885=FACE_BOUND('',#10886,.T.);
#10886=EDGE_LOOP('',(#10887,#10888,#10889));
#10887=ORIENTED_EDGE('',*,*,#10890,.T.);
#10888=ORIENTED_EDGE('',*,*,#10891,.T.);
#10889=ORIENTED_EDGE('',*,*,#10892,.T.);
#10890=EDGE_CURVE('',#59,#787,#10893,.F.);
#10891=EDGE_CURVE('',#787,#67,#10894,.T.);
#10892=EDGE_CURVE('',#67,#59,#10895,.T.);
#10893=LINE('',#58,#10896);
#10894=LINE('',#786,#10897);
#10895=LINE('',#66,#10898);
#10896=VECTOR('',#10899,1.0);
#10897=VECTOR('',#10900,1.0);
#10898=VECTOR('',#10901,1.0);
#10899=DIRECTION('',(0,0,-1));
#10900=DIRECTION('',(-0.00233214778886209,0.031650804085490064,0.9994962669702337));
#10901=DIRECTION('',(0.07348446814677068,-0.9972963616404034,0));
#10902=FACE_SURFACE('',(#10907),#10903,.T.);
#10903=PLANE('',#10904);
#10904=AXIS2_PLACEMENT_3D('',#734,#10905,#10906);
#10905=DIRECTION('',(0.9454781226979149,-0.32568561451133615,0));
#10906=DIRECTION('',(0,0,-1));
#10907=FACE_BOUND('',#10908,.T.);
#10908=EDGE_LOOP('',(#10909,#10910,#10911));
#10909=ORIENTED_EDGE('',*,*,#10912,.T.);
#10910=ORIENTED_EDGE('',*,*,#10913,.T.);
#10911=ORIENTED_EDGE('',*,*,#10914,.T.);
#10912=EDGE_CURVE('',#735,#349,#10915,.F.);
#10913=EDGE_CURVE('',#349,#755,#10916,.T.);
#10914=EDGE_CURVE('',#755,#735,#10917,.T.);
#10915=LINE('',#734,#10918);
#10916=LINE('',#348,#10919);
#10917=LINE('',#754,#10920);
#10918=VECTOR('',#10921,1.0);
#10919=VECTOR('',#10922,1.0);
#10920=VECTOR('',#10923,1.0);
#10921=DIRECTION('',(0,0,-1));
#10922=DIRECTION('',(0.010328816700558404,0.02998496030715817,0.9994969823370876));
#10923=DIRECTION('',(-0.3256856145113362,-0.9454781226979149,0));
#10924=FACE_SURFACE('',(#10929),#10925,.T.);
#10925=PLANE('',#10926);
#10926=AXIS2_PLACEMENT_3D('',#350,#10927,#10928);
#10927=DIRECTION('',(0.9454781226979149,-0.32568561451133615,0));
#10928=DIRECTION('',(0,0,1));
#10929=FACE_BOUND('',#10930,.T.);
#10930=EDGE_LOOP('',(#10931,#10932,#10933));
#10931=ORIENTED_EDGE('',*,*,#10934,.T.);
#10932=ORIENTED_EDGE('',*,*,#10935,.T.);
#10933=ORIENTED_EDGE('',*,*,#10936,.T.);
#10934=EDGE_CURVE('',#351,#755,#10937,.F.);
#10935=EDGE_CURVE('',#755,#349,#10938,.T.);
#10936=EDGE_CURVE('',#349,#351,#10939,.T.);
#10937=LINE('',#350,#10940);
#10938=LINE('',#754,#10941);
#10939=LINE('',#348,#10942);
#10940=VECTOR('',#10943,1.0);
#10941=VECTOR('',#10944,1.0);
#10942=VECTOR('',#10945,1.0);
#10943=DIRECTION('',(0,0,1));
#10944=DIRECTION('',(-0.010328816700558404,-0.02998496030715817,-0.9994969823370876));
#10945=DIRECTION('',(0.3256856145113362,0.9454781226979149,-2.822461514929539E-16));
#10946=FACE_SURFACE('',(#10951),#10947,.T.);
#10947=PLANE('',#10948);
#10948=AXIS2_PLACEMENT_3D('',#240,#10949,#10950);
#10949=DIRECTION('',(-0.557126956502431,0.8304273323646917,0));
#10950=DIRECTION('',(0.8304273323646918,0.557126956502431,0));
#10951=FACE_BOUND('',#10952,.T.);
#10952=EDGE_LOOP('',(#10953,#10954,#10955));
#10953=ORIENTED_EDGE('',*,*,#10956,.T.);
#10954=ORIENTED_EDGE('',*,*,#10957,.T.);
#10955=ORIENTED_EDGE('',*,*,#10958,.T.);
#10956=EDGE_CURVE('',#241,#243,#10959,.F.);
#10957=EDGE_CURVE('',#243,#315,#10960,.T.);
#10958=EDGE_CURVE('',#315,#241,#10961,.T.);
#10959=LINE('',#240,#10962);
#10960=LINE('',#242,#10963);
#10961=LINE('',#314,#10964);
#10962=VECTOR('',#10965,1.0);
#10963=VECTOR('',#10966,1.0);
#10964=VECTOR('',#10967,1.0);
#10965=DIRECTION('',(0.8304273323646918,0.557126956502431,0));
#10966=DIRECTION('',(0,0,-1));
#10967=DIRECTION('',(-0.02631962603566316,-0.017657623464507513,0.9994976166149314));
#10968=FACE_SURFACE('',(#10973),#10969,.T.);
#10969=PLANE('',#10970);
#10970=AXIS2_PLACEMENT_3D('',#160,#10971,#10972);
#10971=DIRECTION('',(0.9972963075777806,-0.07348520185537083,0));
#10972=DIRECTION('',(-0.07348520185537083,-0.9972963075777806,0));
#10973=FACE_BOUND('',#10974,.T.);
#10974=EDGE_LOOP('',(#10975,#10976,#10977));
#10975=ORIENTED_EDGE('',*,*,#10978,.T.);
#10976=ORIENTED_EDGE('',*,*,#10979,.T.);
#10977=ORIENTED_EDGE('',*,*,#10980,.T.);
#10978=EDGE_CURVE('',#161,#67,#10981,.F.);
#10979=EDGE_CURVE('',#67,#803,#10982,.T.);
#10980=EDGE_CURVE('',#803,#161,#10983,.T.);
#10981=LINE('',#160,#10984);
#10982=LINE('',#66,#10985);
#10983=LINE('',#802,#10986);
#10984=VECTOR('',#10987,1.0);
#10985=VECTOR('',#10988,1.0);
#10986=VECTOR('',#10989,1.0);
#10987=DIRECTION('',(-0.07348520185537083,-0.9972963075777806,0));
#10988=DIRECTION('',(0,0,-1));
#10989=DIRECTION('',(0.0023321478123151033,0.031650486672473666,0.999496277021569));
#10990=FACE_SURFACE('',(#10995),#10991,.T.);
#10991=PLANE('',#10992);
#10992=AXIS2_PLACEMENT_3D('',#350,#10993,#10994);
#10993=DIRECTION('',(0.8985672418541735,-0.4388358598229904,0));
#10994=DIRECTION('',(0.43883585982299034,0.8985672418541735,-2.969697810169215E-16));
#10995=FACE_BOUND('',#10996,.T.);
#10996=EDGE_LOOP('',(#10997,#10998,#10999));
#10997=ORIENTED_EDGE('',*,*,#11000,.T.);
#10998=ORIENTED_EDGE('',*,*,#11001,.T.);
#10999=ORIENTED_EDGE('',*,*,#11002,.T.);
#11000=EDGE_CURVE('',#351,#423,#11003,.F.);
#11001=EDGE_CURVE('',#423,#755,#11004,.T.);
#11002=EDGE_CURVE('',#755,#351,#11005,.T.);
#11003=LINE('',#350,#11006);
#11004=LINE('',#422,#11007);
#11005=LINE('',#754,#11008);
#11006=VECTOR('',#11009,1.0);
#11007=VECTOR('',#11010,1.0);
#11008=VECTOR('',#11011,1.0);
#11009=DIRECTION('',(0.43883585982299034,0.8985672418541735,-2.969697810169215E-16));
#11010=DIRECTION('',(-0.013992820065376232,-0.02865191950580001,0.9994915049640247));
#11011=DIRECTION('',(0,0,-1));
#11012=FACE_SURFACE('',(#11017),#11013,.T.);
#11013=PLANE('',#11014);
#11014=AXIS2_PLACEMENT_3D('',#804,#11015,#11016);
#11015=DIRECTION('',(0.8985672418541735,-0.4388358598229904,0));
#11016=DIRECTION('',(-0.43883585982299034,-0.8985672418541735,0));
#11017=FACE_BOUND('',#11018,.T.);
#11018=EDGE_LOOP('',(#11019,#11020,#11021));
#11019=ORIENTED_EDGE('',*,*,#11022,.T.);
#11020=ORIENTED_EDGE('',*,*,#11023,.T.);
#11021=ORIENTED_EDGE('',*,*,#11024,.T.);
#11022=EDGE_CURVE('',#805,#755,#11025,.F.);
#11023=EDGE_CURVE('',#755,#423,#11026,.T.);
#11024=EDGE_CURVE('',#423,#805,#11027,.T.);
#11025=LINE('',#804,#11028);
#11026=LINE('',#754,#11029);
#11027=LINE('',#422,#11030);
#11028=VECTOR('',#11031,1.0);
#11029=VECTOR('',#11032,1.0);
#11030=VECTOR('',#11033,1.0);
#11031=DIRECTION('',(-0.43883585982299034,-0.8985672418541735,0));
#11032=DIRECTION('',(0.013992820065376232,0.02865191950580001,-0.9994915049640247));
#11033=DIRECTION('',(0,0,1));
#11034=FACE_SURFACE('',(#11039),#11035,.T.);
#11035=PLANE('',#11036);
#11036=AXIS2_PLACEMENT_3D('',#796,#11037,#11038);
#11037=DIRECTION('',(-2.2204157235943652E-16,-2.220480754593815E-16,-1));
#11038=DIRECTION('',(0.8304397783464071,-0.5571084046574509,-6.068730505742489E-17));
#11039=FACE_BOUND('',#11040,.T.);
#11040=EDGE_LOOP('',(#11041,#11042,#11043));
#11041=ORIENTED_EDGE('',*,*,#11044,.T.);
#11042=ORIENTED_EDGE('',*,*,#11045,.T.);
#11043=ORIENTED_EDGE('',*,*,#11046,.T.);
#11044=EDGE_CURVE('',#797,#799,#11047,.F.);
#11045=EDGE_CURVE('',#799,#77,#11048,.T.);
#11046=EDGE_CURVE('',#77,#797,#11049,.T.);
#11047=LINE('',#796,#11050);
#11048=LINE('',#798,#11051);
#11049=LINE('',#76,#11052);
#11050=VECTOR('',#11053,1.0);
#11051=VECTOR('',#11054,1.0);
#11052=VECTOR('',#11055,1.0);
#11053=DIRECTION('',(0.8304397783464071,-0.5571084046574509,-6.068730505742489E-17));
#11054=DIRECTION('',(-0.749078530145759,-0.66248121156352,3.1342925270993885E-16));
#11055=DIRECTION('',(0.7410720922219788,0.6714254643143488,-3.136375447540883E-16));
#11056=FACE_SURFACE('',(#11061),#11057,.T.);
#11057=PLANE('',#11058);
#11058=AXIS2_PLACEMENT_3D('',#804,#11059,#11060);
#11059=DIRECTION('',(0,0,1));
#11060=DIRECTION('',(-0.7574743967607722,0.6528648698252221,0));
#11061=FACE_BOUND('',#11062,.T.);
#11062=EDGE_LOOP('',(#11063,#11064,#11065));
#11063=ORIENTED_EDGE('',*,*,#11066,.T.);
#11064=ORIENTED_EDGE('',*,*,#11067,.T.);
#11065=ORIENTED_EDGE('',*,*,#11068,.T.);
#11066=EDGE_CURVE('',#805,#57,#11069,.F.);
#11067=EDGE_CURVE('',#57,#755,#11070,.T.);
#11068=EDGE_CURVE('',#755,#805,#11071,.T.);
#11069=LINE('',#804,#11072);
#11070=LINE('',#56,#11073);
#11071=LINE('',#754,#11074);
#11072=VECTOR('',#11075,1.0);
#11073=VECTOR('',#11076,1.0);
#11074=VECTOR('',#11077,1.0);
#11075=DIRECTION('',(-0.7574743967607722,0.6528648698252221,0));
#11076=DIRECTION('',(0.7500894686150581,-0.661336366059496,0));
#11077=DIRECTION('',(0.43883585982299034,0.8985672418541735,0));
#11078=FACE_SURFACE('',(#11083),#11079,.T.);
#11079=PLANE('',#11080);
#11080=AXIS2_PLACEMENT_3D('',#806,#11081,#11082);
#11081=DIRECTION('',(0.9817769422679221,-0.1900369322817254,0));
#11082=DIRECTION('',(0,0,1));
#11083=FACE_BOUND('',#11084,.T.);
#11084=EDGE_LOOP('',(#11085,#11086,#11087));
#11085=ORIENTED_EDGE('',*,*,#11088,.T.);
#11086=ORIENTED_EDGE('',*,*,#11089,.T.);
#11087=ORIENTED_EDGE('',*,*,#11090,.T.);
#11088=EDGE_CURVE('',#807,#83,#11091,.F.);
#11089=EDGE_CURVE('',#83,#161,#11092,.T.);
#11090=EDGE_CURVE('',#161,#807,#11093,.T.);
#11091=LINE('',#806,#11094);
#11092=LINE('',#82,#11095);
#11093=LINE('',#160,#11096);
#11094=VECTOR('',#11097,1.0);
#11095=VECTOR('',#11098,1.0);
#11096=VECTOR('',#11099,1.0);
#11097=DIRECTION('',(0,0,1));
#11098=DIRECTION('',(-0.1900369322817254,-0.9817769422679222,0));
#11099=DIRECTION('',(0.005997529730905263,0.03098469507832271,-0.9995018650848183));
#11100=FACE_SURFACE('',(#11105),#11101,.T.);
#11101=PLANE('',#11102);
#11102=AXIS2_PLACEMENT_3D('',#804,#11103,#11104);
#11103=DIRECTION('',(0.8304428314219603,-0.5571038536394068,0));
#11104=DIRECTION('',(0,0,-1));
#11105=FACE_BOUND('',#11106,.T.);
#11106=EDGE_LOOP('',(#11107,#11108,#11109));
#11107=ORIENTED_EDGE('',*,*,#11110,.T.);
#11108=ORIENTED_EDGE('',*,*,#11111,.T.);
#11109=ORIENTED_EDGE('',*,*,#11112,.T.);
#11110=EDGE_CURVE('',#805,#423,#11113,.F.);
#11111=EDGE_CURVE('',#423,#809,#11114,.T.);
#11112=EDGE_CURVE('',#809,#805,#11115,.T.);
#11113=LINE('',#804,#11116);
#11114=LINE('',#422,#11117);
#11115=LINE('',#808,#11118);
#11116=VECTOR('',#11119,1.0);
#11117=VECTOR('',#11120,1.0);
#11118=VECTOR('',#11121,1.0);
#11119=DIRECTION('',(0,0,-1));
#11120=DIRECTION('',(0.0176569879038387,0.02632026135424657,0.999497611112907));
#11121=DIRECTION('',(-0.5571038536394067,-0.8304428314219603,0));
#11122=FACE_SURFACE('',(#11127),#11123,.T.);
#11123=PLANE('',#11124);
#11124=AXIS2_PLACEMENT_3D('',#420,#11125,#11126);
#11125=DIRECTION('',(0.8304428314219603,-0.5571038536394068,0));
#11126=DIRECTION('',(0,0,1));
#11127=FACE_BOUND('',#11128,.T.);
#11128=EDGE_LOOP('',(#11129,#11130,#11131));
#11129=ORIENTED_EDGE('',*,*,#11132,.T.);
#11130=ORIENTED_EDGE('',*,*,#11133,.T.);
#11131=ORIENTED_EDGE('',*,*,#11134,.T.);
#11132=EDGE_CURVE('',#421,#809,#11135,.F.);
#11133=EDGE_CURVE('',#809,#423,#11136,.T.);
#11134=EDGE_CURVE('',#423,#421,#11137,.T.);
#11135=LINE('',#420,#11138);
#11136=LINE('',#808,#11139);
#11137=LINE('',#422,#11140);
#11138=VECTOR('',#11141,1.0);
#11139=VECTOR('',#11142,1.0);
#11140=VECTOR('',#11143,1.0);
#11141=DIRECTION('',(0,0,1));
#11142=DIRECTION('',(-0.0176569879038387,-0.02632026135424657,-0.999497611112907));
#11143=DIRECTION('',(0.5571038536394067,0.8304428314219603,-3.081017074502937E-16));
#11144=FACE_SURFACE('',(#11149),#11145,.T.);
#11145=PLANE('',#11146);
#11146=AXIS2_PLACEMENT_3D('',#810,#11147,#11148);
#11147=DIRECTION('',(0,0,1));
#11148=DIRECTION('',(-0.7723416616249564,0.6352073344337276,0));
#11149=FACE_BOUND('',#11150,.T.);
#11150=EDGE_LOOP('',(#11151,#11152,#11153));
#11151=ORIENTED_EDGE('',*,*,#11154,.T.);
#11152=ORIENTED_EDGE('',*,*,#11155,.T.);
#11153=ORIENTED_EDGE('',*,*,#11156,.T.);
#11154=EDGE_CURVE('',#811,#57,#11157,.F.);
#11155=EDGE_CURVE('',#57,#809,#11158,.T.);
#11156=EDGE_CURVE('',#809,#811,#11159,.T.);
#11157=LINE('',#810,#11160);
#11158=LINE('',#56,#11161);
#11159=LINE('',#808,#11162);
#11160=VECTOR('',#11163,1.0);
#11161=VECTOR('',#11164,1.0);
#11162=VECTOR('',#11165,1.0);
#11163=DIRECTION('',(-0.7723416616249564,0.6352073344337276,0));
#11164=DIRECTION('',(0.7649427836767273,-0.6440982360641112,0));
#11165=DIRECTION('',(0.6637125336103797,0.7479877490497359,0));
#11166=FACE_SURFACE('',(#11171),#11167,.T.);
#11167=PLANE('',#11168);
#11168=AXIS2_PLACEMENT_3D('',#80,#11169,#11170);
#11169=DIRECTION('',(0.9454904622716915,-0.32564979004025624,0));
#11170=DIRECTION('',(-0.3256497900402563,-0.9454904622716916,0));
#11171=FACE_BOUND('',#11172,.T.);
#11172=EDGE_LOOP('',(#11173,#11174,#11175));
#11173=ORIENTED_EDGE('',*,*,#11176,.T.);
#11174=ORIENTED_EDGE('',*,*,#11177,.T.);
#11175=ORIENTED_EDGE('',*,*,#11178,.T.);
#11176=EDGE_CURVE('',#81,#83,#11179,.F.);
#11177=EDGE_CURVE('',#83,#807,#11180,.T.);
#11178=EDGE_CURVE('',#807,#81,#11181,.T.);
#11179=LINE('',#80,#11182);
#11180=LINE('',#82,#11183);
#11181=LINE('',#806,#11184);
#11182=VECTOR('',#11185,1.0);
#11183=VECTOR('',#11186,1.0);
#11184=VECTOR('',#11187,1.0);
#11185=DIRECTION('',(-0.3256497900402563,-0.9454904622716916,0));
#11186=DIRECTION('',(0,0,-1));
#11187=DIRECTION('',(0.010327545909986292,0.029984960700751486,0.9994969954568406));
#11188=FACE_SURFACE('',(#11193),#11189,.T.);
#11189=PLANE('',#11190);
#11190=AXIS2_PLACEMENT_3D('',#768,#11191,#11192);
#11191=DIRECTION('',(0,0,1));
#11192=DIRECTION('',(-0.7795375717752037,0.6263554695145716,0));
#11193=FACE_BOUND('',#11194,.T.);
#11194=EDGE_LOOP('',(#11195,#11196,#11197));
#11195=ORIENTED_EDGE('',*,*,#11198,.T.);
#11196=ORIENTED_EDGE('',*,*,#11199,.T.);
#11197=ORIENTED_EDGE('',*,*,#11200,.T.);
#11198=EDGE_CURVE('',#769,#57,#11201,.F.);
#11199=EDGE_CURVE('',#57,#811,#11202,.T.);
#11200=EDGE_CURVE('',#811,#769,#11203,.T.);
#11201=LINE('',#768,#11204);
#11202=LINE('',#56,#11205);
#11203=LINE('',#810,#11206);
#11204=VECTOR('',#11207,1.0);
#11205=VECTOR('',#11208,1.0);
#11206=VECTOR('',#11209,1.0);
#11207=DIRECTION('',(-0.7795375717752037,0.6263554695145716,0));
#11208=DIRECTION('',(0.7723416616249564,-0.6352073344337276,0));
#11209=DIRECTION('',(0.7479916128714834,0.6637081791524925,0));
#11210=FACE_SURFACE('',(#11215),#11211,.T.);
#11211=PLANE('',#11212);
#11212=AXIS2_PLACEMENT_3D('',#420,#11213,#11214);
#11213=DIRECTION('',(0.7479877490497359,-0.6637125336103797,0));
#11214=DIRECTION('',(0.6637125336103797,0.7479877490497359,-3.1346043153582037E-16));
#11215=FACE_BOUND('',#11216,.T.);
#11216=EDGE_LOOP('',(#11217,#11218,#11219));
#11217=ORIENTED_EDGE('',*,*,#11220,.T.);
#11218=ORIENTED_EDGE('',*,*,#11221,.T.);
#11219=ORIENTED_EDGE('',*,*,#11222,.T.);
#11220=EDGE_CURVE('',#421,#419,#11223,.F.);
#11221=EDGE_CURVE('',#419,#809,#11224,.T.);
#11222=EDGE_CURVE('',#809,#421,#11225,.T.);
#11223=LINE('',#420,#11226);
#11224=LINE('',#418,#11227);
#11225=LINE('',#808,#11228);
#11226=VECTOR('',#11229,1.0);
#11227=VECTOR('',#11230,1.0);
#11228=VECTOR('',#11231,1.0);
#11229=DIRECTION('',(0.6637125336103797,0.7479877490497359,-3.1346043153582037E-16));
#11230=DIRECTION('',(-0.020989404893984022,-0.02365454458896946,0.9994998286155355));
#11231=DIRECTION('',(0,0,-1));
#11232=FACE_SURFACE('',(#11237),#11233,.T.);
#11233=PLANE('',#11234);
#11234=AXIS2_PLACEMENT_3D('',#794,#11235,#11236);
#11235=DIRECTION('',(-2.2205080321391437E-16,-2.2203817467229E-16,-1));
#11236=DIRECTION('',(-0.7327423016456106,-0.6805062228805061,3.138043762107423E-16));
#11237=FACE_BOUND('',#11238,.T.);
#11238=EDGE_LOOP('',(#11239,#11240,#11241));
#11239=ORIENTED_EDGE('',*,*,#11242,.T.);
#11240=ORIENTED_EDGE('',*,*,#11243,.T.);
#11241=ORIENTED_EDGE('',*,*,#11244,.T.);
#11242=EDGE_CURVE('',#795,#77,#11245,.F.);
#11243=EDGE_CURVE('',#77,#773,#11246,.T.);
#11244=EDGE_CURVE('',#773,#795,#11247,.T.);
#11245=LINE('',#794,#11248);
#11246=LINE('',#76,#11249);
#11247=LINE('',#772,#11250);
#11248=VECTOR('',#11251,1.0);
#11249=VECTOR('',#11252,1.0);
#11250=VECTOR('',#11253,1.0);
#11251=DIRECTION('',(-0.7327423016456106,-0.6805062228805061,3.138043762107423E-16));
#11252=DIRECTION('',(0.724255938569371,0.6895312432711078,-3.1392387152720777E-16));
#11253=DIRECTION('',(0.6637125336103797,-0.7479877490497359,1.8703933284911308E-17));
#11254=FACE_SURFACE('',(#11259),#11255,.T.);
#11255=PLANE('',#11256);
#11256=AXIS2_PLACEMENT_3D('',#648,#11257,#11258);
#11257=DIRECTION('',(-0.747992174898728,0.6637075457536028,0));
#11258=DIRECTION('',(-0.6637075457536028,-0.747992174898728,3.134614221906777E-16));
#11259=FACE_BOUND('',#11260,.T.);
#11260=EDGE_LOOP('',(#11261,#11262,#11263));
#11261=ORIENTED_EDGE('',*,*,#11264,.T.);
#11262=ORIENTED_EDGE('',*,*,#11265,.T.);
#11263=ORIENTED_EDGE('',*,*,#11266,.T.);
#11264=EDGE_CURVE('',#649,#643,#11267,.F.);
#11265=EDGE_CURVE('',#643,#215,#11268,.T.);
#11266=EDGE_CURVE('',#215,#649,#11269,.T.);
#11267=LINE('',#648,#11270);
#11268=LINE('',#642,#11271);
#11269=LINE('',#214,#11272);
#11270=VECTOR('',#11273,1.0);
#11271=VECTOR('',#11274,1.0);
#11272=VECTOR('',#11275,1.0);
#11273=DIRECTION('',(-0.6637075457536028,-0.747992174898728,3.134614221906777E-16));
#11274=DIRECTION('',(0,0,1));
#11275=DIRECTION('',(0.020989404736230358,0.02365486214362116,-0.9994998211034282));
#11276=FACE_SURFACE('',(#11281),#11277,.T.);
#11277=PLANE('',#11278);
#11278=AXIS2_PLACEMENT_3D('',#770,#11279,#11280);
#11279=DIRECTION('',(0,0,1));
#11280=DIRECTION('',(-0.786385636281183,0.6177358910170584,0));
#11281=FACE_BOUND('',#11282,.T.);
#11282=EDGE_LOOP('',(#11283,#11284,#11285));
#11283=ORIENTED_EDGE('',*,*,#11286,.T.);
#11284=ORIENTED_EDGE('',*,*,#11287,.T.);
#11285=ORIENTED_EDGE('',*,*,#11288,.T.);
#11286=EDGE_CURVE('',#771,#57,#11289,.F.);
#11287=EDGE_CURVE('',#57,#769,#11290,.T.);
#11288=EDGE_CURVE('',#769,#771,#11291,.T.);
#11289=LINE('',#770,#11292);
#11290=LINE('',#56,#11293);
#11291=LINE('',#768,#11294);
#11292=VECTOR('',#11295,1.0);
#11293=VECTOR('',#11296,1.0);
#11294=VECTOR('',#11297,1.0);
#11295=DIRECTION('',(-0.786385636281183,0.6177358910170584,0));
#11296=DIRECTION('',(0.7795375717752037,-0.6263554695145716,0));
#11297=DIRECTION('',(0.8304335555109672,0.5571176804602537,0));
#11298=FACE_SURFACE('',(#11303),#11299,.T.);
#11299=PLANE('',#11300);
#11300=AXIS2_PLACEMENT_3D('',#792,#11301,#11302);
#11301=DIRECTION('',(-2.2204633637355115E-16,-2.2204298819779363E-16,-1));
#11302=DIRECTION('',(-0.7157802884958318,-0.6983255534496957,3.139946833317514E-16));
#11303=FACE_BOUND('',#11304,.T.);
#11304=EDGE_LOOP('',(#11305,#11306,#11307));
#11305=ORIENTED_EDGE('',*,*,#11308,.T.);
#11306=ORIENTED_EDGE('',*,*,#11309,.T.);
#11307=ORIENTED_EDGE('',*,*,#11310,.T.);
#11308=EDGE_CURVE('',#793,#77,#11311,.F.);
#11309=EDGE_CURVE('',#77,#791,#11312,.T.);
#11310=EDGE_CURVE('',#791,#793,#11313,.T.);
#11311=LINE('',#792,#11314);
#11312=LINE('',#76,#11315);
#11313=LINE('',#790,#11316);
#11314=VECTOR('',#11317,1.0);
#11315=VECTOR('',#11318,1.0);
#11316=VECTOR('',#11319,1.0);
#11317=DIRECTION('',(-0.7157802884958318,-0.6983255534496957,3.139946833317514E-16));
#11318=DIRECTION('',(0.7074958789416572,0.7067174692057441,-3.1401852659240605E-16));
#11319=DIRECTION('',(0.43883585982299034,-0.8985672418541735,1.0207866053491797E-16));
#11320=FACE_SURFACE('',(#11325),#11321,.T.);
#11321=PLANE('',#11322);
#11322=AXIS2_PLACEMENT_3D('',#810,#11323,#11324);
#11323=DIRECTION('',(0.7479877490497359,-0.6637125336103797,0));
#11324=DIRECTION('',(-0.6637125336103797,-0.7479877490497359,0));
#11325=FACE_BOUND('',#11326,.T.);
#11326=EDGE_LOOP('',(#11327,#11328,#11329));
#11327=ORIENTED_EDGE('',*,*,#11330,.T.);
#11328=ORIENTED_EDGE('',*,*,#11331,.T.);
#11329=ORIENTED_EDGE('',*,*,#11332,.T.);
#11330=EDGE_CURVE('',#811,#809,#11333,.F.);
#11331=EDGE_CURVE('',#809,#419,#11334,.T.);
#11332=EDGE_CURVE('',#419,#811,#11335,.T.);
#11333=LINE('',#810,#11336);
#11334=LINE('',#808,#11337);
#11335=LINE('',#418,#11338);
#11336=VECTOR('',#11339,1.0);
#11337=VECTOR('',#11340,1.0);
#11338=VECTOR('',#11341,1.0);
#11339=DIRECTION('',(-0.6637125336103797,-0.7479877490497359,0));
#11340=DIRECTION('',(0.020989404893984022,0.02365454458896946,-0.9994998286155355));
#11341=DIRECTION('',(0,0,1));
#11342=FACE_SURFACE('',(#11347),#11343,.T.);
#11343=PLANE('',#11344);
#11344=AXIS2_PLACEMENT_3D('',#642,#11345,#11346);
#11345=DIRECTION('',(-0.6637125336103797,0.7479877490497359,0));
#11346=DIRECTION('',(-0.7479877490497359,-0.6637125336103797,3.134626624438935E-16));
#11347=FACE_BOUND('',#11348,.T.);
#11348=EDGE_LOOP('',(#11349,#11350,#11351));
#11349=ORIENTED_EDGE('',*,*,#11352,.T.);
#11350=ORIENTED_EDGE('',*,*,#11353,.T.);
#11351=ORIENTED_EDGE('',*,*,#11354,.T.);
#11352=EDGE_CURVE('',#643,#641,#11355,.F.);
#11353=EDGE_CURVE('',#641,#215,#11356,.T.);
#11354=EDGE_CURVE('',#215,#643,#11357,.T.);
#11355=LINE('',#642,#11358);
#11356=LINE('',#640,#11359);
#11357=LINE('',#214,#11360);
#11358=VECTOR('',#11361,1.0);
#11359=VECTOR('',#11362,1.0);
#11360=VECTOR('',#11363,1.0);
#11361=DIRECTION('',(-0.7479877490497359,-0.6637125336103797,3.134626624438935E-16));
#11362=DIRECTION('',(0.02365454458896935,0.020989404893983925,0.9994998286155355));
#11363=DIRECTION('',(0,0,-1));
#11364=FACE_SURFACE('',(#11369),#11365,.T.);
#11365=PLANE('',#11366);
#11366=AXIS2_PLACEMENT_3D('',#486,#11367,#11368);
#11367=DIRECTION('',(-0.6637125336103797,0.7479877490497359,0));
#11368=DIRECTION('',(0.7479877490497359,0.6637125336103797,0));
#11369=FACE_BOUND('',#11370,.T.);
#11370=EDGE_LOOP('',(#11371,#11372,#11373));
#11371=ORIENTED_EDGE('',*,*,#11374,.T.);
#11372=ORIENTED_EDGE('',*,*,#11375,.T.);
#11373=ORIENTED_EDGE('',*,*,#11376,.T.);
#11374=EDGE_CURVE('',#487,#215,#11377,.F.);
#11375=EDGE_CURVE('',#215,#641,#11378,.T.);
#11376=EDGE_CURVE('',#641,#487,#11379,.T.);
#11377=LINE('',#486,#11380);
#11378=LINE('',#214,#11381);
#11379=LINE('',#640,#11382);
#11380=VECTOR('',#11383,1.0);
#11381=VECTOR('',#11384,1.0);
#11382=VECTOR('',#11385,1.0);
#11383=DIRECTION('',(0.7479877490497359,0.6637125336103797,0));
#11384=DIRECTION('',(-0.02365454458896935,-0.020989404893983925,-0.9994998286155355));
#11385=DIRECTION('',(0,0,1));
#11386=FACE_SURFACE('',(#11391),#11387,.T.);
#11387=PLANE('',#11388);
#11388=AXIS2_PLACEMENT_3D('',#812,#11389,#11390);
#11389=DIRECTION('',(0.8985672418541736,-0.43883585982299034,0));
#11390=DIRECTION('',(0,0,1));
#11391=FACE_BOUND('',#11392,.T.);
#11392=EDGE_LOOP('',(#11393,#11394,#11395));
#11393=ORIENTED_EDGE('',*,*,#11396,.T.);
#11394=ORIENTED_EDGE('',*,*,#11397,.T.);
#11395=ORIENTED_EDGE('',*,*,#11398,.T.);
#11396=EDGE_CURVE('',#813,#93,#11399,.F.);
#11397=EDGE_CURVE('',#93,#81,#11400,.T.);
#11398=EDGE_CURVE('',#81,#813,#11401,.T.);
#11399=LINE('',#812,#11402);
#11400=LINE('',#92,#11403);
#11401=LINE('',#80,#11404);
#11402=VECTOR('',#11405,1.0);
#11403=VECTOR('',#11406,1.0);
#11404=VECTOR('',#11407,1.0);
#11405=DIRECTION('',(0,0,1));
#11406=DIRECTION('',(-0.43883585982299034,-0.8985672418541735,0));
#11407=DIRECTION('',(0.013992820065376261,0.02865191950580007,-0.9994915049640247));
#11408=FACE_SURFACE('',(#11413),#11409,.T.);
#11409=PLANE('',#11410);
#11410=AXIS2_PLACEMENT_3D('',#804,#11411,#11412);
#11411=DIRECTION('',(0,-0,1));
#11412=DIRECTION('',(0.5571038536394067,0.8304428314219603,0));
#11413=FACE_BOUND('',#11414,.T.);
#11414=EDGE_LOOP('',(#11415,#11416,#11417));
#11415=ORIENTED_EDGE('',*,*,#11418,.T.);
#11416=ORIENTED_EDGE('',*,*,#11419,.T.);
#11417=ORIENTED_EDGE('',*,*,#11420,.T.);
#11418=EDGE_CURVE('',#805,#809,#11421,.F.);
#11419=EDGE_CURVE('',#809,#57,#11422,.T.);
#11420=EDGE_CURVE('',#57,#805,#11423,.T.);
#11421=LINE('',#804,#11424);
#11422=LINE('',#808,#11425);
#11423=LINE('',#56,#11426);
#11424=VECTOR('',#11427,1.0);
#11425=VECTOR('',#11428,1.0);
#11426=VECTOR('',#11429,1.0);
#11427=DIRECTION('',(0.5571038536394067,0.8304428314219603,0));
#11428=DIRECTION('',(-0.7649427836767273,0.6440982360641112,0));
#11429=DIRECTION('',(0.7574743967607722,-0.6528648698252221,0));
#11430=FACE_SURFACE('',(#11435),#11431,.T.);
#11431=PLANE('',#11432);
#11432=AXIS2_PLACEMENT_3D('',#768,#11433,#11434);
#11433=DIRECTION('',(0.6637081791524925,-0.7479916128714834,0));
#11434=DIRECTION('',(-0.7479916128714834,-0.6637081791524925,0));
#11435=FACE_BOUND('',#11436,.T.);
#11436=EDGE_LOOP('',(#11437,#11438,#11439));
#11437=ORIENTED_EDGE('',*,*,#11440,.T.);
#11438=ORIENTED_EDGE('',*,*,#11441,.T.);
#11439=ORIENTED_EDGE('',*,*,#11442,.T.);
#11440=EDGE_CURVE('',#769,#811,#11443,.F.);
#11441=EDGE_CURVE('',#811,#431,#11444,.T.);
#11442=EDGE_CURVE('',#431,#769,#11445,.T.);
#11443=LINE('',#768,#11446);
#11444=LINE('',#810,#11447);
#11445=LINE('',#430,#11448);
#11446=VECTOR('',#11449,1.0);
#11447=VECTOR('',#11450,1.0);
#11448=VECTOR('',#11451,1.0);
#11449=DIRECTION('',(-0.7479916128714834,-0.6637081791524925,0));
#11450=DIRECTION('',(0.02365517954050799,0.020989722170926775,-0.9994998069254909));
#11451=DIRECTION('',(0,0,1));
#11452=FACE_SURFACE('',(#11457),#11453,.T.);
#11453=PLANE('',#11454);
#11454=AXIS2_PLACEMENT_3D('',#418,#11455,#11456);
#11455=DIRECTION('',(0.6637081791524925,-0.7479916128714834,0));
#11456=DIRECTION('',(0.7479916128714834,0.6637081791524925,-3.1345363001371324E-16));
#11457=FACE_BOUND('',#11458,.T.);
#11458=EDGE_LOOP('',(#11459,#11460,#11461));
#11459=ORIENTED_EDGE('',*,*,#11462,.T.);
#11460=ORIENTED_EDGE('',*,*,#11463,.T.);
#11461=ORIENTED_EDGE('',*,*,#11464,.T.);
#11462=EDGE_CURVE('',#419,#431,#11465,.F.);
#11463=EDGE_CURVE('',#431,#811,#11466,.T.);
#11464=EDGE_CURVE('',#811,#419,#11467,.T.);
#11465=LINE('',#418,#11468);
#11466=LINE('',#430,#11469);
#11467=LINE('',#810,#11470);
#11468=VECTOR('',#11471,1.0);
#11469=VECTOR('',#11472,1.0);
#11470=VECTOR('',#11473,1.0);
#11471=DIRECTION('',(0.7479916128714834,0.6637081791524925,-3.1345363001371324E-16));
#11472=DIRECTION('',(-0.02365517954050799,-0.020989722170926775,0.9994998069254909));
#11473=DIRECTION('',(0,0,-1));
#11474=FACE_SURFACE('',(#11479),#11475,.T.);
#11475=PLANE('',#11476);
#11476=AXIS2_PLACEMENT_3D('',#774,#11477,#11478);
#11477=DIRECTION('',(0,0,1));
#11478=DIRECTION('',(-0.7927629777698715,0.6095300329577258,0));
#11479=FACE_BOUND('',#11480,.T.);
#11480=EDGE_LOOP('',(#11481,#11482,#11483));
#11481=ORIENTED_EDGE('',*,*,#11484,.T.);
#11482=ORIENTED_EDGE('',*,*,#11485,.T.);
#11483=ORIENTED_EDGE('',*,*,#11486,.T.);
#11484=EDGE_CURVE('',#775,#57,#11487,.F.);
#11485=EDGE_CURVE('',#57,#771,#11488,.T.);
#11486=EDGE_CURVE('',#771,#775,#11489,.T.);
#11487=LINE('',#774,#11490);
#11488=LINE('',#56,#11491);
#11489=LINE('',#770,#11492);
#11490=VECTOR('',#11493,1.0);
#11491=VECTOR('',#11494,1.0);
#11492=VECTOR('',#11495,1.0);
#11493=DIRECTION('',(-0.7927629777698715,0.6095300329577258,0));
#11494=DIRECTION('',(0.786385636281183,-0.6177358910170584,0));
#11495=DIRECTION('',(0.8985691607578904,0.43883193062362763,0));
#11496=FACE_SURFACE('',(#11501),#11497,.T.);
#11497=PLANE('',#11498);
#11498=AXIS2_PLACEMENT_3D('',#100,#11499,#11500);
#11499=DIRECTION('',(0.8304242795769871,-0.5571315068177725,0));
#11500=DIRECTION('',(-0.5571315068177726,-0.8304242795769873,0));
#11501=FACE_BOUND('',#11502,.T.);
#11502=EDGE_LOOP('',(#11503,#11504,#11505));
#11503=ORIENTED_EDGE('',*,*,#11506,.T.);
#11504=ORIENTED_EDGE('',*,*,#11507,.T.);
#11505=ORIENTED_EDGE('',*,*,#11508,.T.);
#11506=EDGE_CURVE('',#101,#93,#11509,.F.);
#11507=EDGE_CURVE('',#93,#813,#11510,.T.);
#11508=EDGE_CURVE('',#813,#101,#11511,.T.);
#11509=LINE('',#100,#11512);
#11510=LINE('',#92,#11513);
#11511=LINE('',#812,#11514);
#11512=VECTOR('',#11515,1.0);
#11513=VECTOR('',#11516,1.0);
#11514=VECTOR('',#11517,1.0);
#11515=DIRECTION('',(-0.5571315068177726,-0.8304242795769873,0));
#11516=DIRECTION('',(0,0,-1));
#11517=DIRECTION('',(0.017658258434494773,0.02632026076357921,0.9994975886826329));
#11518=FACE_SURFACE('',(#11523),#11519,.T.);
#11519=PLANE('',#11520);
#11520=AXIS2_PLACEMENT_3D('',#396,#11521,#11522);
#11521=DIRECTION('',(-0.9972963075777806,-0.07348520185537083,0));
#11522=DIRECTION('',(0,0,1));
#11523=FACE_BOUND('',#11524,.T.);
#11524=EDGE_LOOP('',(#11525,#11526,#11527));
#11525=ORIENTED_EDGE('',*,*,#11528,.T.);
#11526=ORIENTED_EDGE('',*,*,#11529,.T.);
#11527=ORIENTED_EDGE('',*,*,#11530,.T.);
#11528=EDGE_CURVE('',#397,#269,#11531,.F.);
#11529=EDGE_CURVE('',#269,#255,#11532,.T.);
#11530=EDGE_CURVE('',#255,#397,#11533,.T.);
#11531=LINE('',#396,#11534);
#11532=LINE('',#268,#11535);
#11533=LINE('',#254,#11536);
#11534=VECTOR('',#11537,1.0);
#11535=VECTOR('',#11538,1.0);
#11536=VECTOR('',#11539,1.0);
#11537=DIRECTION('',(0,0,1));
#11538=DIRECTION('',(-0.07348520185537083,0.9972963075777806,0));
#11539=DIRECTION('',(0.0023321478123150916,-0.031650486672473506,-0.999496277021569));
#11540=FACE_SURFACE('',(#11545),#11541,.T.);
#11541=PLANE('',#11542);
#11542=AXIS2_PLACEMENT_3D('',#768,#11543,#11544);
#11543=DIRECTION('',(0.5571176804602537,-0.8304335555109672,0));
#11544=DIRECTION('',(0,0,-1));
#11545=FACE_BOUND('',#11546,.T.);
#11546=EDGE_LOOP('',(#11547,#11548,#11549));
#11547=ORIENTED_EDGE('',*,*,#11550,.T.);
#11548=ORIENTED_EDGE('',*,*,#11551,.T.);
#11549=ORIENTED_EDGE('',*,*,#11552,.T.);
#11550=EDGE_CURVE('',#769,#431,#11553,.F.);
#11551=EDGE_CURVE('',#431,#433,#11554,.T.);
#11552=EDGE_CURVE('',#433,#769,#11555,.T.);
#11553=LINE('',#768,#11556);
#11554=LINE('',#430,#11557);
#11555=LINE('',#432,#11558);
#11556=VECTOR('',#11559,1.0);
#11557=VECTOR('',#11560,1.0);
#11558=VECTOR('',#11561,1.0);
#11559=DIRECTION('',(0,0,-1));
#11560=DIRECTION('',(0.8304335555109672,0.5571176804602537,-3.080982660044686E-16));
#11561=DIRECTION('',(-0.02632026105891817,-0.017657623169177412,0.9994975998979716));
#11562=FACE_SURFACE('',(#11567),#11563,.T.);
#11563=PLANE('',#11564);
#11564=AXIS2_PLACEMENT_3D('',#782,#11565,#11566);
#11565=DIRECTION('',(0,0,1));
#11566=DIRECTION('',(-0.7985304898902434,0.6019543643131495,0));
#11567=FACE_BOUND('',#11568,.T.);
#11568=EDGE_LOOP('',(#11569,#11570,#11571));
#11569=ORIENTED_EDGE('',*,*,#11572,.T.);
#11570=ORIENTED_EDGE('',*,*,#11573,.T.);
#11571=ORIENTED_EDGE('',*,*,#11574,.T.);
#11572=EDGE_CURVE('',#783,#57,#11575,.F.);
#11573=EDGE_CURVE('',#57,#775,#11576,.T.);
#11574=EDGE_CURVE('',#775,#783,#11577,.T.);
#11575=LINE('',#782,#11578);
#11576=LINE('',#56,#11579);
#11577=LINE('',#774,#11580);
#11578=VECTOR('',#11581,1.0);
#11579=VECTOR('',#11582,1.0);
#11580=VECTOR('',#11583,1.0);
#11581=DIRECTION('',(-0.7985304898902434,0.6019543643131495,0));
#11582=DIRECTION('',(0.7927629777698715,-0.6095300329577258,0));
#11583=DIRECTION('',(0.9454842926142162,0.3256677024511265,0));
#11584=FACE_SURFACE('',(#11589),#11585,.T.);
#11585=PLANE('',#11586);
#11586=AXIS2_PLACEMENT_3D('',#802,#11587,#11588);
#11587=DIRECTION('',(-2.2202930000551309E-16,-2.220591069602755E-16,-1));
#11588=DIRECTION('',(-0.6859551266405686,-0.7276438443603584,3.1388207886700144E-16));
#11589=FACE_BOUND('',#11590,.T.);
#11590=EDGE_LOOP('',(#11591,#11592,#11593));
#11591=ORIENTED_EDGE('',*,*,#11594,.T.);
#11592=ORIENTED_EDGE('',*,*,#11595,.T.);
#11593=ORIENTED_EDGE('',*,*,#11596,.T.);
#11594=EDGE_CURVE('',#803,#77,#11597,.F.);
#11595=EDGE_CURVE('',#77,#815,#11598,.T.);
#11596=EDGE_CURVE('',#815,#803,#11599,.T.);
#11597=LINE('',#802,#11600);
#11598=LINE('',#76,#11601);
#11599=LINE('',#814,#11602);
#11600=VECTOR('',#11603,1.0);
#11601=VECTOR('',#11604,1.0);
#11602=VECTOR('',#11605,1.0);
#11603=DIRECTION('',(-0.6859551266405686,-0.7276438443603584,3.1388207886700144E-16));
#11604=DIRECTION('',(0.6804317547938216,0.7328114539690279,-3.138032432570185E-16));
#11605=DIRECTION('',(-0.07348520185537083,-0.9972963075777806,2.37774595364214E-16));
#11606=FACE_SURFACE('',(#11611),#11607,.T.);
#11607=PLANE('',#11608);
#11608=AXIS2_PLACEMENT_3D('',#232,#11609,#11610);
#11609=DIRECTION('',(-0.8304242795769873,-0.5571315068177726,-0));
#11610=DIRECTION('',(-0.01765825843449465,0.026320260763579024,-0.9994975886826329));
#11611=FACE_BOUND('',#11612,.T.);
#11612=EDGE_LOOP('',(#11613,#11614,#11615));
#11613=ORIENTED_EDGE('',*,*,#11616,.T.);
#11614=ORIENTED_EDGE('',*,*,#11617,.T.);
#11615=ORIENTED_EDGE('',*,*,#11618,.T.);
#11616=EDGE_CURVE('',#233,#425,#11619,.F.);
#11617=EDGE_CURVE('',#425,#653,#11620,.T.);
#11618=EDGE_CURVE('',#653,#233,#11621,.T.);
#11619=LINE('',#232,#11622);
#11620=LINE('',#424,#11623);
#11621=LINE('',#652,#11624);
#11622=VECTOR('',#11625,1.0);
#11623=VECTOR('',#11626,1.0);
#11624=VECTOR('',#11627,1.0);
#11625=DIRECTION('',(-0.01765825843449465,0.026320260763579024,-0.9994975886826329));
#11626=DIRECTION('',(0.5571315068177726,-0.8304242795769873,6.068541168186134E-17));
#11627=DIRECTION('',(0,0,1));
#11628=FACE_SURFACE('',(#11633),#11629,.T.);
#11629=PLANE('',#11630);
#11630=AXIS2_PLACEMENT_3D('',#774,#11631,#11632);
#11631=DIRECTION('',(0.43883193062362774,-0.8985691607578905,0));
#11632=DIRECTION('',(-0.02865223697475355,-0.013992819937990933,-0.9994914958650352));
#11633=FACE_BOUND('',#11634,.T.);
#11634=EDGE_LOOP('',(#11635,#11636,#11637));
#11635=ORIENTED_EDGE('',*,*,#11638,.T.);
#11636=ORIENTED_EDGE('',*,*,#11639,.T.);
#11637=ORIENTED_EDGE('',*,*,#11640,.T.);
#11638=EDGE_CURVE('',#775,#433,#11641,.F.);
#11639=EDGE_CURVE('',#433,#435,#11642,.T.);
#11640=EDGE_CURVE('',#435,#775,#11643,.T.);
#11641=LINE('',#774,#11644);
#11642=LINE('',#432,#11645);
#11643=LINE('',#434,#11646);
#11644=VECTOR('',#11647,1.0);
#11645=VECTOR('',#11648,1.0);
#11646=VECTOR('',#11649,1.0);
#11647=DIRECTION('',(-0.02865223697475355,-0.013992819937990933,-0.9994914958650352));
#11648=DIRECTION('',(0.8985691607578904,0.43883193062362763,-2.9696712204216317E-16));
#11649=DIRECTION('',(0,0,1));
#11650=FACE_SURFACE('',(#11655),#11651,.T.);
#11651=PLANE('',#11652);
#11652=AXIS2_PLACEMENT_3D('',#502,#11653,#11654);
#11653=DIRECTION('',(-0.4388321177991767,-0.8985690693474205,0));
#11654=DIRECTION('',(0,0,1));
#11655=FACE_BOUND('',#11656,.T.);
#11656=EDGE_LOOP('',(#11657,#11658,#11659));
#11657=ORIENTED_EDGE('',*,*,#11660,.T.);
#11658=ORIENTED_EDGE('',*,*,#11661,.T.);
#11659=ORIENTED_EDGE('',*,*,#11662,.T.);
#11660=EDGE_CURVE('',#503,#281,#11663,.F.);
#11661=EDGE_CURVE('',#281,#283,#11664,.T.);
#11662=EDGE_CURVE('',#283,#503,#11665,.T.);
#11663=LINE('',#502,#11666);
#11664=LINE('',#280,#11667);
#11665=LINE('',#282,#11668);
#11666=VECTOR('',#11669,1.0);
#11667=VECTOR('',#11670,1.0);
#11668=VECTOR('',#11671,1.0);
#11669=DIRECTION('',(0,0,1));
#11670=DIRECTION('',(-0.8985690693474205,0.43883211779917664,0));
#11671=DIRECTION('',(0.028652871785244265,-0.01399313735078668,-0.9994914732230288));
#11672=FACE_SURFACE('',(#11677),#11673,.T.);
#11673=PLANE('',#11674);
#11674=AXIS2_PLACEMENT_3D('',#232,#11675,#11676);
#11675=DIRECTION('',(-0.8985672418541736,-0.4388358598229904,-0));
#11676=DIRECTION('',(0,0,-1));
#11677=FACE_BOUND('',#11678,.T.);
#11678=EDGE_LOOP('',(#11679,#11680,#11681));
#11679=ORIENTED_EDGE('',*,*,#11682,.T.);
#11680=ORIENTED_EDGE('',*,*,#11683,.T.);
#11681=ORIENTED_EDGE('',*,*,#11684,.T.);
#11682=EDGE_CURVE('',#233,#653,#11685,.F.);
#11683=EDGE_CURVE('',#653,#665,#11686,.T.);
#11684=EDGE_CURVE('',#665,#233,#11687,.T.);
#11685=LINE('',#232,#11688);
#11686=LINE('',#652,#11689);
#11687=LINE('',#664,#11690);
#11688=VECTOR('',#11691,1.0);
#11689=VECTOR('',#11692,1.0);
#11690=VECTOR('',#11693,1.0);
#11691=DIRECTION('',(0,0,-1));
#11692=DIRECTION('',(0.43883585982299034,-0.8985672418541735,1.020808730947527E-16));
#11693=DIRECTION('',(-0.013992820065376164,0.028651919505799872,0.9994915049640247));
#11694=FACE_SURFACE('',(#11699),#11695,.T.);
#11695=PLANE('',#11696);
#11696=AXIS2_PLACEMENT_3D('',#816,#11697,#11698);
#11697=DIRECTION('',(0.6637125336103797,-0.7479877490497359,0));
#11698=DIRECTION('',(0,0,1));
#11699=FACE_BOUND('',#11700,.T.);
#11700=EDGE_LOOP('',(#11701,#11702,#11703));
#11701=ORIENTED_EDGE('',*,*,#11704,.T.);
#11702=ORIENTED_EDGE('',*,*,#11705,.T.);
#11703=ORIENTED_EDGE('',*,*,#11706,.T.);
#11704=EDGE_CURVE('',#817,#111,#11707,.F.);
#11705=EDGE_CURVE('',#111,#115,#11708,.T.);
#11706=EDGE_CURVE('',#115,#817,#11709,.T.);
#11707=LINE('',#816,#11710);
#11708=LINE('',#110,#11711);
#11709=LINE('',#114,#11712);
#11710=VECTOR('',#11713,1.0);
#11711=VECTOR('',#11714,1.0);
#11712=VECTOR('',#11715,1.0);
#11713=DIRECTION('',(0,0,1));
#11714=DIRECTION('',(-0.7479877490497359,-0.6637125336103797,0));
#11715=DIRECTION('',(0.023654544588969508,0.020989404893984067,-0.9994998286155355));
#11716=FACE_SURFACE('',(#11721),#11717,.T.);
#11717=PLANE('',#11718);
#11718=AXIS2_PLACEMENT_3D('',#280,#11719,#11720);
#11719=DIRECTION('',(-0.557126956502431,-0.8304273323646917,-0));
#11720=DIRECTION('',(0,0,-1));
#11721=FACE_BOUND('',#11722,.T.);
#11722=EDGE_LOOP('',(#11723,#11724,#11725));
#11723=ORIENTED_EDGE('',*,*,#11726,.T.);
#11724=ORIENTED_EDGE('',*,*,#11727,.T.);
#11725=ORIENTED_EDGE('',*,*,#11728,.T.);
#11726=EDGE_CURVE('',#281,#503,#11729,.F.);
#11727=EDGE_CURVE('',#503,#819,#11730,.T.);
#11728=EDGE_CURVE('',#819,#281,#11731,.T.);
#11729=LINE('',#280,#11732);
#11730=LINE('',#502,#11733);
#11731=LINE('',#818,#11734);
#11732=VECTOR('',#11735,1.0);
#11733=VECTOR('',#11736,1.0);
#11734=VECTOR('',#11737,1.0);
#11735=DIRECTION('',(0,0,-1));
#11736=DIRECTION('',(0.8304273323646918,-0.557126956502431,-6.068932595940066E-17));
#11737=DIRECTION('',(-0.02631962603566316,0.017657623464507513,0.9994976166149314));
#11738=FACE_SURFACE('',(#11743),#11739,.T.);
#11739=PLANE('',#11740);
#11740=AXIS2_PLACEMENT_3D('',#280,#11741,#11742);
#11741=DIRECTION('',(-0.557126956502431,-0.8304273323646917,0));
#11742=DIRECTION('',(0.02631962603566316,-0.017657623464507513,-0.9994976166149314));
#11743=FACE_BOUND('',#11744,.T.);
#11744=EDGE_LOOP('',(#11745,#11746,#11747));
#11745=ORIENTED_EDGE('',*,*,#11748,.T.);
#11746=ORIENTED_EDGE('',*,*,#11749,.T.);
#11747=ORIENTED_EDGE('',*,*,#11750,.T.);
#11748=EDGE_CURVE('',#281,#819,#11751,.F.);
#11749=EDGE_CURVE('',#819,#289,#11752,.T.);
#11750=EDGE_CURVE('',#289,#281,#11753,.T.);
#11751=LINE('',#280,#11754);
#11752=LINE('',#818,#11755);
#11753=LINE('',#288,#11756);
#11754=VECTOR('',#11757,1.0);
#11755=VECTOR('',#11758,1.0);
#11756=VECTOR('',#11759,1.0);
#11757=DIRECTION('',(0.02631962603566316,-0.017657623464507513,-0.9994976166149314));
#11758=DIRECTION('',(0,0,1));
#11759=DIRECTION('',(-0.8304273323646918,0.557126956502431,0));
#11760=FACE_SURFACE('',(#11765),#11761,.T.);
#11761=PLANE('',#11762);
#11762=AXIS2_PLACEMENT_3D('',#436,#11763,#11764);
#11763=DIRECTION('',(0.3256677024511265,-0.9454842926142161,0));
#11764=DIRECTION('',(0,0,1));
#11765=FACE_BOUND('',#11766,.T.);
#11766=EDGE_LOOP('',(#11767,#11768,#11769));
#11767=ORIENTED_EDGE('',*,*,#11770,.T.);
#11768=ORIENTED_EDGE('',*,*,#11771,.T.);
#11769=ORIENTED_EDGE('',*,*,#11772,.T.);
#11770=EDGE_CURVE('',#437,#783,#11773,.F.);
#11771=EDGE_CURVE('',#783,#435,#11774,.T.);
#11772=EDGE_CURVE('',#435,#437,#11775,.T.);
#11773=LINE('',#436,#11776);
#11774=LINE('',#782,#11777);
#11775=LINE('',#434,#11778);
#11776=VECTOR('',#11779,1.0);
#11777=VECTOR('',#11780,1.0);
#11778=VECTOR('',#11781,1.0);
#11779=DIRECTION('',(0,0,1));
#11780=DIRECTION('',(-0.029984960503960847,-0.010328181305278591,-0.9994969888971658));
#11781=DIRECTION('',(0.9454842926142162,0.3256677024511265,-2.822479933495651E-16));
#11782=FACE_SURFACE('',(#11787),#11783,.T.);
#11783=PLANE('',#11784);
#11784=AXIS2_PLACEMENT_3D('',#774,#11785,#11786);
#11785=DIRECTION('',(0.3256677024511265,-0.9454842926142161,0));
#11786=DIRECTION('',(0,0,-1));
#11787=FACE_BOUND('',#11788,.T.);
#11788=EDGE_LOOP('',(#11789,#11790,#11791));
#11789=ORIENTED_EDGE('',*,*,#11792,.T.);
#11790=ORIENTED_EDGE('',*,*,#11793,.T.);
#11791=ORIENTED_EDGE('',*,*,#11794,.T.);
#11792=EDGE_CURVE('',#775,#435,#11795,.F.);
#11793=EDGE_CURVE('',#435,#783,#11796,.T.);
#11794=EDGE_CURVE('',#783,#775,#11797,.T.);
#11795=LINE('',#774,#11798);
#11796=LINE('',#434,#11799);
#11797=LINE('',#782,#11800);
#11798=VECTOR('',#11801,1.0);
#11799=VECTOR('',#11802,1.0);
#11800=VECTOR('',#11803,1.0);
#11801=DIRECTION('',(0,0,-1));
#11802=DIRECTION('',(0.029984960503960847,0.010328181305278591,0.9994969888971658));
#11803=DIRECTION('',(-0.9454842926142162,-0.3256677024511265,0));
#11804=FACE_SURFACE('',(#11809),#11805,.T.);
#11805=PLANE('',#11806);
#11806=AXIS2_PLACEMENT_3D('',#110,#11807,#11808);
#11807=DIRECTION('',(0.5571084046574509,-0.8304397783464071,0));
#11808=DIRECTION('',(0,0,-1));
#11809=FACE_BOUND('',#11810,.T.);
#11810=EDGE_LOOP('',(#11811,#11812,#11813));
#11811=ORIENTED_EDGE('',*,*,#11814,.T.);
#11812=ORIENTED_EDGE('',*,*,#11815,.T.);
#11813=ORIENTED_EDGE('',*,*,#11816,.T.);
#11814=EDGE_CURVE('',#111,#817,#11817,.F.);
#11815=EDGE_CURVE('',#817,#821,#11818,.T.);
#11816=EDGE_CURVE('',#821,#111,#11819,.T.);
#11817=LINE('',#110,#11820);
#11818=LINE('',#816,#11821);
#11819=LINE('',#820,#11822);
#11820=VECTOR('',#11823,1.0);
#11821=VECTOR('',#11824,1.0);
#11822=VECTOR('',#11825,1.0);
#11823=DIRECTION('',(0,0,-1));
#11824=DIRECTION('',(0.8304397783464071,0.5571084046574509,-3.081020399364922E-16));
#11825=DIRECTION('',(-0.0263208960821413,-0.017657622873840182,0.999497583180609));
#11826=FACE_SURFACE('',(#11831),#11827,.T.);
#11827=PLANE('',#11828);
#11828=AXIS2_PLACEMENT_3D('',#110,#11829,#11830);
#11829=DIRECTION('',(0.5571084046574509,-0.8304397783464071,0));
#11830=DIRECTION('',(0.0263208960821413,0.017657622873840182,-0.999497583180609));
#11831=FACE_BOUND('',#11832,.T.);
#11832=EDGE_LOOP('',(#11833,#11834,#11835));
#11833=ORIENTED_EDGE('',*,*,#11836,.T.);
#11834=ORIENTED_EDGE('',*,*,#11837,.T.);
#11835=ORIENTED_EDGE('',*,*,#11838,.T.);
#11836=EDGE_CURVE('',#111,#821,#11839,.F.);
#11837=EDGE_CURVE('',#821,#163,#11840,.T.);
#11838=EDGE_CURVE('',#163,#111,#11841,.T.);
#11839=LINE('',#110,#11842);
#11840=LINE('',#820,#11843);
#11841=LINE('',#162,#11844);
#11842=VECTOR('',#11845,1.0);
#11843=VECTOR('',#11846,1.0);
#11844=VECTOR('',#11847,1.0);
#11845=DIRECTION('',(0.0263208960821413,0.017657622873840182,-0.999497583180609));
#11846=DIRECTION('',(0,0,1));
#11847=DIRECTION('',(-0.8304397783464071,-0.5571084046574509,0));
#11848=FACE_SURFACE('',(#11853),#11849,.T.);
#11849=PLANE('',#11850);
#11850=AXIS2_PLACEMENT_3D('',#76,#11851,#11852);
#11851=DIRECTION('',(-2.220448155716573E-16,-2.220446266438248E-16,-1));
#11852=DIRECTION('',(0,1,-2.220446266438248E-16));
#11853=FACE_BOUND('',#11854,.T.);
#11854=EDGE_LOOP('',(#11855,#11856,#11857));
#11855=ORIENTED_EDGE('',*,*,#11858,.T.);
#11856=ORIENTED_EDGE('',*,*,#11859,.T.);
#11857=ORIENTED_EDGE('',*,*,#11860,.T.);
#11858=EDGE_CURVE('',#77,#55,#11861,.F.);
#11859=EDGE_CURVE('',#55,#807,#11862,.T.);
#11860=EDGE_CURVE('',#807,#77,#11863,.T.);
#11861=LINE('',#76,#11864);
#11862=LINE('',#54,#11865);
#11863=LINE('',#806,#11866);
#11864=VECTOR('',#11867,1.0);
#11865=VECTOR('',#11868,1.0);
#11866=VECTOR('',#11869,1.0);
#11867=DIRECTION('',(0,1,-2.220446266438248E-16));
#11868=DIRECTION('',(0.16171410614669662,-0.9868376502105982,1.8321421872440302E-16));
#11869=DIRECTION('',(-0.6758432065666843,-0.737045426101853,3.137244566157816E-16));
#11870=FACE_SURFACE('',(#11875),#11871,.T.);
#11871=PLANE('',#11872);
#11872=AXIS2_PLACEMENT_3D('',#664,#11873,#11874);
#11873=DIRECTION('',(-0.9454904622716918,-0.3256497900402563,0));
#11874=DIRECTION('',(0.3256497900402563,-0.9454904622716916,1.3762782795867787E-16));
#11875=FACE_BOUND('',#11876,.T.);
#11876=EDGE_LOOP('',(#11877,#11878,#11879));
#11877=ORIENTED_EDGE('',*,*,#11880,.T.);
#11878=ORIENTED_EDGE('',*,*,#11881,.T.);
#11879=ORIENTED_EDGE('',*,*,#11882,.T.);
#11880=EDGE_CURVE('',#665,#657,#11883,.F.);
#11881=EDGE_CURVE('',#657,#247,#11884,.T.);
#11882=EDGE_CURVE('',#247,#665,#11885,.T.);
#11883=LINE('',#664,#11886);
#11884=LINE('',#656,#11887);
#11885=LINE('',#246,#11888);
#11886=VECTOR('',#11889,1.0);
#11887=VECTOR('',#11890,1.0);
#11888=VECTOR('',#11891,1.0);
#11889=DIRECTION('',(0.3256497900402563,-0.9454904622716916,1.3762782795867787E-16));
#11890=DIRECTION('',(0,0,1));
#11891=DIRECTION('',(-0.01032754590998622,0.029984960700751278,-0.9994969954568406));
#11892=FACE_SURFACE('',(#11897),#11893,.T.);
#11893=PLANE('',#11894);
#11894=AXIS2_PLACEMENT_3D('',#288,#11895,#11896);
#11895=DIRECTION('',(-0.6637125336103796,-0.7479877490497358,-0));
#11896=DIRECTION('',(0,0,-1));
#11897=FACE_BOUND('',#11898,.T.);
#11898=EDGE_LOOP('',(#11899,#11900,#11901));
#11899=ORIENTED_EDGE('',*,*,#11902,.T.);
#11900=ORIENTED_EDGE('',*,*,#11903,.T.);
#11901=ORIENTED_EDGE('',*,*,#11904,.T.);
#11902=EDGE_CURVE('',#289,#819,#11905,.F.);
#11903=EDGE_CURVE('',#819,#291,#11906,.T.);
#11904=EDGE_CURVE('',#291,#289,#11907,.T.);
#11905=LINE('',#288,#11908);
#11906=LINE('',#818,#11909);
#11907=LINE('',#290,#11910);
#11908=VECTOR('',#11911,1.0);
#11909=VECTOR('',#11912,1.0);
#11910=VECTOR('',#11913,1.0);
#11911=DIRECTION('',(0,0,-1));
#11912=DIRECTION('',(0.02365454458896939,-0.02098940489398396,0.9994998286155354));
#11913=DIRECTION('',(-0.7479877490497359,0.6637125336103797,0));
#11914=FACE_SURFACE('',(#11919),#11915,.T.);
#11915=PLANE('',#11916);
#11916=AXIS2_PLACEMENT_3D('',#782,#11917,#11918);
#11917=DIRECTION('',(0.1900309848046815,-0.9817780934682556,0));
#11918=DIRECTION('',(0,0,-1));
#11919=FACE_BOUND('',#11920,.T.);
#11920=EDGE_LOOP('',(#11921,#11922,#11923));
#11921=ORIENTED_EDGE('',*,*,#11924,.T.);
#11922=ORIENTED_EDGE('',*,*,#11925,.T.);
#11923=ORIENTED_EDGE('',*,*,#11926,.T.);
#11924=EDGE_CURVE('',#783,#437,#11927,.F.);
#11925=EDGE_CURVE('',#437,#439,#11928,.T.);
#11926=EDGE_CURVE('',#439,#783,#11929,.T.);
#11927=LINE('',#782,#11930);
#11928=LINE('',#436,#11931);
#11929=LINE('',#438,#11932);
#11930=VECTOR('',#11933,1.0);
#11931=VECTOR('',#11934,1.0);
#11932=VECTOR('',#11935,1.0);
#11933=DIRECTION('',(0,0,-1));
#11934=DIRECTION('',(0.9817780934682556,0.19003098480468153,-2.601961193481732E-16));
#11935=DIRECTION('',(-0.03098406028125417,-0.005997212127329592,0.9995018866691485));
#11936=FACE_SURFACE('',(#11941),#11937,.T.);
#11937=PLANE('',#11938);
#11938=AXIS2_PLACEMENT_3D('',#316,#11939,#11940);
#11939=DIRECTION('',(0.43884783462338406,-0.8985613935877542,0));
#11940=DIRECTION('',(0,0,1));
#11941=FACE_BOUND('',#11942,.T.);
#11942=EDGE_LOOP('',(#11943,#11944,#11945));
#11943=ORIENTED_EDGE('',*,*,#11946,.T.);
#11944=ORIENTED_EDGE('',*,*,#11947,.T.);
#11945=ORIENTED_EDGE('',*,*,#11948,.T.);
#11946=EDGE_CURVE('',#317,#197,#11949,.F.);
#11947=EDGE_CURVE('',#197,#821,#11950,.T.);
#11948=EDGE_CURVE('',#821,#317,#11951,.T.);
#11949=LINE('',#316,#11952);
#11950=LINE('',#196,#11953);
#11951=LINE('',#820,#11954);
#11952=VECTOR('',#11955,1.0);
#11953=VECTOR('',#11956,1.0);
#11954=VECTOR('',#11957,1.0);
#11955=DIRECTION('',(0,0,1));
#11956=DIRECTION('',(-0.02865160190945323,-0.013993137860342328,-0.9994915096191881));
#11957=DIRECTION('',(0.8985613935877542,0.4388478346233841,-2.9696229113126295E-16));
#11958=FACE_SURFACE('',(#11963),#11959,.T.);
#11959=PLANE('',#11960);
#11960=AXIS2_PLACEMENT_3D('',#162,#11961,#11962);
#11961=DIRECTION('',(0.43884783462338406,-0.8985613935877542,0));
#11962=DIRECTION('',(0,0,-1));
#11963=FACE_BOUND('',#11964,.T.);
#11964=EDGE_LOOP('',(#11965,#11966,#11967));
#11965=ORIENTED_EDGE('',*,*,#11968,.T.);
#11966=ORIENTED_EDGE('',*,*,#11969,.T.);
#11967=ORIENTED_EDGE('',*,*,#11970,.T.);
#11968=EDGE_CURVE('',#163,#821,#11971,.F.);
#11969=EDGE_CURVE('',#821,#197,#11972,.T.);
#11970=EDGE_CURVE('',#197,#163,#11973,.T.);
#11971=LINE('',#162,#11974);
#11972=LINE('',#820,#11975);
#11973=LINE('',#196,#11976);
#11974=VECTOR('',#11977,1.0);
#11975=VECTOR('',#11978,1.0);
#11976=VECTOR('',#11979,1.0);
#11977=DIRECTION('',(0,0,-1));
#11978=DIRECTION('',(0.02865160190945323,0.013993137860342328,0.9994915096191881));
#11979=DIRECTION('',(-0.8985613935877542,-0.4388478346233841,0));
#11980=FACE_SURFACE('',(#11985),#11981,.T.);
#11981=PLANE('',#11982);
#11982=AXIS2_PLACEMENT_3D('',#246,#11983,#11984);
#11983=DIRECTION('',(-0.9817769422679222,-0.19003693228172544,-0));
#11984=DIRECTION('',(0,0,-1));
#11985=FACE_BOUND('',#11986,.T.);
#11986=EDGE_LOOP('',(#11987,#11988,#11989));
#11987=ORIENTED_EDGE('',*,*,#11990,.T.);
#11988=ORIENTED_EDGE('',*,*,#11991,.T.);
#11989=ORIENTED_EDGE('',*,*,#11992,.T.);
#11990=EDGE_CURVE('',#247,#657,#11993,.F.);
#11991=EDGE_CURVE('',#657,#691,#11994,.T.);
#11992=EDGE_CURVE('',#691,#247,#11995,.T.);
#11993=LINE('',#246,#11996);
#11994=LINE('',#656,#11997);
#11995=LINE('',#690,#11998);
#11996=VECTOR('',#11999,1.0);
#11997=VECTOR('',#12000,1.0);
#11998=VECTOR('',#12001,1.0);
#11999=DIRECTION('',(0,0,-1));
#12000=DIRECTION('',(0.1900369322817254,-0.9817769422679222,1.7580495092126178E-16));
#12001=DIRECTION('',(-0.0059975297309052215,0.030984695078322494,0.9995018650848183));
#12002=FACE_SURFACE('',(#12007),#12003,.T.);
#12003=PLANE('',#12004);
#12004=AXIS2_PLACEMENT_3D('',#290,#12005,#12006);
#12005=DIRECTION('',(-0.747992174898728,-0.6637075457536027,0));
#12006=DIRECTION('',(0.020989404736230396,-0.023654862143621204,-0.9994998211034282));
#12007=FACE_BOUND('',#12008,.T.);
#12008=EDGE_LOOP('',(#12009,#12010,#12011));
#12009=ORIENTED_EDGE('',*,*,#12012,.T.);
#12010=ORIENTED_EDGE('',*,*,#12013,.T.);
#12011=ORIENTED_EDGE('',*,*,#12014,.T.);
#12012=EDGE_CURVE('',#291,#823,#12015,.F.);
#12013=EDGE_CURVE('',#823,#301,#12016,.T.);
#12014=EDGE_CURVE('',#301,#291,#12017,.T.);
#12015=LINE('',#290,#12018);
#12016=LINE('',#822,#12019);
#12017=LINE('',#300,#12020);
#12018=VECTOR('',#12021,1.0);
#12019=VECTOR('',#12022,1.0);
#12020=VECTOR('',#12023,1.0);
#12021=DIRECTION('',(0.020989404736230396,-0.023654862143621204,-0.9994998211034282));
#12022=DIRECTION('',(0,0,1));
#12023=DIRECTION('',(-0.6637075457536028,0.747992174898728,0));
#12024=FACE_SURFACE('',(#12029),#12025,.T.);
#12025=PLANE('',#12026);
#12026=AXIS2_PLACEMENT_3D('',#438,#12027,#12028);
#12027=DIRECTION('',(0.07348373445278193,-0.9972964157014067,0));
#12028=DIRECTION('',(0.9972964157014067,0.07348373445278193,-2.3776095540255253E-16));
#12029=FACE_BOUND('',#12030,.T.);
#12030=EDGE_LOOP('',(#12031,#12032,#12033));
#12031=ORIENTED_EDGE('',*,*,#12034,.T.);
#12032=ORIENTED_EDGE('',*,*,#12035,.T.);
#12033=ORIENTED_EDGE('',*,*,#12036,.T.);
#12034=EDGE_CURVE('',#439,#629,#12037,.F.);
#12035=EDGE_CURVE('',#629,#785,#12038,.T.);
#12036=EDGE_CURVE('',#785,#439,#12039,.T.);
#12037=LINE('',#438,#12040);
#12038=LINE('',#628,#12041);
#12039=LINE('',#784,#12042);
#12040=VECTOR('',#12043,1.0);
#12041=VECTOR('',#12044,1.0);
#12042=VECTOR('',#12045,1.0);
#12043=DIRECTION('',(0.9972964157014067,0.07348373445278193,-2.3776095540255253E-16));
#12044=DIRECTION('',(0,0,1));
#12045=DIRECTION('',(-0.031651121498496824,-0.0023321477654088367,-0.9994962569187978));
#12046=FACE_SURFACE('',(#12051),#12047,.T.);
#12047=PLANE('',#12048);
#12048=AXIS2_PLACEMENT_3D('',#196,#12049,#12050);
#12049=DIRECTION('',(0.3256677024511265,-0.945484292614216,0));
#12050=DIRECTION('',(0,0,-1));
#12051=FACE_BOUND('',#12052,.T.);
#12052=EDGE_LOOP('',(#12053,#12054,#12055));
#12053=ORIENTED_EDGE('',*,*,#12056,.T.);
#12054=ORIENTED_EDGE('',*,*,#12057,.T.);
#12055=ORIENTED_EDGE('',*,*,#12058,.T.);
#12056=EDGE_CURVE('',#197,#317,#12059,.F.);
#12057=EDGE_CURVE('',#317,#167,#12060,.T.);
#12058=EDGE_CURVE('',#167,#197,#12061,.T.);
#12059=LINE('',#196,#12062);
#12060=LINE('',#316,#12063);
#12061=LINE('',#166,#12064);
#12062=VECTOR('',#12065,1.0);
#12063=VECTOR('',#12066,1.0);
#12064=VECTOR('',#12067,1.0);
#12065=DIRECTION('',(0,0,-1));
#12066=DIRECTION('',(0.02998496050396091,0.010328181305278614,0.9994969888971658));
#12067=DIRECTION('',(-0.9454842926142162,-0.3256677024511265,0));
#12068=FACE_SURFACE('',(#12073),#12069,.T.);
#12069=PLANE('',#12070);
#12070=AXIS2_PLACEMENT_3D('',#824,#12071,#12072);
#12071=DIRECTION('',(-0.8304242795769873,-0.5571315068177727,0));
#12072=DIRECTION('',(0,0,1));
#12073=FACE_BOUND('',#12074,.T.);
#12074=EDGE_LOOP('',(#12075,#12076,#12077));
#12075=ORIENTED_EDGE('',*,*,#12078,.T.);
#12076=ORIENTED_EDGE('',*,*,#12079,.T.);
#12077=ORIENTED_EDGE('',*,*,#12080,.T.);
#12078=EDGE_CURVE('',#825,#299,#12081,.F.);
#12079=EDGE_CURVE('',#299,#823,#12082,.T.);
#12080=EDGE_CURVE('',#823,#825,#12083,.T.);
#12081=LINE('',#824,#12084);
#12082=LINE('',#298,#12085);
#12083=LINE('',#822,#12086);
#12084=VECTOR('',#12087,1.0);
#12085=VECTOR('',#12088,1.0);
#12086=VECTOR('',#12089,1.0);
#12087=DIRECTION('',(0,0,1));
#12088=DIRECTION('',(-0.017658258434494686,0.026320260763579077,-0.9994975886826329));
#12089=DIRECTION('',(0.5571315068177726,-0.8304242795769873,6.068763760753651E-17));
#12090=FACE_SURFACE('',(#12095),#12091,.T.);
#12091=PLANE('',#12092);
#12092=AXIS2_PLACEMENT_3D('',#300,#12093,#12094);
#12093=DIRECTION('',(-0.8304242795769873,-0.5571315068177727,-0));
#12094=DIRECTION('',(0,0,-1));
#12095=FACE_BOUND('',#12096,.T.);
#12096=EDGE_LOOP('',(#12097,#12098,#12099));
#12097=ORIENTED_EDGE('',*,*,#12100,.T.);
#12098=ORIENTED_EDGE('',*,*,#12101,.T.);
#12099=ORIENTED_EDGE('',*,*,#12102,.T.);
#12100=EDGE_CURVE('',#301,#823,#12103,.F.);
#12101=EDGE_CURVE('',#823,#299,#12104,.T.);
#12102=EDGE_CURVE('',#299,#301,#12105,.T.);
#12103=LINE('',#300,#12106);
#12104=LINE('',#822,#12107);
#12105=LINE('',#298,#12108);
#12106=VECTOR('',#12109,1.0);
#12107=VECTOR('',#12110,1.0);
#12108=VECTOR('',#12111,1.0);
#12109=DIRECTION('',(0,0,-1));
#12110=DIRECTION('',(0.017658258434494686,-0.026320260763579077,0.9994975886826329));
#12111=DIRECTION('',(-0.5571315068177726,0.8304242795769873,0));
#12112=FACE_SURFACE('',(#12117),#12113,.T.);
#12113=PLANE('',#12114);
#12114=AXIS2_PLACEMENT_3D('',#294,#12115,#12116);
#12115=DIRECTION('',(0.19002128047862832,-0.9817799717682484,0));
#12116=DIRECTION('',(0,0,1));
#12117=FACE_BOUND('',#12118,.T.);
#12118=EDGE_LOOP('',(#12119,#12120,#12121));
#12119=ORIENTED_EDGE('',*,*,#12122,.T.);
#12120=ORIENTED_EDGE('',*,*,#12123,.T.);
#12121=ORIENTED_EDGE('',*,*,#12124,.T.);
#12122=EDGE_CURVE('',#295,#169,#12125,.F.);
#12123=EDGE_CURVE('',#169,#167,#12126,.T.);
#12124=EDGE_CURVE('',#167,#295,#12127,.T.);
#12125=LINE('',#294,#12128);
#12126=LINE('',#168,#12129);
#12127=LINE('',#166,#12130);
#12128=VECTOR('',#12131,1.0);
#12129=VECTOR('',#12132,1.0);
#12130=VECTOR('',#12133,1.0);
#12131=DIRECTION('',(0,0,1));
#12132=DIRECTION('',(-0.9817799717682484,-0.19002128047862832,0));
#12133=DIRECTION('',(0.030984060340293194,0.005996894405663622,-0.9995018885736617));
#12134=FACE_SURFACE('',(#12139),#12135,.T.);
#12135=PLANE('',#12136);
#12136=AXIS2_PLACEMENT_3D('',#626,#12137,#12138);
#12137=DIRECTION('',(-0.07348520185537083,-0.9972963075777806,0));
#12138=DIRECTION('',(0,0,1));
#12139=FACE_BOUND('',#12140,.T.);
#12140=EDGE_LOOP('',(#12141,#12142,#12143));
#12141=ORIENTED_EDGE('',*,*,#12144,.T.);
#12142=ORIENTED_EDGE('',*,*,#12145,.T.);
#12143=ORIENTED_EDGE('',*,*,#12146,.T.);
#12144=EDGE_CURVE('',#627,#827,#12147,.F.);
#12145=EDGE_CURVE('',#827,#629,#12148,.T.);
#12146=EDGE_CURVE('',#629,#627,#12149,.T.);
#12147=LINE('',#626,#12150);
#12148=LINE('',#826,#12151);
#12149=LINE('',#628,#12152);
#12150=VECTOR('',#12153,1.0);
#12151=VECTOR('',#12154,1.0);
#12152=VECTOR('',#12155,1.0);
#12153=DIRECTION('',(0,0,1));
#12154=DIRECTION('',(-0.031650486672473596,0.002332147812315098,-0.9994962770215691));
#12155=DIRECTION('',(0.9972963075777806,-0.07348520185537083,-2.0513171804252255E-16));
#12156=FACE_SURFACE('',(#12161),#12157,.T.);
#12157=PLANE('',#12158);
#12158=AXIS2_PLACEMENT_3D('',#784,#12159,#12160);
#12159=DIRECTION('',(-0.07348520185537083,-0.9972963075777806,-0));
#12160=DIRECTION('',(0,0,-1));
#12161=FACE_BOUND('',#12162,.T.);
#12162=EDGE_LOOP('',(#12163,#12164,#12165));
#12163=ORIENTED_EDGE('',*,*,#12166,.T.);
#12164=ORIENTED_EDGE('',*,*,#12167,.T.);
#12165=ORIENTED_EDGE('',*,*,#12168,.T.);
#12166=EDGE_CURVE('',#785,#629,#12169,.F.);
#12167=EDGE_CURVE('',#629,#827,#12170,.T.);
#12168=EDGE_CURVE('',#827,#785,#12171,.T.);
#12169=LINE('',#784,#12172);
#12170=LINE('',#628,#12173);
#12171=LINE('',#826,#12174);
#12172=VECTOR('',#12175,1.0);
#12173=VECTOR('',#12176,1.0);
#12174=VECTOR('',#12177,1.0);
#12175=DIRECTION('',(0,0,-1));
#12176=DIRECTION('',(0.031650486672473596,-0.002332147812315098,0.9994962770215691));
#12177=DIRECTION('',(-0.9972963075777806,0.07348520185537083,0));
#12178=FACE_SURFACE('',(#12183),#12179,.T.);
#12179=PLANE('',#12180);
#12180=AXIS2_PLACEMENT_3D('',#828,#12181,#12182);
#12181=DIRECTION('',(-2.2202544834051762E-16,-2.2204137426653377E-16,-1));
#12182=DIRECTION('',(-0.5571315068177726,-0.8304242795769873,3.0808592084741464E-16));
#12183=FACE_BOUND('',#12184,.T.);
#12184=EDGE_LOOP('',(#12185,#12186,#12187));
#12185=ORIENTED_EDGE('',*,*,#12188,.T.);
#12186=ORIENTED_EDGE('',*,*,#12189,.T.);
#12187=ORIENTED_EDGE('',*,*,#12190,.T.);
#12188=EDGE_CURVE('',#829,#813,#12191,.F.);
#12189=EDGE_CURVE('',#813,#55,#12192,.T.);
#12190=EDGE_CURVE('',#55,#829,#12193,.T.);
#12191=LINE('',#828,#12194);
#12192=LINE('',#812,#12195);
#12193=LINE('',#54,#12196);
#12194=VECTOR('',#12197,1.0);
#12195=VECTOR('',#12198,1.0);
#12196=VECTOR('',#12199,1.0);
#12197=DIRECTION('',(-0.5571315068177726,-0.8304242795769873,3.0808592084741464E-16));
#12198=DIRECTION('',(-0.16468568898494523,0.9863460973935841,-1.824452290355543E-16));
#12199=DIRECTION('',(0.16661935022899735,-0.9860212939532628,1.8194378722864949E-16));
#12200=FACE_SURFACE('',(#12205),#12201,.T.);
#12201=PLANE('',#12202);
#12202=AXIS2_PLACEMENT_3D('',#168,#12203,#12204);
#12203=DIRECTION('',(0.07348373445278193,-0.9972964157014067,0));
#12204=DIRECTION('',(0,0,-1));
#12205=FACE_BOUND('',#12206,.T.);
#12206=EDGE_LOOP('',(#12207,#12208,#12209));
#12207=ORIENTED_EDGE('',*,*,#12210,.T.);
#12208=ORIENTED_EDGE('',*,*,#12211,.T.);
#12209=ORIENTED_EDGE('',*,*,#12212,.T.);
#12210=EDGE_CURVE('',#169,#295,#12213,.F.);
#12211=EDGE_CURVE('',#295,#239,#12214,.T.);
#12212=EDGE_CURVE('',#239,#169,#12215,.T.);
#12213=LINE('',#168,#12216);
#12214=LINE('',#294,#12217);
#12215=LINE('',#238,#12218);
#12216=VECTOR('',#12219,1.0);
#12217=VECTOR('',#12220,1.0);
#12218=VECTOR('',#12221,1.0);
#12219=DIRECTION('',(0,0,-1));
#12220=DIRECTION('',(0.9972964157014067,0.07348373445278193,-2.3775206348604846E-16));
#12221=DIRECTION('',(-0.03165112149849689,-0.0023321477654088415,0.9994962569187978));
#12222=FACE_SURFACE('',(#12227),#12223,.T.);
#12223=PLANE('',#12224);
#12224=AXIS2_PLACEMENT_3D('',#168,#12225,#12226);
#12225=DIRECTION('',(0.07348373445278193,-0.9972964157014067,0));
#12226=DIRECTION('',(0.03165112149849689,0.0023321477654088415,-0.9994962569187978));
#12227=FACE_BOUND('',#12228,.T.);
#12228=EDGE_LOOP('',(#12229,#12230,#12231));
#12229=ORIENTED_EDGE('',*,*,#12232,.T.);
#12230=ORIENTED_EDGE('',*,*,#12233,.T.);
#12231=ORIENTED_EDGE('',*,*,#12234,.T.);
#12232=EDGE_CURVE('',#169,#239,#12235,.F.);
#12233=EDGE_CURVE('',#239,#123,#12236,.T.);
#12234=EDGE_CURVE('',#123,#169,#12237,.T.);
#12235=LINE('',#168,#12238);
#12236=LINE('',#238,#12239);
#12237=LINE('',#122,#12240);
#12238=VECTOR('',#12241,1.0);
#12239=VECTOR('',#12242,1.0);
#12240=VECTOR('',#12243,1.0);
#12241=DIRECTION('',(0.03165112149849689,0.0023321477654088415,-0.9994962569187978));
#12242=DIRECTION('',(0,0,1));
#12243=DIRECTION('',(-0.9972964157014067,-0.07348373445278193,0));
#12244=FACE_SURFACE('',(#12249),#12245,.T.);
#12245=PLANE('',#12246);
#12246=AXIS2_PLACEMENT_3D('',#624,#12247,#12248);
#12247=DIRECTION('',(-0.19002722818883444,-0.9817788205837753,0));
#12248=DIRECTION('',(0,0,1));
#12249=FACE_BOUND('',#12250,.T.);
#12250=EDGE_LOOP('',(#12251,#12252,#12253));
#12251=ORIENTED_EDGE('',*,*,#12254,.T.);
#12252=ORIENTED_EDGE('',*,*,#12255,.T.);
#12253=ORIENTED_EDGE('',*,*,#12256,.T.);
#12254=EDGE_CURVE('',#625,#469,#12257,.F.);
#12255=EDGE_CURVE('',#469,#627,#12258,.T.);
#12256=EDGE_CURVE('',#627,#625,#12259,.T.);
#12257=LINE('',#624,#12260);
#12258=LINE('',#468,#12261);
#12259=LINE('',#626,#12262);
#12260=VECTOR('',#12263,1.0);
#12261=VECTOR('',#12264,1.0);
#12262=VECTOR('',#12265,1.0);
#12263=DIRECTION('',(0,0,1));
#12264=DIRECTION('',(-0.03098469513736594,0.00599721200924734,-0.9995018669894322));
#12265=DIRECTION('',(0.9817788205837752,-0.19002722818883444,-1.7579746311819576E-16));
#12266=FACE_SURFACE('',(#12271),#12267,.T.);
#12267=PLANE('',#12268);
#12268=AXIS2_PLACEMENT_3D('',#826,#12269,#12270);
#12269=DIRECTION('',(-0.19002722818883444,-0.9817788205837753,-0));
#12270=DIRECTION('',(0,0,-1));
#12271=FACE_BOUND('',#12272,.T.);
#12272=EDGE_LOOP('',(#12273,#12274,#12275));
#12273=ORIENTED_EDGE('',*,*,#12276,.T.);
#12274=ORIENTED_EDGE('',*,*,#12277,.T.);
#12275=ORIENTED_EDGE('',*,*,#12278,.T.);
#12276=EDGE_CURVE('',#827,#627,#12279,.F.);
#12277=EDGE_CURVE('',#627,#469,#12280,.T.);
#12278=EDGE_CURVE('',#469,#827,#12281,.T.);
#12279=LINE('',#826,#12282);
#12280=LINE('',#626,#12283);
#12281=LINE('',#468,#12284);
#12282=VECTOR('',#12285,1.0);
#12283=VECTOR('',#12286,1.0);
#12284=VECTOR('',#12287,1.0);
#12285=DIRECTION('',(0,0,-1));
#12286=DIRECTION('',(0.03098469513736594,-0.00599721200924734,0.9995018669894322));
#12287=DIRECTION('',(-0.9817788205837752,0.19002722818883444,0));
#12288=FACE_SURFACE('',(#12293),#12289,.T.);
#12289=PLANE('',#12290);
#12290=AXIS2_PLACEMENT_3D('',#488,#12291,#12292);
#12291=DIRECTION('',(-0.43883193062362774,-0.8985691607578905,0));
#12292=DIRECTION('',(0,0,1));
#12293=FACE_BOUND('',#12294,.T.);
#12294=EDGE_LOOP('',(#12295,#12296,#12297));
#12295=ORIENTED_EDGE('',*,*,#12298,.T.);
#12296=ORIENTED_EDGE('',*,*,#12299,.T.);
#12297=ORIENTED_EDGE('',*,*,#12300,.T.);
#12298=EDGE_CURVE('',#489,#831,#12301,.F.);
#12299=EDGE_CURVE('',#831,#833,#12302,.T.);
#12300=EDGE_CURVE('',#833,#489,#12303,.T.);
#12301=LINE('',#488,#12304);
#12302=LINE('',#830,#12305);
#12303=LINE('',#832,#12306);
#12304=VECTOR('',#12307,1.0);
#12305=VECTOR('',#12308,1.0);
#12306=VECTOR('',#12309,1.0);
#12307=DIRECTION('',(0,0,1));
#12308=DIRECTION('',(-0.8985691607578904,0.43883193062362763,0));
#12309=DIRECTION('',(0.02865223697475355,-0.013992819937990933,-0.9994914958650352));
#12310=FACE_SURFACE('',(#12315),#12311,.T.);
#12311=PLANE('',#12312);
#12312=AXIS2_PLACEMENT_3D('',#122,#12313,#12314);
#12313=DIRECTION('',(-0.07348373445278193,-0.9972964157014067,-0));
#12314=DIRECTION('',(0,0,-1));
#12315=FACE_BOUND('',#12316,.T.);
#12316=EDGE_LOOP('',(#12317,#12318,#12319));
#12317=ORIENTED_EDGE('',*,*,#12320,.T.);
#12318=ORIENTED_EDGE('',*,*,#12321,.T.);
#12319=ORIENTED_EDGE('',*,*,#12322,.T.);
#12320=EDGE_CURVE('',#123,#239,#12323,.F.);
#12321=EDGE_CURVE('',#239,#125,#12324,.T.);
#12322=EDGE_CURVE('',#125,#123,#12325,.T.);
#12323=LINE('',#122,#12326);
#12324=LINE('',#238,#12327);
#12325=LINE('',#124,#12328);
#12326=VECTOR('',#12329,1.0);
#12327=VECTOR('',#12330,1.0);
#12328=VECTOR('',#12331,1.0);
#12329=DIRECTION('',(0,0,-1));
#12330=DIRECTION('',(0.03165112149849689,-0.0023321477654088415,0.9994962569187978));
#12331=DIRECTION('',(-0.9972964157014067,0.07348373445278193,0));
#12332=FACE_SURFACE('',(#12337),#12333,.T.);
#12333=PLANE('',#12334);
#12334=AXIS2_PLACEMENT_3D('',#832,#12335,#12336);
#12335=DIRECTION('',(-0.3256677024511265,-0.9454842926142161,-0));
#12336=DIRECTION('',(-0.9454842926142162,0.3256677024511265,0));
#12337=FACE_BOUND('',#12338,.T.);
#12338=EDGE_LOOP('',(#12339,#12340,#12341));
#12339=ORIENTED_EDGE('',*,*,#12342,.T.);
#12340=ORIENTED_EDGE('',*,*,#12343,.T.);
#12341=ORIENTED_EDGE('',*,*,#12344,.T.);
#12342=EDGE_CURVE('',#833,#469,#12345,.F.);
#12343=EDGE_CURVE('',#469,#493,#12346,.T.);
#12344=EDGE_CURVE('',#493,#833,#12347,.T.);
#12345=LINE('',#832,#12348);
#12346=LINE('',#468,#12349);
#12347=LINE('',#492,#12350);
#12348=VECTOR('',#12351,1.0);
#12349=VECTOR('',#12352,1.0);
#12350=VECTOR('',#12353,1.0);
#12351=DIRECTION('',(-0.9454842926142162,0.3256677024511265,0));
#12352=DIRECTION('',(0.029984960503960847,-0.010328181305278591,-0.9994969888971658));
#12353=DIRECTION('',(0,0,1));
#12354=FACE_SURFACE('',(#12359),#12355,.T.);
#12355=PLANE('',#12356);
#12356=AXIS2_PLACEMENT_3D('',#624,#12357,#12358);
#12357=DIRECTION('',(-0.3256677024511265,-0.9454842926142161,0));
#12358=DIRECTION('',(0.9454842926142162,-0.3256677024511265,-1.3763137908312756E-16));
#12359=FACE_BOUND('',#12360,.T.);
#12360=EDGE_LOOP('',(#12361,#12362,#12363));
#12361=ORIENTED_EDGE('',*,*,#12364,.T.);
#12362=ORIENTED_EDGE('',*,*,#12365,.T.);
#12363=ORIENTED_EDGE('',*,*,#12366,.T.);
#12364=EDGE_CURVE('',#625,#493,#12367,.F.);
#12365=EDGE_CURVE('',#493,#469,#12368,.T.);
#12366=EDGE_CURVE('',#469,#625,#12369,.T.);
#12367=LINE('',#624,#12370);
#12368=LINE('',#492,#12371);
#12369=LINE('',#468,#12372);
#12370=VECTOR('',#12373,1.0);
#12371=VECTOR('',#12374,1.0);
#12372=VECTOR('',#12375,1.0);
#12373=DIRECTION('',(0.9454842926142162,-0.3256677024511265,-1.3763137908312756E-16));
#12374=DIRECTION('',(-0.029984960503960847,0.010328181305278591,0.9994969888971658));
#12375=DIRECTION('',(0,0,-1));
#12376=FACE_SURFACE('',(#12381),#12377,.T.);
#12377=PLANE('',#12378);
#12378=AXIS2_PLACEMENT_3D('',#310,#12379,#12380);
#12379=DIRECTION('',(-0.19003098480468153,0.9817780934682556,0));
#12380=DIRECTION('',(0.9817780934682556,0.19003098480468153,0));
#12381=FACE_BOUND('',#12382,.T.);
#12382=EDGE_LOOP('',(#12383,#12384,#12385));
#12383=ORIENTED_EDGE('',*,*,#12386,.T.);
#12384=ORIENTED_EDGE('',*,*,#12387,.T.);
#12385=ORIENTED_EDGE('',*,*,#12388,.T.);
#12386=EDGE_CURVE('',#311,#313,#12389,.F.);
#12387=EDGE_CURVE('',#313,#835,#12390,.T.);
#12388=EDGE_CURVE('',#835,#311,#12391,.T.);
#12389=LINE('',#310,#12392);
#12390=LINE('',#312,#12393);
#12391=LINE('',#834,#12394);
#12392=VECTOR('',#12395,1.0);
#12393=VECTOR('',#12396,1.0);
#12394=VECTOR('',#12397,1.0);
#12395=DIRECTION('',(0.9817780934682556,0.19003098480468153,0));
#12396=DIRECTION('',(0,0,-1));
#12397=DIRECTION('',(-0.03098406028125409,-0.005997212127329576,0.9995018866691485));
#12398=FACE_SURFACE('',(#12403),#12399,.T.);
#12399=PLANE('',#12400);
#12400=AXIS2_PLACEMENT_3D('',#470,#12401,#12402);
#12401=DIRECTION('',(-0.6637181547720366,-0.7479827611823704,0));
#12402=DIRECTION('',(0.7479827611823705,-0.6637181547720366,-1.871496302593898E-17));
#12403=FACE_BOUND('',#12404,.T.);
#12404=EDGE_LOOP('',(#12405,#12406,#12407));
#12405=ORIENTED_EDGE('',*,*,#12408,.T.);
#12406=ORIENTED_EDGE('',*,*,#12409,.T.);
#12407=ORIENTED_EDGE('',*,*,#12410,.T.);
#12408=EDGE_CURVE('',#471,#667,#12411,.F.);
#12409=EDGE_CURVE('',#667,#263,#12412,.T.);
#12410=EDGE_CURVE('',#263,#471,#12413,.T.);
#12411=LINE('',#470,#12414);
#12412=LINE('',#666,#12415);
#12413=LINE('',#262,#12416);
#12414=VECTOR('',#12417,1.0);
#12415=VECTOR('',#12418,1.0);
#12416=VECTOR('',#12419,1.0);
#12417=DIRECTION('',(0.7479827611823705,-0.6637181547720366,-1.871496302593898E-17));
#12418=DIRECTION('',(0,0,1));
#12419=DIRECTION('',(-0.023654544431215643,0.020989722486440692,-0.999499821949806));
#12420=FACE_SURFACE('',(#12425),#12421,.T.);
#12421=PLANE('',#12422);
#12422=AXIS2_PLACEMENT_3D('',#488,#12423,#12424);
#12423=DIRECTION('',(-0.5571269565024312,-0.8304273323646918,0));
#12424=DIRECTION('',(0.8304273323646918,-0.557126956502431,-6.068932595940066E-17));
#12425=FACE_BOUND('',#12426,.T.);
#12426=EDGE_LOOP('',(#12427,#12428,#12429));
#12427=ORIENTED_EDGE('',*,*,#12430,.T.);
#12428=ORIENTED_EDGE('',*,*,#12431,.T.);
#12429=ORIENTED_EDGE('',*,*,#12432,.T.);
#12430=EDGE_CURVE('',#489,#491,#12433,.F.);
#12431=EDGE_CURVE('',#491,#831,#12434,.T.);
#12432=EDGE_CURVE('',#831,#489,#12435,.T.);
#12433=LINE('',#488,#12436);
#12434=LINE('',#490,#12437);
#12435=LINE('',#830,#12438);
#12436=VECTOR('',#12439,1.0);
#12437=VECTOR('',#12440,1.0);
#12438=VECTOR('',#12441,1.0);
#12439=DIRECTION('',(0.8304273323646918,-0.557126956502431,-6.068932595940066E-17));
#12440=DIRECTION('',(-0.02631962603566323,0.01765762346450756,0.9994976166149314));
#12441=DIRECTION('',(0,0,-1));
#12442=FACE_SURFACE('',(#12447),#12443,.T.);
#12443=PLANE('',#12444);
#12444=AXIS2_PLACEMENT_3D('',#830,#12445,#12446);
#12445=DIRECTION('',(-0.5571269565024312,-0.8304273323646918,0));
#12446=DIRECTION('',(0.02631962603566323,-0.01765762346450756,-0.9994976166149314));
#12447=FACE_BOUND('',#12448,.T.);
#12448=EDGE_LOOP('',(#12449,#12450,#12451));
#12449=ORIENTED_EDGE('',*,*,#12452,.T.);
#12450=ORIENTED_EDGE('',*,*,#12453,.T.);
#12451=ORIENTED_EDGE('',*,*,#12454,.T.);
#12452=EDGE_CURVE('',#831,#491,#12455,.F.);
#12453=EDGE_CURVE('',#491,#837,#12456,.T.);
#12454=EDGE_CURVE('',#837,#831,#12457,.T.);
#12455=LINE('',#830,#12458);
#12456=LINE('',#490,#12459);
#12457=LINE('',#836,#12460);
#12458=VECTOR('',#12461,1.0);
#12459=VECTOR('',#12462,1.0);
#12460=VECTOR('',#12463,1.0);
#12461=DIRECTION('',(0.02631962603566323,-0.01765762346450756,-0.9994976166149314));
#12462=DIRECTION('',(0,0,1));
#12463=DIRECTION('',(-0.8304273323646918,0.557126956502431,0));
#12464=FACE_SURFACE('',(#12469),#12465,.T.);
#12465=PLANE('',#12466);
#12466=AXIS2_PLACEMENT_3D('',#832,#12467,#12468);
#12467=DIRECTION('',(-0.43883193062362774,-0.8985691607578905,-0));
#12468=DIRECTION('',(0,0,-1));
#12469=FACE_BOUND('',#12470,.T.);
#12470=EDGE_LOOP('',(#12471,#12472,#12473));
#12471=ORIENTED_EDGE('',*,*,#12474,.T.);
#12472=ORIENTED_EDGE('',*,*,#12475,.T.);
#12473=ORIENTED_EDGE('',*,*,#12476,.T.);
#12474=EDGE_CURVE('',#833,#493,#12477,.F.);
#12475=EDGE_CURVE('',#493,#489,#12478,.T.);
#12476=EDGE_CURVE('',#489,#833,#12479,.T.);
#12477=LINE('',#832,#12480);
#12478=LINE('',#492,#12481);
#12479=LINE('',#488,#12482);
#12480=VECTOR('',#12483,1.0);
#12481=VECTOR('',#12484,1.0);
#12482=VECTOR('',#12485,1.0);
#12483=DIRECTION('',(0,0,-1));
#12484=DIRECTION('',(0.8985691607578904,-0.43883193062362763,-1.0207774655444226E-16));
#12485=DIRECTION('',(-0.02865223697475355,0.013992819937990933,0.9994914958650352));
#12486=FACE_SURFACE('',(#12491),#12487,.T.);
#12487=PLANE('',#12488);
#12488=AXIS2_PLACEMENT_3D('',#700,#12489,#12490);
#12489=DIRECTION('',(-2.2204937502245305E-16,-2.2204447219146872E-16,-1));
#12490=DIRECTION('',(0.43883585982299034,-0.8985672418541735,1.0207866053491797E-16));
#12491=FACE_BOUND('',#12492,.T.);
#12492=EDGE_LOOP('',(#12493,#12494,#12495));
#12493=ORIENTED_EDGE('',*,*,#12496,.T.);
#12494=ORIENTED_EDGE('',*,*,#12497,.T.);
#12495=ORIENTED_EDGE('',*,*,#12498,.T.);
#12496=EDGE_CURVE('',#701,#767,#12499,.F.);
#12497=EDGE_CURVE('',#767,#839,#12500,.T.);
#12498=EDGE_CURVE('',#839,#701,#12501,.T.);
#12499=LINE('',#700,#12502);
#12500=LINE('',#766,#12503);
#12501=LINE('',#838,#12504);
#12502=VECTOR('',#12505,1.0);
#12503=VECTOR('',#12506,1.0);
#12504=VECTOR('',#12507,1.0);
#12505=DIRECTION('',(0.43883585982299034,-0.8985672418541735,1.0207866053491797E-16));
#12506=DIRECTION('',(-0.022827027349879053,-0.9997394294626815,2.270553411007023E-16));
#12507=DIRECTION('',(0.021185219442501513,0.9997755680537372,-2.266988030553389E-16));
#12508=FACE_SURFACE('',(#12513),#12509,.T.);
#12509=PLANE('',#12510);
#12510=AXIS2_PLACEMENT_3D('',#666,#12511,#12512);
#12511=DIRECTION('',(-0.7479877490497358,-0.6637125336103797,0));
#12512=DIRECTION('',(0.6637125336103797,-0.7479877490497359,1.8715087825276834E-17));
#12513=FACE_BOUND('',#12514,.T.);
#12514=EDGE_LOOP('',(#12515,#12516,#12517));
#12515=ORIENTED_EDGE('',*,*,#12518,.T.);
#12516=ORIENTED_EDGE('',*,*,#12519,.T.);
#12517=ORIENTED_EDGE('',*,*,#12520,.T.);
#12518=EDGE_CURVE('',#667,#425,#12521,.F.);
#12519=EDGE_CURVE('',#425,#263,#12522,.T.);
#12520=EDGE_CURVE('',#263,#667,#12523,.T.);
#12521=LINE('',#666,#12524);
#12522=LINE('',#424,#12525);
#12523=LINE('',#262,#12526);
#12524=VECTOR('',#12527,1.0);
#12525=VECTOR('',#12528,1.0);
#12526=VECTOR('',#12529,1.0);
#12527=DIRECTION('',(0.6637125336103797,-0.7479877490497359,1.8715087825276834E-17));
#12528=DIRECTION('',(-0.020989404893983918,0.02365454458896934,0.9994998286155354));
#12529=DIRECTION('',(0,0,-1));
#12530=FACE_SURFACE('',(#12535),#12531,.T.);
#12531=PLANE('',#12532);
#12532=AXIS2_PLACEMENT_3D('',#836,#12533,#12534);
#12533=DIRECTION('',(-0.6637081791524925,-0.7479916128714834,-0));
#12534=DIRECTION('',(0,0,-1));
#12535=FACE_BOUND('',#12536,.T.);
#12536=EDGE_LOOP('',(#12537,#12538,#12539));
#12537=ORIENTED_EDGE('',*,*,#12540,.T.);
#12538=ORIENTED_EDGE('',*,*,#12541,.T.);
#12539=ORIENTED_EDGE('',*,*,#12542,.T.);
#12540=EDGE_CURVE('',#837,#491,#12543,.F.);
#12541=EDGE_CURVE('',#491,#429,#12544,.T.);
#12542=EDGE_CURVE('',#429,#837,#12545,.T.);
#12543=LINE('',#836,#12546);
#12544=LINE('',#490,#12547);
#12545=LINE('',#428,#12548);
#12546=VECTOR('',#12549,1.0);
#12547=VECTOR('',#12550,1.0);
#12548=VECTOR('',#12551,1.0);
#12549=DIRECTION('',(0,0,-1));
#12550=DIRECTION('',(0.02365517954050799,-0.020989722170926775,0.9994998069254909));
#12551=DIRECTION('',(-0.7479916128714834,0.6637081791524925,0));
#12552=FACE_SURFACE('',(#12557),#12553,.T.);
#12553=PLANE('',#12554);
#12554=AXIS2_PLACEMENT_3D('',#606,#12555,#12556);
#12555=DIRECTION('',(-0.32566770245112653,0.9454842926142162,0));
#12556=DIRECTION('',(0,0,1));
#12557=FACE_BOUND('',#12558,.T.);
#12558=EDGE_LOOP('',(#12559,#12560,#12561));
#12559=ORIENTED_EDGE('',*,*,#12562,.T.);
#12560=ORIENTED_EDGE('',*,*,#12563,.T.);
#12561=ORIENTED_EDGE('',*,*,#12564,.T.);
#12562=EDGE_CURVE('',#607,#155,#12565,.F.);
#12563=EDGE_CURVE('',#155,#227,#12566,.T.);
#12564=EDGE_CURVE('',#227,#607,#12567,.T.);
#12565=LINE('',#606,#12568);
#12566=LINE('',#154,#12569);
#12567=LINE('',#226,#12570);
#12568=VECTOR('',#12571,1.0);
#12569=VECTOR('',#12572,1.0);
#12570=VECTOR('',#12573,1.0);
#12571=DIRECTION('',(0,0,1));
#12572=DIRECTION('',(0.9454842926142162,0.3256677024511265,0));
#12573=DIRECTION('',(-0.029984960503960705,-0.010328181305278543,-0.9994969888971658));
#12574=FACE_SURFACE('',(#12579),#12575,.T.);
#12575=PLANE('',#12576);
#12576=AXIS2_PLACEMENT_3D('',#758,#12577,#12578);
#12577=DIRECTION('',(-2.22047865725656E-16,-2.2204451578863382E-16,-1));
#12578=DIRECTION('',(0.6637075457536028,-0.747992174898728,1.8712716288474476E-17));
#12579=FACE_BOUND('',#12580,.T.);
#12580=EDGE_LOOP('',(#12581,#12582,#12583));
#12581=ORIENTED_EDGE('',*,*,#12584,.T.);
#12582=ORIENTED_EDGE('',*,*,#12585,.T.);
#12583=ORIENTED_EDGE('',*,*,#12586,.T.);
#12584=EDGE_CURVE('',#759,#753,#12587,.F.);
#12585=EDGE_CURVE('',#753,#839,#12588,.T.);
#12586=EDGE_CURVE('',#839,#759,#12589,.T.);
#12587=LINE('',#758,#12590);
#12588=LINE('',#752,#12591);
#12589=LINE('',#838,#12592);
#12590=VECTOR('',#12593,1.0);
#12591=VECTOR('',#12594,1.0);
#12592=VECTOR('',#12595,1.0);
#12593=DIRECTION('',(0.6637075457536028,-0.747992174898728,1.8712716288474476E-17));
#12594=DIRECTION('',(-0.02732553232966056,-0.9996265879231607,2.2802917781846096E-16));
#12595=DIRECTION('',(0.02488601278856584,0.9996902952252199,-2.2750163356800274E-16));
#12596=FACE_SURFACE('',(#12601),#12597,.T.);
#12597=PLANE('',#12598);
#12598=AXIS2_PLACEMENT_3D('',#816,#12599,#12600);
#12599=DIRECTION('',(-2.2203237816968606E-16,-2.2204493915243434E-16,-1));
#12600=DIRECTION('',(-0.7479877490497359,-0.6637125336103797,3.1345150790352796E-16));
#12601=FACE_BOUND('',#12602,.T.);
#12602=EDGE_LOOP('',(#12603,#12604,#12605));
#12603=ORIENTED_EDGE('',*,*,#12606,.T.);
#12604=ORIENTED_EDGE('',*,*,#12607,.T.);
#12605=ORIENTED_EDGE('',*,*,#12608,.T.);
#12606=EDGE_CURVE('',#817,#839,#12609,.F.);
#12607=EDGE_CURVE('',#839,#753,#12610,.T.);
#12608=EDGE_CURVE('',#753,#817,#12611,.T.);
#12609=LINE('',#816,#12612);
#12610=LINE('',#838,#12613);
#12611=LINE('',#752,#12614);
#12612=VECTOR('',#12615,1.0);
#12613=VECTOR('',#12616,1.0);
#12614=VECTOR('',#12617,1.0);
#12615=DIRECTION('',(-0.7479877490497359,-0.6637125336103797,3.1345150790352796E-16));
#12616=DIRECTION('',(0.02732553232966056,0.9996265879231607,-2.2802917781846096E-16));
#12617=DIRECTION('',(-0.024709915255669842,-0.9996946634288179,2.27463541960653E-16));
#12618=FACE_SURFACE('',(#12623),#12619,.T.);
#12619=PLANE('',#12620);
#12620=AXIS2_PLACEMENT_3D('',#78,#12621,#12622);
#12621=DIRECTION('',(0.19002347171872733,0.9817795476561743,-0));
#12622=DIRECTION('',(0,0,1));
#12623=FACE_BOUND('',#12624,.T.);
#12624=EDGE_LOOP('',(#12625,#12626,#12627));
#12625=ORIENTED_EDGE('',*,*,#12628,.T.);
#12626=ORIENTED_EDGE('',*,*,#12629,.T.);
#12627=ORIENTED_EDGE('',*,*,#12630,.T.);
#12628=EDGE_CURVE('',#79,#341,#12631,.F.);
#12629=EDGE_CURVE('',#341,#339,#12632,.T.);
#12630=EDGE_CURVE('',#339,#79,#12633,.T.);
#12631=LINE('',#78,#12634);
#12632=LINE('',#340,#12635);
#12633=LINE('',#338,#12636);
#12634=VECTOR('',#12637,1.0);
#12635=VECTOR('',#12638,1.0);
#12636=VECTOR('',#12639,1.0);
#12637=DIRECTION('',(0,0,1));
#12638=DIRECTION('',(0.9817795476561741,-0.19002347171872733,0));
#12639=DIRECTION('',(-0.030985329993440124,0.005997211891162657,-0.9995018473093134));
#12640=FACE_SURFACE('',(#12645),#12641,.T.);
#12641=PLANE('',#12642);
#12642=AXIS2_PLACEMENT_3D('',#240,#12643,#12644);
#12643=DIRECTION('',(-0.43882407241081256,0.8985729984106966,0));
#12644=DIRECTION('',(-0.02865287191263454,-0.01399281968321607,-0.999491477666754));
#12645=FACE_BOUND('',#12646,.T.);
#12646=EDGE_LOOP('',(#12647,#12648,#12649));
#12647=ORIENTED_EDGE('',*,*,#12650,.T.);
#12648=ORIENTED_EDGE('',*,*,#12651,.T.);
#12649=ORIENTED_EDGE('',*,*,#12652,.T.);
#12650=EDGE_CURVE('',#241,#765,#12653,.F.);
#12651=EDGE_CURVE('',#765,#251,#12654,.T.);
#12652=EDGE_CURVE('',#251,#241,#12655,.T.);
#12653=LINE('',#240,#12656);
#12654=LINE('',#764,#12657);
#12655=LINE('',#250,#12658);
#12656=VECTOR('',#12659,1.0);
#12657=VECTOR('',#12660,1.0);
#12658=VECTOR('',#12661,1.0);
#12659=DIRECTION('',(-0.02865287191263454,-0.01399281968321607,-0.999491477666754));
#12660=DIRECTION('',(0,0,1));
#12661=DIRECTION('',(0.8985729984106967,0.4388240724108126,0));
#12662=FACE_SURFACE('',(#12667),#12663,.T.);
#12663=PLANE('',#12664);
#12664=AXIS2_PLACEMENT_3D('',#336,#12665,#12666);
#12665=DIRECTION('',(0.3256677024511265,0.9454842926142161,0));
#12666=DIRECTION('',(0.9454842926142162,-0.3256677024511265,0));
#12667=FACE_BOUND('',#12668,.T.);
#12668=EDGE_LOOP('',(#12669,#12670,#12671));
#12669=ORIENTED_EDGE('',*,*,#12672,.T.);
#12670=ORIENTED_EDGE('',*,*,#12673,.T.);
#12671=ORIENTED_EDGE('',*,*,#12674,.T.);
#12672=EDGE_CURVE('',#337,#341,#12675,.F.);
#12673=EDGE_CURVE('',#341,#79,#12676,.T.);
#12674=EDGE_CURVE('',#79,#337,#12677,.T.);
#12675=LINE('',#336,#12678);
#12676=LINE('',#340,#12679);
#12677=LINE('',#78,#12680);
#12678=VECTOR('',#12681,1.0);
#12679=VECTOR('',#12682,1.0);
#12680=VECTOR('',#12683,1.0);
#12681=DIRECTION('',(0.9454842926142162,-0.3256677024511265,0));
#12682=DIRECTION('',(0,0,-1));
#12683=DIRECTION('',(-0.029984960503960767,0.010328181305278565,0.9994969888971658));
#12684=FACE_SURFACE('',(#12689),#12685,.T.);
#12685=PLANE('',#12686);
#12686=AXIS2_PLACEMENT_3D('',#490,#12687,#12688);
#12687=DIRECTION('',(-0.6637081791524925,-0.7479916128714834,0));
#12688=DIRECTION('',(0.7479916128714834,-0.6637081791524925,-1.871245088219195E-17));
#12689=FACE_BOUND('',#12690,.T.);
#12690=EDGE_LOOP('',(#12691,#12692,#12693));
#12691=ORIENTED_EDGE('',*,*,#12694,.T.);
#12692=ORIENTED_EDGE('',*,*,#12695,.T.);
#12693=ORIENTED_EDGE('',*,*,#12696,.T.);
#12694=EDGE_CURVE('',#491,#137,#12697,.F.);
#12695=EDGE_CURVE('',#137,#429,#12698,.T.);
#12696=EDGE_CURVE('',#429,#491,#12699,.T.);
#12697=LINE('',#490,#12700);
#12698=LINE('',#136,#12701);
#12699=LINE('',#428,#12702);
#12700=VECTOR('',#12703,1.0);
#12701=VECTOR('',#12704,1.0);
#12702=VECTOR('',#12705,1.0);
#12703=DIRECTION('',(0.7479916128714834,-0.6637081791524925,-1.871245088219195E-17));
#12704=DIRECTION('',(0,0,1));
#12705=DIRECTION('',(-0.02365517954050799,0.020989722170926775,-0.9994998069254909));
#12706=FACE_SURFACE('',(#12711),#12707,.T.);
#12707=PLANE('',#12708);
#12708=AXIS2_PLACEMENT_3D('',#102,#12709,#12710);
#12709=DIRECTION('',(-0.4388319306236276,0.8985691607578905,0));
#12710=DIRECTION('',(-0.8985691607578904,-0.43883193062362763,2.969759722022598E-16));
#12711=FACE_BOUND('',#12712,.T.);
#12712=EDGE_LOOP('',(#12713,#12714,#12715));
#12713=ORIENTED_EDGE('',*,*,#12716,.T.);
#12714=ORIENTED_EDGE('',*,*,#12717,.T.);
#12715=ORIENTED_EDGE('',*,*,#12718,.T.);
#12716=EDGE_CURVE('',#103,#99,#12719,.F.);
#12717=EDGE_CURVE('',#99,#683,#12720,.T.);
#12718=EDGE_CURVE('',#683,#103,#12721,.T.);
#12719=LINE('',#102,#12722);
#12720=LINE('',#98,#12723);
#12721=LINE('',#682,#12724);
#12722=VECTOR('',#12725,1.0);
#12723=VECTOR('',#12726,1.0);
#12724=VECTOR('',#12727,1.0);
#12725=DIRECTION('',(-0.8985691607578904,-0.43883193062362763,2.969759722022598E-16));
#12726=DIRECTION('',(0.028652236974753612,0.013992819937990963,0.9994914958650352));
#12727=DIRECTION('',(0,0,-1));
#12728=FACE_SURFACE('',(#12733),#12729,.T.);
#12729=PLANE('',#12730);
#12730=AXIS2_PLACEMENT_3D('',#630,#12731,#12732);
#12731=DIRECTION('',(-0.9972963616404034,0.07348446814677066,0));
#12732=DIRECTION('',(0.0023321477888620782,0.031650804085489904,-0.9994962669702337));
#12733=FACE_BOUND('',#12734,.T.);
#12734=EDGE_LOOP('',(#12735,#12736,#12737));
#12735=ORIENTED_EDGE('',*,*,#12738,.T.);
#12736=ORIENTED_EDGE('',*,*,#12739,.T.);
#12737=ORIENTED_EDGE('',*,*,#12740,.T.);
#12738=EDGE_CURVE('',#631,#397,#12741,.F.);
#12739=EDGE_CURVE('',#397,#695,#12742,.T.);
#12740=EDGE_CURVE('',#695,#631,#12743,.T.);
#12741=LINE('',#630,#12744);
#12742=LINE('',#396,#12745);
#12743=LINE('',#694,#12746);
#12744=VECTOR('',#12747,1.0);
#12745=VECTOR('',#12748,1.0);
#12746=VECTOR('',#12749,1.0);
#12747=DIRECTION('',(0.0023321477888620782,0.031650804085489904,-0.9994962669702337));
#12748=DIRECTION('',(-0.07348446814677068,-0.9972963616404034,2.377633293127115E-16));
#12749=DIRECTION('',(0,0,1));
#12750=FACE_SURFACE('',(#12755),#12751,.T.);
#12751=PLANE('',#12752);
#12752=AXIS2_PLACEMENT_3D('',#740,#12753,#12754);
#12753=DIRECTION('',(-2.220446049250313E-16,-2.220446049250313E-16,-1));
#12754=DIRECTION('',(0.8304335555109672,-0.5571176804602537,-6.068831549537491E-17));
#12755=FACE_BOUND('',#12756,.T.);
#12756=EDGE_LOOP('',(#12757,#12758,#12759));
#12757=ORIENTED_EDGE('',*,*,#12760,.T.);
#12758=ORIENTED_EDGE('',*,*,#12761,.T.);
#12759=ORIENTED_EDGE('',*,*,#12762,.T.);
#12760=EDGE_CURVE('',#741,#685,#12763,.F.);
#12761=EDGE_CURVE('',#685,#821,#12764,.T.);
#12762=EDGE_CURVE('',#821,#741,#12765,.T.);
#12763=LINE('',#740,#12766);
#12764=LINE('',#684,#12767);
#12765=LINE('',#820,#12768);
#12766=VECTOR('',#12769,1.0);
#12767=VECTOR('',#12770,1.0);
#12768=VECTOR('',#12771,1.0);
#12769=DIRECTION('',(0.8304335555109672,-0.5571176804602537,-6.068831549537491E-17));
#12770=DIRECTION('',(-0.027566486470483854,-0.9996199722012724,2.280812114001121E-16));
#12771=DIRECTION('',(0.024515197246811695,0.9996994573890444,-2.2742133834704606E-16));
#12772=FACE_SURFACE('',(#12777),#12773,.T.);
#12773=PLANE('',#12774);
#12774=AXIS2_PLACEMENT_3D('',#684,#12775,#12776);
#12775=DIRECTION('',(-2.220421754576532E-16,-2.22044672137304E-16,-1));
#12776=DIRECTION('',(0.8985652315706761,-0.43883997608734,-1.020773001975071E-16));
#12777=FACE_BOUND('',#12778,.T.);
#12778=EDGE_LOOP('',(#12779,#12780,#12781));
#12779=ORIENTED_EDGE('',*,*,#12782,.T.);
#12780=ORIENTED_EDGE('',*,*,#12783,.T.);
#12781=ORIENTED_EDGE('',*,*,#12784,.T.);
#12782=EDGE_CURVE('',#685,#319,#12785,.F.);
#12783=EDGE_CURVE('',#319,#317,#12786,.T.);
#12784=EDGE_CURVE('',#317,#685,#12787,.T.);
#12785=LINE('',#684,#12788);
#12786=LINE('',#318,#12789);
#12787=LINE('',#316,#12790);
#12788=VECTOR('',#12791,1.0);
#12789=VECTOR('',#12792,1.0);
#12790=VECTOR('',#12793,1.0);
#12791=DIRECTION('',(0.8985652315706761,-0.43883997608734,-1.020773001975071E-16));
#12792=DIRECTION('',(-0.0276548541889109,-0.999617531378772,2.2810029100377057E-16));
#12793=DIRECTION('',(0.024337498596177905,0.9997037992135875,-2.2738285346429113E-16));
#12794=FACE_SURFACE('',(#12799),#12795,.T.);
#12795=PLANE('',#12796);
#12796=AXIS2_PLACEMENT_3D('',#204,#12797,#12798);
#12797=DIRECTION('',(-0.9980124158808481,0.06301759871395406,0));
#12798=DIRECTION('',(-0.06301759871395407,-0.9980124158808482,2.35593765806877E-16));
#12799=FACE_BOUND('',#12800,.T.);
#12800=EDGE_LOOP('',(#12801,#12802,#12803));
#12801=ORIENTED_EDGE('',*,*,#12804,.T.);
#12802=ORIENTED_EDGE('',*,*,#12805,.T.);
#12803=ORIENTED_EDGE('',*,*,#12806,.T.);
#12804=EDGE_CURVE('',#205,#207,#12807,.F.);
#12805=EDGE_CURVE('',#207,#567,#12808,.T.);
#12806=EDGE_CURVE('',#567,#205,#12809,.T.);
#12807=LINE('',#204,#12810);
#12808=LINE('',#206,#12811);
#12809=LINE('',#566,#12812);
#12810=VECTOR('',#12813,1.0);
#12811=VECTOR('',#12814,1.0);
#12812=VECTOR('',#12815,1.0);
#12813=DIRECTION('',(-0.06301759871395407,-0.9980124158808482,2.35593765806877E-16));
#12814=DIRECTION('',(0.001998531360889447,0.031650826949920864,0.9994969890028612));
#12815=DIRECTION('',(0,0,-1));
#12816=FACE_SURFACE('',(#12821),#12817,.T.);
#12817=PLANE('',#12818);
#12818=AXIS2_PLACEMENT_3D('',#766,#12819,#12820);
#12819=DIRECTION('',(-2.220522987941329E-16,-2.2204440543305735E-16,-1));
#12820=DIRECTION('',(0.5571038536394067,-0.8304428314219603,6.068899338153344E-17));
#12821=FACE_BOUND('',#12822,.T.);
#12822=EDGE_LOOP('',(#12823,#12824,#12825));
#12823=ORIENTED_EDGE('',*,*,#12826,.T.);
#12824=ORIENTED_EDGE('',*,*,#12827,.T.);
#12825=ORIENTED_EDGE('',*,*,#12828,.T.);
#12826=EDGE_CURVE('',#767,#759,#12829,.F.);
#12827=EDGE_CURVE('',#759,#839,#12830,.T.);
#12828=EDGE_CURVE('',#839,#767,#12831,.T.);
#12829=LINE('',#766,#12832);
#12830=LINE('',#758,#12833);
#12831=LINE('',#838,#12834);
#12832=VECTOR('',#12835,1.0);
#12833=VECTOR('',#12836,1.0);
#12834=VECTOR('',#12837,1.0);
#12835=DIRECTION('',(0.5571038536394067,-0.8304428314219603,6.068899338153344E-17));
#12836=DIRECTION('',(-0.02488601278856584,-0.9996902952252199,2.2750163356800274E-16));
#12837=DIRECTION('',(0.022827027349879053,0.9997394294626815,-2.270553411007023E-16));
#12838=FACE_SURFACE('',(#12843),#12839,.T.);
#12839=PLANE('',#12840);
#12840=AXIS2_PLACEMENT_3D('',#54,#12841,#12842);
#12841=DIRECTION('',(-2.220445076175901E-16,-2.2204457533165682E-16,-1));
#12842=DIRECTION('',(0.7171915809820157,-0.6968760550976888,-4.510903753666094E-18));
#12843=FACE_BOUND('',#12844,.T.);
#12844=EDGE_LOOP('',(#12845,#12846,#12847));
#12845=ORIENTED_EDGE('',*,*,#12848,.T.);
#12846=ORIENTED_EDGE('',*,*,#12849,.T.);
#12847=ORIENTED_EDGE('',*,*,#12850,.T.);
#12848=EDGE_CURVE('',#55,#701,#12851,.F.);
#12849=EDGE_CURVE('',#701,#839,#12852,.T.);
#12850=EDGE_CURVE('',#839,#55,#12853,.T.);
#12851=LINE('',#54,#12854);
#12852=LINE('',#700,#12855);
#12853=LINE('',#838,#12856);
#12854=VECTOR('',#12857,1.0);
#12855=VECTOR('',#12858,1.0);
#12856=VECTOR('',#12859,1.0);
#12857=DIRECTION('',(0.7171915809820157,-0.6968760550976888,-4.510903753666094E-18));
#12858=DIRECTION('',(-0.021185219442501513,-0.9997755680537372,2.266988030553389E-16));
#12859=DIRECTION('',(-0.1688126706383784,0.9856481533650526,-1.8137389930886571E-16));
#12860=FACE_SURFACE('',(#12865),#12861,.T.);
#12861=PLANE('',#12862);
#12862=AXIS2_PLACEMENT_3D('',#838,#12863,#12864);
#12863=DIRECTION('',(-2.2205306943899646E-16,-2.2204604172098876E-16,-1));
#12864=DIRECTION('',(-0.6637075457536028,-0.747992174898728,3.134669994189468E-16));
#12865=FACE_BOUND('',#12866,.T.);
#12866=EDGE_LOOP('',(#12867,#12868,#12869));
#12867=ORIENTED_EDGE('',*,*,#12870,.T.);
#12868=ORIENTED_EDGE('',*,*,#12871,.T.);
#12869=ORIENTED_EDGE('',*,*,#12872,.T.);
#12870=EDGE_CURVE('',#839,#829,#12873,.F.);
#12871=EDGE_CURVE('',#829,#55,#12874,.T.);
#12872=EDGE_CURVE('',#55,#839,#12875,.T.);
#12873=LINE('',#838,#12876);
#12874=LINE('',#828,#12877);
#12875=LINE('',#54,#12878);
#12876=VECTOR('',#12879,1.0);
#12877=VECTOR('',#12880,1.0);
#12878=VECTOR('',#12881,1.0);
#12879=DIRECTION('',(-0.6637075457536028,-0.747992174898728,3.134669994189468E-16));
#12880=DIRECTION('',(-0.16661935022899735,0.9860212939532628,-1.8194378722864949E-16));
#12881=DIRECTION('',(0.1688126706383784,-0.9856481533650526,1.8137389930886571E-16));
#12882=FACE_SURFACE('',(#12887),#12883,.T.);
#12883=PLANE('',#12884);
#12884=AXIS2_PLACEMENT_3D('',#840,#12885,#12886);
#12885=DIRECTION('',(-2.2202611436946936E-16,-2.2204156205848492E-16,-1));
#12886=DIRECTION('',(-0.3256497900402563,-0.9454904622716916,2.8224093668207707E-16));
#12887=FACE_BOUND('',#12888,.T.);
#12888=EDGE_LOOP('',(#12889,#12890,#12891));
#12889=ORIENTED_EDGE('',*,*,#12892,.T.);
#12890=ORIENTED_EDGE('',*,*,#12893,.T.);
#12891=ORIENTED_EDGE('',*,*,#12894,.T.);
#12892=EDGE_CURVE('',#841,#807,#12895,.F.);
#12893=EDGE_CURVE('',#807,#55,#12896,.T.);
#12894=EDGE_CURVE('',#55,#841,#12897,.T.);
#12895=LINE('',#840,#12898);
#12896=LINE('',#806,#12899);
#12897=LINE('',#54,#12900);
#12898=VECTOR('',#12901,1.0);
#12899=VECTOR('',#12902,1.0);
#12900=VECTOR('',#12903,1.0);
#12901=DIRECTION('',(-0.3256497900402563,-0.9454904622716916,2.8224093668207707E-16));
#12902=DIRECTION('',(-0.16171410614669662,0.9868376502105982,-1.8321421872440302E-16));
#12903=DIRECTION('',(0.163046024027043,-0.9866184642753109,1.8286982978531804E-16));
#12904=FACE_SURFACE('',(#12909),#12905,.T.);
#12905=PLANE('',#12906);
#12906=AXIS2_PLACEMENT_3D('',#812,#12907,#12908);
#12907=DIRECTION('',(-2.2207095529969876E-16,-2.2204897235502035E-16,-1));
#12908=DIRECTION('',(-0.43883585982299034,-0.8985672418541735,2.969786312562604E-16));
#12909=FACE_BOUND('',#12910,.T.);
#12910=EDGE_LOOP('',(#12911,#12912,#12913));
#12911=ORIENTED_EDGE('',*,*,#12914,.T.);
#12912=ORIENTED_EDGE('',*,*,#12915,.T.);
#12913=ORIENTED_EDGE('',*,*,#12916,.T.);
#12914=EDGE_CURVE('',#813,#841,#12917,.F.);
#12915=EDGE_CURVE('',#841,#55,#12918,.T.);
#12916=EDGE_CURVE('',#55,#813,#12919,.T.);
#12917=LINE('',#812,#12920);
#12918=LINE('',#840,#12921);
#12919=LINE('',#54,#12922);
#12920=VECTOR('',#12923,1.0);
#12921=VECTOR('',#12924,1.0);
#12922=VECTOR('',#12925,1.0);
#12923=DIRECTION('',(-0.43883585982299034,-0.8985672418541735,2.969786312562604E-16));
#12924=DIRECTION('',(-0.163046024027043,0.9866184642753109,-1.8286982978531804E-16));
#12925=DIRECTION('',(0.16468568898494523,-0.9863460973935841,1.824452290355543E-16));
#12926=FACE_SURFACE('',(#12931),#12927,.T.);
#12927=PLANE('',#12928);
#12928=AXIS2_PLACEMENT_3D('',#76,#12929,#12930);
#12929=DIRECTION('',(-2.2205119713438083E-16,-2.2203877498847055E-16,-1));
#12930=DIRECTION('',(0.6758432065666843,0.737045426101853,-3.137244566157816E-16));
#12931=FACE_BOUND('',#12932,.T.);
#12932=EDGE_LOOP('',(#12933,#12934,#12935));
#12933=ORIENTED_EDGE('',*,*,#12936,.T.);
#12934=ORIENTED_EDGE('',*,*,#12937,.T.);
#12935=ORIENTED_EDGE('',*,*,#12938,.T.);
#12936=EDGE_CURVE('',#77,#807,#12939,.F.);
#12937=EDGE_CURVE('',#807,#815,#12940,.T.);
#12938=EDGE_CURVE('',#815,#77,#12941,.T.);
#12939=LINE('',#76,#12942);
#12940=LINE('',#806,#12943);
#12941=LINE('',#814,#12944);
#12942=VECTOR('',#12945,1.0);
#12943=VECTOR('',#12946,1.0);
#12944=VECTOR('',#12947,1.0);
#12945=DIRECTION('',(0.6758432065666843,0.737045426101853,-3.137244566157816E-16));
#12946=DIRECTION('',(-0.1900369322817254,-0.9817769422679222,2.6019047788599823E-16));
#12947=DIRECTION('',(-0.6804317547938216,-0.7328114539690279,3.138032432570185E-16));
#12948=FACE_SURFACE('',(#12953),#12949,.T.);
#12949=PLANE('',#12950);
#12950=AXIS2_PLACEMENT_3D('',#786,#12951,#12952);
#12951=DIRECTION('',(-2.220487161546172E-16,-2.220408467917617E-16,-1));
#12952=DIRECTION('',(0.1900369322817254,-0.9817769422679222,1.757971267866769E-16));
#12953=FACE_BOUND('',#12954,.T.);
#12954=EDGE_LOOP('',(#12955,#12956,#12957));
#12955=ORIENTED_EDGE('',*,*,#12958,.T.);
#12956=ORIENTED_EDGE('',*,*,#12959,.T.);
#12957=ORIENTED_EDGE('',*,*,#12960,.T.);
#12958=EDGE_CURVE('',#787,#789,#12961,.F.);
#12959=EDGE_CURVE('',#789,#77,#12962,.T.);
#12960=EDGE_CURVE('',#77,#787,#12963,.T.);
#12961=LINE('',#786,#12964);
#12962=LINE('',#788,#12965);
#12963=LINE('',#76,#12966);
#12964=VECTOR('',#12967,1.0);
#12965=VECTOR('',#12968,1.0);
#12966=VECTOR('',#12969,1.0);
#12967=DIRECTION('',(0.1900369322817254,-0.9817769422679222,1.757971267866769E-16));
#12968=DIRECTION('',(-0.699648201351923,-0.714487504680816,3.1400139543154283E-16));
#12969=DIRECTION('',(0.6924784262173189,0.7214385831265092,-3.1395277941198436E-16));
#12970=FACE_SURFACE('',(#12975),#12971,.T.);
#12971=PLANE('',#12972);
#12972=AXIS2_PLACEMENT_3D('',#802,#12973,#12974);
#12973=DIRECTION('',(-2.220512569522035E-16,-2.2203840798746838E-16,-1));
#12974=DIRECTION('',(0.07348446814677068,-0.9972963616404034,2.051207779118751E-16));
#12975=FACE_BOUND('',#12976,.T.);
#12976=EDGE_LOOP('',(#12977,#12978,#12979));
#12977=ORIENTED_EDGE('',*,*,#12980,.T.);
#12978=ORIENTED_EDGE('',*,*,#12981,.T.);
#12979=ORIENTED_EDGE('',*,*,#12982,.T.);
#12980=EDGE_CURVE('',#803,#787,#12983,.F.);
#12981=EDGE_CURVE('',#787,#77,#12984,.T.);
#12982=EDGE_CURVE('',#77,#803,#12985,.T.);
#12983=LINE('',#802,#12986);
#12984=LINE('',#786,#12987);
#12985=LINE('',#76,#12988);
#12986=VECTOR('',#12989,1.0);
#12987=VECTOR('',#12990,1.0);
#12988=VECTOR('',#12991,1.0);
#12989=DIRECTION('',(0.07348446814677068,-0.9972963616404034,2.051207779118751E-16));
#12990=DIRECTION('',(-0.6924784262173189,-0.7214385831265092,3.1395277941198436E-16));
#12991=DIRECTION('',(0.6859551266405686,0.7276438443603584,-3.1388207886700144E-16));
#12992=FACE_SURFACE('',(#12997),#12993,.T.);
#12993=PLANE('',#12994);
#12994=AXIS2_PLACEMENT_3D('',#96,#12995,#12996);
#12995=DIRECTION('',(0.5571084046574509,0.8304397783464071,-0));
#12996=DIRECTION('',(0,0,1));
#12997=FACE_BOUND('',#12998,.T.);
#12998=EDGE_LOOP('',(#12999,#13000,#13001));
#12999=ORIENTED_EDGE('',*,*,#13002,.T.);
#13000=ORIENTED_EDGE('',*,*,#13003,.T.);
#13001=ORIENTED_EDGE('',*,*,#13004,.T.);
#13002=EDGE_CURVE('',#97,#355,#13005,.F.);
#13003=EDGE_CURVE('',#355,#347,#13006,.T.);
#13004=EDGE_CURVE('',#347,#97,#13007,.T.);
#13005=LINE('',#96,#13008);
#13006=LINE('',#354,#13009);
#13007=LINE('',#346,#13010);
#13008=VECTOR('',#13011,1.0);
#13009=VECTOR('',#13012,1.0);
#13010=VECTOR('',#13013,1.0);
#13011=DIRECTION('',(0,0,1));
#13012=DIRECTION('',(0.8304397783464071,-0.5571084046574509,0));
#13013=DIRECTION('',(-0.026320896082141176,0.0176576228738401,-0.999497583180609));
#13014=FACE_SURFACE('',(#13019),#13015,.T.);
#13015=PLANE('',#13016);
#13016=AXIS2_PLACEMENT_3D('',#630,#13017,#13018);
#13017=DIRECTION('',(-0.9817769422679222,0.1900369322817254,0));
#13018=DIRECTION('',(0,0,-1));
#13019=FACE_BOUND('',#13020,.T.);
#13020=EDGE_LOOP('',(#13021,#13022,#13023));
#13021=ORIENTED_EDGE('',*,*,#13024,.T.);
#13022=ORIENTED_EDGE('',*,*,#13025,.T.);
#13023=ORIENTED_EDGE('',*,*,#13026,.T.);
#13024=EDGE_CURVE('',#631,#695,#13027,.F.);
#13025=EDGE_CURVE('',#695,#699,#13028,.T.);
#13026=EDGE_CURVE('',#699,#631,#13029,.T.);
#13027=LINE('',#630,#13030);
#13028=LINE('',#694,#13031);
#13029=LINE('',#698,#13032);
#13030=VECTOR('',#13033,1.0);
#13031=VECTOR('',#13034,1.0);
#13032=VECTOR('',#13035,1.0);
#13033=DIRECTION('',(0,0,-1));
#13034=DIRECTION('',(-0.1900369322817254,-0.9817769422679222,2.601860069519497E-16));
#13035=DIRECTION('',(0.0059975297309052345,0.03098469507832256,0.9995018650848183));
#13036=FACE_SURFACE('',(#13041),#13037,.T.);
#13037=PLANE('',#13038);
#13038=AXIS2_PLACEMENT_3D('',#356,#13039,#13040);
#13039=DIRECTION('',(0.6637181547720364,0.7479827611823704,0));
#13040=DIRECTION('',(0.7479827611823705,-0.6637181547720366,0));
#13041=FACE_BOUND('',#13042,.T.);
#13042=EDGE_LOOP('',(#13043,#13044,#13045));
#13043=ORIENTED_EDGE('',*,*,#13046,.T.);
#13044=ORIENTED_EDGE('',*,*,#13047,.T.);
#13045=ORIENTED_EDGE('',*,*,#13048,.T.);
#13046=EDGE_CURVE('',#357,#355,#13049,.F.);
#13047=EDGE_CURVE('',#355,#97,#13050,.T.);
#13048=EDGE_CURVE('',#97,#357,#13051,.T.);
#13049=LINE('',#356,#13052);
#13050=LINE('',#354,#13053);
#13051=LINE('',#96,#13054);
#13052=VECTOR('',#13055,1.0);
#13053=VECTOR('',#13056,1.0);
#13054=VECTOR('',#13057,1.0);
#13055=DIRECTION('',(0.7479827611823705,-0.6637181547720366,0));
#13056=DIRECTION('',(0,0,-1));
#13057=DIRECTION('',(-0.023654544431215695,0.020989722486440737,0.999499821949806));
#13058=FACE_SURFACE('',(#13063),#13059,.T.);
#13059=PLANE('',#13060);
#13060=AXIS2_PLACEMENT_3D('',#670,#13061,#13062);
#13061=DIRECTION('',(0.43884783462338406,0.8985613935877542,-0));
#13062=DIRECTION('',(0,0,1));
#13063=FACE_BOUND('',#13064,.T.);
#13064=EDGE_LOOP('',(#13065,#13066,#13067));
#13065=ORIENTED_EDGE('',*,*,#13068,.T.);
#13066=ORIENTED_EDGE('',*,*,#13069,.T.);
#13067=ORIENTED_EDGE('',*,*,#13070,.T.);
#13068=EDGE_CURVE('',#671,#323,#13071,.F.);
#13069=EDGE_CURVE('',#323,#525,#13072,.T.);
#13070=EDGE_CURVE('',#525,#671,#13073,.T.);
#13071=LINE('',#670,#13074);
#13072=LINE('',#322,#13075);
#13073=LINE('',#524,#13076);
#13074=VECTOR('',#13077,1.0);
#13075=VECTOR('',#13078,1.0);
#13076=VECTOR('',#13079,1.0);
#13077=DIRECTION('',(0,0,1));
#13078=DIRECTION('',(0.02865160190945304,-0.013993137860342234,-0.9994915096191882));
#13079=DIRECTION('',(-0.8985613935877542,0.4388478346233841,1.0208189386135678E-16));
#13080=FACE_SURFACE('',(#13085),#13081,.T.);
#13081=PLANE('',#13082);
#13082=AXIS2_PLACEMENT_3D('',#118,#13083,#13084);
#13083=DIRECTION('',(-0.998011115672104,0.06303818679913344,0));
#13084=DIRECTION('',(-0.06303818679913344,-0.998011115672104,2.356047224069259E-16));
#13085=FACE_BOUND('',#13086,.T.);
#13086=EDGE_LOOP('',(#13087,#13088,#13089));
#13087=ORIENTED_EDGE('',*,*,#13090,.T.);
#13088=ORIENTED_EDGE('',*,*,#13091,.T.);
#13089=ORIENTED_EDGE('',*,*,#13092,.T.);
#13090=EDGE_CURVE('',#119,#117,#13093,.F.);
#13091=EDGE_CURVE('',#117,#499,#13094,.T.);
#13092=EDGE_CURVE('',#499,#119,#13095,.T.);
#13093=LINE('',#118,#13096);
#13094=LINE('',#116,#13097);
#13095=LINE('',#498,#13098);
#13096=VECTOR('',#13099,1.0);
#13097=VECTOR('',#13100,1.0);
#13098=VECTOR('',#13101,1.0);
#13099=DIRECTION('',(-0.06303818679913344,-0.998011115672104,2.356047224069259E-16));
#13100=DIRECTION('',(0,0,1));
#13101=DIRECTION('',(0.0019991668415263886,0.03165050949647325,-0.9994969977846624));
#13102=FACE_SURFACE('',(#13107),#13103,.T.);
#13103=PLANE('',#13104);
#13104=AXIS2_PLACEMENT_3D('',#118,#13105,#13106);
#13105=DIRECTION('',(-0.998011115672104,0.06303818679913344,0));
#13106=DIRECTION('',(-0.0019991668415263886,-0.03165050949647325,0.9994969977846624));
#13107=FACE_BOUND('',#13108,.T.);
#13108=EDGE_LOOP('',(#13109,#13110,#13111));
#13109=ORIENTED_EDGE('',*,*,#13112,.T.);
#13110=ORIENTED_EDGE('',*,*,#13113,.T.);
#13111=ORIENTED_EDGE('',*,*,#13114,.T.);
#13112=EDGE_CURVE('',#119,#499,#13115,.F.);
#13113=EDGE_CURVE('',#499,#595,#13116,.T.);
#13114=EDGE_CURVE('',#595,#119,#13117,.T.);
#13115=LINE('',#118,#13118);
#13116=LINE('',#498,#13119);
#13117=LINE('',#594,#13120);
#13118=VECTOR('',#13121,1.0);
#13119=VECTOR('',#13122,1.0);
#13120=VECTOR('',#13123,1.0);
#13121=DIRECTION('',(-0.0019991668415263886,-0.03165050949647325,0.9994969977846624));
#13122=DIRECTION('',(0.06303818679913344,0.998011115672104,0));
#13123=DIRECTION('',(0,0,-1));
#13124=FACE_SURFACE('',(#13129),#13125,.T.);
#13125=PLANE('',#13126);
#13126=AXIS2_PLACEMENT_3D('',#146,#13127,#13128);
#13127=DIRECTION('',(-0.9454904622716915,0.32564979004025624,0));
#13128=DIRECTION('',(-0.3256497900402563,-0.9454904622716916,2.822587335757451E-16));
#13129=FACE_BOUND('',#13130,.T.);
#13130=EDGE_LOOP('',(#13131,#13132,#13133));
#13131=ORIENTED_EDGE('',*,*,#13134,.T.);
#13132=ORIENTED_EDGE('',*,*,#13135,.T.);
#13133=ORIENTED_EDGE('',*,*,#13136,.T.);
#13134=EDGE_CURVE('',#147,#151,#13137,.F.);
#13135=EDGE_CURVE('',#151,#843,#13138,.T.);
#13136=EDGE_CURVE('',#843,#147,#13139,.T.);
#13137=LINE('',#146,#13140);
#13138=LINE('',#150,#13141);
#13139=LINE('',#842,#13142);
#13140=VECTOR('',#13143,1.0);
#13141=VECTOR('',#13144,1.0);
#13142=VECTOR('',#13145,1.0);
#13143=DIRECTION('',(-0.3256497900402563,-0.9454904622716916,2.822587335757451E-16));
#13144=DIRECTION('',(0,0,1));
#13145=DIRECTION('',(0.010327545909986292,0.029984960700751486,-0.9994969954568406));
#13146=FACE_SURFACE('',(#13151),#13147,.T.);
#13147=PLANE('',#13148);
#13148=AXIS2_PLACEMENT_3D('',#556,#13149,#13150);
#13149=DIRECTION('',(0.5571084046574509,0.8304397783464073,0));
#13150=DIRECTION('',(0.02632089608214112,-0.01765762287384006,0.999497583180609));
#13151=FACE_BOUND('',#13152,.T.);
#13152=EDGE_LOOP('',(#13153,#13154,#13155));
#13153=ORIENTED_EDGE('',*,*,#13156,.T.);
#13154=ORIENTED_EDGE('',*,*,#13157,.T.);
#13155=ORIENTED_EDGE('',*,*,#13158,.T.);
#13156=EDGE_CURVE('',#557,#323,#13159,.F.);
#13157=EDGE_CURVE('',#323,#671,#13160,.T.);
#13158=EDGE_CURVE('',#671,#557,#13161,.T.);
#13159=LINE('',#556,#13162);
#13160=LINE('',#322,#13163);
#13161=LINE('',#670,#13164);
#13162=VECTOR('',#13165,1.0);
#13163=VECTOR('',#13166,1.0);
#13164=VECTOR('',#13167,1.0);
#13165=DIRECTION('',(0.02632089608214112,-0.01765762287384006,0.999497583180609));
#13166=DIRECTION('',(0,0,-1));
#13167=DIRECTION('',(-0.8304397783464071,0.5571084046574509,6.068507914394713E-17));
#13168=FACE_SURFACE('',(#13173),#13169,.T.);
#13169=PLANE('',#13170);
#13170=AXIS2_PLACEMENT_3D('',#330,#13171,#13172);
#13171=DIRECTION('',(-2.220582475502857E-16,-2.2205871581471754E-16,-1));
#13172=DIRECTION('',(0.3256856145113362,-0.9454781226979149,1.3763048094648374E-16));
#13173=FACE_BOUND('',#13174,.T.);
#13174=EDGE_LOOP('',(#13175,#13176,#13177));
#13175=ORIENTED_EDGE('',*,*,#13178,.T.);
#13176=ORIENTED_EDGE('',*,*,#13179,.T.);
#13177=ORIENTED_EDGE('',*,*,#13180,.T.);
#13178=EDGE_CURVE('',#331,#701,#13181,.F.);
#13179=EDGE_CURVE('',#701,#55,#13182,.T.);
#13180=EDGE_CURVE('',#55,#331,#13183,.T.);
#13181=LINE('',#330,#13184);
#13182=LINE('',#700,#13185);
#13183=LINE('',#54,#13186);
#13184=VECTOR('',#13187,1.0);
#13185=VECTOR('',#13188,1.0);
#13186=VECTOR('',#13189,1.0);
#13187=DIRECTION('',(0.3256856145113362,-0.9454781226979149,1.3763048094648374E-16));
#13188=DIRECTION('',(-0.7171915809820157,0.6968760550976888,4.510903753666094E-18));
#13189=DIRECTION('',(0.7206910725132126,-0.6932563580665925,-6.0917799847643325E-18));
#13190=FACE_SURFACE('',(#13195),#13191,.T.);
#13191=PLANE('',#13192);
#13192=AXIS2_PLACEMENT_3D('',#318,#13193,#13194);
#13193=DIRECTION('',(-2.2204926613258655E-16,-2.220444756648809E-16,-1));
#13194=DIRECTION('',(0.9454842926142162,-0.3256677024511265,-1.3763137908312756E-16));
#13195=FACE_BOUND('',#13196,.T.);
#13196=EDGE_LOOP('',(#13197,#13198,#13199));
#13197=ORIENTED_EDGE('',*,*,#13200,.T.);
#13198=ORIENTED_EDGE('',*,*,#13201,.T.);
#13199=ORIENTED_EDGE('',*,*,#13202,.T.);
#13200=EDGE_CURVE('',#319,#293,#13203,.F.);
#13201=EDGE_CURVE('',#293,#297,#13204,.T.);
#13202=EDGE_CURVE('',#297,#319,#13205,.T.);
#13203=LINE('',#318,#13206);
#13204=LINE('',#292,#13207);
#13205=LINE('',#296,#13208);
#13206=VECTOR('',#13209,1.0);
#13207=VECTOR('',#13210,1.0);
#13208=VECTOR('',#13211,1.0);
#13209=DIRECTION('',(0.9454842926142162,-0.3256677024511265,-1.3763137908312756E-16));
#13210=DIRECTION('',(-0.027720387107838744,-0.9996157162322887,2.281144391913797E-16));
#13211=DIRECTION('',(0.02425266357160441,0.999705860895935,-2.2736444984958153E-16));
#13212=FACE_SURFACE('',(#13217),#13213,.T.);
#13213=PLANE('',#13214);
#13214=AXIS2_PLACEMENT_3D('',#220,#13215,#13216);
#13215=DIRECTION('',(-2.2205821924965047E-16,-2.2204435838746702E-16,-1));
#13216=DIRECTION('',(-0.9817799717682484,0.19002128047862832,1.758191589219874E-16));
#13217=FACE_BOUND('',#13218,.T.);
#13218=EDGE_LOOP('',(#13219,#13220,#13221));
#13219=ORIENTED_EDGE('',*,*,#13222,.T.);
#13220=ORIENTED_EDGE('',*,*,#13223,.T.);
#13221=ORIENTED_EDGE('',*,*,#13224,.T.);
#13222=EDGE_CURVE('',#221,#237,#13225,.F.);
#13223=EDGE_CURVE('',#237,#213,#13226,.T.);
#13224=EDGE_CURVE('',#213,#221,#13227,.T.);
#13225=LINE('',#220,#13228);
#13226=LINE('',#236,#13229);
#13227=LINE('',#212,#13230);
#13228=VECTOR('',#13231,1.0);
#13229=VECTOR('',#13232,1.0);
#13230=VECTOR('',#13233,1.0);
#13231=DIRECTION('',(-0.9817799717682484,0.19002128047862832,1.758191589219874E-16));
#13232=DIRECTION('',(0.020487423540313493,0.9997901107115832,-2.265471544434635E-16));
#13233=DIRECTION('',(-0.016915570852738804,-0.9998569214956338,2.2576883015391646E-16));
#13234=FACE_SURFACE('',(#13239),#13235,.T.);
#13235=PLANE('',#13236);
#13236=AXIS2_PLACEMENT_3D('',#238,#13237,#13238);
#13237=DIRECTION('',(-2.2203567301806366E-16,-2.2204482051423976E-16,-1));
#13238=DIRECTION('',(-0.9972964157014067,-0.07348373445278193,2.3775206348604846E-16));
#13239=FACE_BOUND('',#13240,.T.);
#13240=EDGE_LOOP('',(#13241,#13242,#13243));
#13241=ORIENTED_EDGE('',*,*,#13244,.T.);
#13242=ORIENTED_EDGE('',*,*,#13245,.T.);
#13243=ORIENTED_EDGE('',*,*,#13246,.T.);
#13244=EDGE_CURVE('',#239,#295,#13247,.F.);
#13245=EDGE_CURVE('',#295,#213,#13248,.T.);
#13246=EDGE_CURVE('',#213,#239,#13249,.T.);
#13247=LINE('',#238,#13250);
#13248=LINE('',#294,#13251);
#13249=LINE('',#212,#13252);
#13250=VECTOR('',#13253,1.0);
#13251=VECTOR('',#13254,1.0);
#13252=VECTOR('',#13255,1.0);
#13253=DIRECTION('',(-0.9972964157014067,-0.07348373445278193,2.3775206348604846E-16));
#13254=DIRECTION('',(0.027758580231922764,0.9996146563668962,-2.281226520002118E-16));
#13255=DIRECTION('',(-0.02412994629509985,-0.9997088304560462,2.2733787669063556E-16));
#13256=FACE_SURFACE('',(#13261),#13257,.T.);
#13257=PLANE('',#13258);
#13258=AXIS2_PLACEMENT_3D('',#844,#13259,#13260);
#13259=DIRECTION('',(-2.2204110384608578E-16,-2.220481022912899E-16,-1));
#13260=DIRECTION('',(-0.9454842926142162,0.3256677024511265,1.3762248069435902E-16));
#13261=FACE_BOUND('',#13262,.T.);
#13262=EDGE_LOOP('',(#13263,#13264,#13265));
#13263=ORIENTED_EDGE('',*,*,#13266,.T.);
#13264=ORIENTED_EDGE('',*,*,#13267,.T.);
#13265=ORIENTED_EDGE('',*,*,#13268,.T.);
#13266=EDGE_CURVE('',#845,#221,#13269,.F.);
#13267=EDGE_CURVE('',#221,#211,#13270,.T.);
#13268=EDGE_CURVE('',#211,#845,#13271,.T.);
#13269=LINE('',#844,#13272);
#13270=LINE('',#220,#13273);
#13271=LINE('',#210,#13274);
#13272=VECTOR('',#13275,1.0);
#13273=VECTOR('',#13276,1.0);
#13274=VECTOR('',#13277,1.0);
#13275=DIRECTION('',(-0.9454842926142162,0.3256677024511265,1.3762248069435902E-16));
#13276=DIRECTION('',(0.7131623693747652,0.7009988836708453,-3.140068315448867E-16));
#13277=DIRECTION('',(-0.7067315604039943,-0.7074818029666455,3.1401844754933344E-16));
#13278=FACE_SURFACE('',(#13283),#13279,.T.);
#13279=PLANE('',#13280);
#13280=AXIS2_PLACEMENT_3D('',#756,#13281,#13282);
#13281=DIRECTION('',(-2.2204295000363785E-16,-2.220462580914786E-16,-1));
#13282=DIRECTION('',(-0.8985652315706761,0.43883997608734,1.020773001975071E-16));
#13283=FACE_BOUND('',#13284,.T.);
#13284=EDGE_LOOP('',(#13285,#13286,#13287));
#13285=ORIENTED_EDGE('',*,*,#13288,.T.);
#13286=ORIENTED_EDGE('',*,*,#13289,.T.);
#13287=ORIENTED_EDGE('',*,*,#13290,.T.);
#13288=EDGE_CURVE('',#757,#845,#13291,.F.);
#13289=EDGE_CURVE('',#845,#211,#13292,.T.);
#13290=EDGE_CURVE('',#211,#757,#13293,.T.);
#13291=LINE('',#756,#13294);
#13292=LINE('',#844,#13295);
#13293=LINE('',#210,#13296);
#13294=VECTOR('',#13297,1.0);
#13295=VECTOR('',#13298,1.0);
#13296=VECTOR('',#13299,1.0);
#13297=DIRECTION('',(-0.8985652315706761,0.43883997608734,1.020773001975071E-16));
#13298=DIRECTION('',(0.7067315604039943,0.7074818029666455,-3.1401844754933344E-16));
#13299=DIRECTION('',(-0.6998111264458992,-0.7143279270072826,3.140019702036262E-16));
#13300=FACE_SURFACE('',(#13305),#13301,.T.);
#13301=PLANE('',#13302);
#13302=AXIS2_PLACEMENT_3D('',#760,#13303,#13304);
#13303=DIRECTION('',(-2.220510620405286E-16,-2.2203843690981548E-16,-1));
#13304=DIRECTION('',(-0.7479877490497359,0.6637125336103797,1.8721780549496146E-17));
#13305=FACE_BOUND('',#13306,.T.);
#13306=EDGE_LOOP('',(#13307,#13308,#13309));
#13307=ORIENTED_EDGE('',*,*,#13310,.T.);
#13308=ORIENTED_EDGE('',*,*,#13311,.T.);
#13309=ORIENTED_EDGE('',*,*,#13312,.T.);
#13310=EDGE_CURVE('',#761,#711,#13313,.F.);
#13311=EDGE_CURVE('',#711,#211,#13314,.T.);
#13312=EDGE_CURVE('',#211,#761,#13315,.T.);
#13313=LINE('',#760,#13316);
#13314=LINE('',#710,#13317);
#13315=LINE('',#210,#13318);
#13316=VECTOR('',#13319,1.0);
#13317=VECTOR('',#13320,1.0);
#13318=VECTOR('',#13321,1.0);
#13319=DIRECTION('',(-0.7479877490497359,0.6637125336103797,1.8721780549496146E-17));
#13320=DIRECTION('',(0.6925788538173063,0.7213421734829498,-3.13953558714228E-16));
#13321=DIRECTION('',(-0.6851697069128855,-0.7283834654417345,3.1387178723564126E-16));
#13322=FACE_SURFACE('',(#13327),#13323,.T.);
#13323=PLANE('',#13324);
#13324=AXIS2_PLACEMENT_3D('',#316,#13325,#13326);
#13325=DIRECTION('',(-2.2204210896163358E-16,-2.220446737561303E-16,-1));
#13326=DIRECTION('',(-0.8985613935877542,-0.4388478346233841,2.9696229113126295E-16));
#13327=FACE_BOUND('',#13328,.T.);
#13328=EDGE_LOOP('',(#13329,#13330,#13331));
#13329=ORIENTED_EDGE('',*,*,#13332,.T.);
#13330=ORIENTED_EDGE('',*,*,#13333,.T.);
#13331=ORIENTED_EDGE('',*,*,#13334,.T.);
#13332=EDGE_CURVE('',#317,#821,#13335,.F.);
#13333=EDGE_CURVE('',#821,#685,#13336,.T.);
#13334=EDGE_CURVE('',#685,#317,#13337,.T.);
#13335=LINE('',#316,#13338);
#13336=LINE('',#820,#13339);
#13337=LINE('',#684,#13340);
#13338=VECTOR('',#13341,1.0);
#13339=VECTOR('',#13342,1.0);
#13340=VECTOR('',#13343,1.0);
#13341=DIRECTION('',(-0.8985613935877542,-0.4388478346233841,2.9696229113126295E-16));
#13342=DIRECTION('',(0.027566486470483854,0.9996199722012724,-2.280812114001121E-16));
#13343=DIRECTION('',(-0.024337498596177905,-0.9997037992135875,2.2738285346429113E-16));
#13344=FACE_SURFACE('',(#13349),#13345,.T.);
#13345=PLANE('',#13346);
#13346=AXIS2_PLACEMENT_3D('',#820,#13347,#13348);
#13347=DIRECTION('',(-2.220500553983338E-16,-2.220444712654328E-16,-1));
#13348=DIRECTION('',(-0.8304397783464071,-0.5571084046574509,3.081020399364922E-16));
#13349=FACE_BOUND('',#13350,.T.);
#13350=EDGE_LOOP('',(#13351,#13352,#13353));
#13351=ORIENTED_EDGE('',*,*,#13354,.T.);
#13352=ORIENTED_EDGE('',*,*,#13355,.T.);
#13353=ORIENTED_EDGE('',*,*,#13356,.T.);
#13354=EDGE_CURVE('',#821,#817,#13357,.F.);
#13355=EDGE_CURVE('',#817,#741,#13358,.T.);
#13356=EDGE_CURVE('',#741,#821,#13359,.T.);
#13357=LINE('',#820,#13360);
#13358=LINE('',#816,#13361);
#13359=LINE('',#740,#13362);
#13360=VECTOR('',#13363,1.0);
#13361=VECTOR('',#13364,1.0);
#13362=VECTOR('',#13365,1.0);
#13363=DIRECTION('',(-0.8304397783464071,-0.5571084046574509,3.081020399364922E-16));
#13364=DIRECTION('',(0.02745594292245635,0.9996230145401009,-2.280573573752597E-16));
#13365=DIRECTION('',(-0.024515197246811695,-0.9996994573890444,2.2742133834704606E-16));
#13366=FACE_SURFACE('',(#13371),#13367,.T.);
#13367=PLANE('',#13368);
#13368=AXIS2_PLACEMENT_3D('',#752,#13369,#13370);
#13369=DIRECTION('',(-2.2203879580362693E-16,-2.220447805248087E-16,-1));
#13370=DIRECTION('',(0.7479966006479392,-0.6637025579422815,-1.871257566102681E-17));
#13371=FACE_BOUND('',#13372,.T.);
#13372=EDGE_LOOP('',(#13373,#13374,#13375));
#13373=ORIENTED_EDGE('',*,*,#13376,.T.);
#13374=ORIENTED_EDGE('',*,*,#13377,.T.);
#13375=ORIENTED_EDGE('',*,*,#13378,.T.);
#13376=EDGE_CURVE('',#753,#741,#13379,.F.);
#13377=EDGE_CURVE('',#741,#817,#13380,.T.);
#13378=EDGE_CURVE('',#817,#753,#13381,.T.);
#13379=LINE('',#752,#13382);
#13380=LINE('',#740,#13383);
#13381=LINE('',#816,#13384);
#13382=VECTOR('',#13385,1.0);
#13383=VECTOR('',#13386,1.0);
#13384=VECTOR('',#13387,1.0);
#13385=DIRECTION('',(0.7479966006479392,-0.6637025579422815,-1.871257566102681E-17));
#13386=DIRECTION('',(-0.02745594292245635,-0.9996230145401009,2.280573573752597E-16));
#13387=DIRECTION('',(0.024709915255669842,0.9996946634288179,-2.27463541960653E-16));
#13388=FACE_SURFACE('',(#13393),#13389,.T.);
#13389=PLANE('',#13390);
#13390=AXIS2_PLACEMENT_3D('',#450,#13391,#13392);
#13391=DIRECTION('',(-0.8985593833181306,0.43885195072021804,0));
#13392=DIRECTION('',(0,0,1));
#13393=FACE_BOUND('',#13394,.T.);
#13394=EDGE_LOOP('',(#13395,#13396,#13397));
#13395=ORIENTED_EDGE('',*,*,#13398,.T.);
#13396=ORIENTED_EDGE('',*,*,#13399,.T.);
#13397=ORIENTED_EDGE('',*,*,#13400,.T.);
#13398=EDGE_CURVE('',#451,#541,#13401,.F.);
#13399=EDGE_CURVE('',#541,#151,#13402,.T.);
#13400=EDGE_CURVE('',#151,#451,#13403,.T.);
#13401=LINE('',#450,#13404);
#13402=LINE('',#540,#13405);
#13403=LINE('',#150,#13406);
#13404=VECTOR('',#13407,1.0);
#13405=VECTOR('',#13408,1.0);
#13406=VECTOR('',#13409,1.0);
#13407=DIRECTION('',(0,0,1));
#13408=DIRECTION('',(0.013993455400530593,0.028651919251025098,-0.9994914960764728));
#13409=DIRECTION('',(-0.4388519507202181,-0.8985593833181307,2.9695833366735075E-16));
#13410=FACE_SURFACE('',(#13415),#13411,.T.);
#13411=PLANE('',#13412);
#13412=AXIS2_PLACEMENT_3D('',#842,#13413,#13414);
#13413=DIRECTION('',(-0.8985593833181306,0.43885195072021804,0));
#13414=DIRECTION('',(0,0,-1));
#13415=FACE_BOUND('',#13416,.T.);
#13416=EDGE_LOOP('',(#13417,#13418,#13419));
#13417=ORIENTED_EDGE('',*,*,#13420,.T.);
#13418=ORIENTED_EDGE('',*,*,#13421,.T.);
#13419=ORIENTED_EDGE('',*,*,#13422,.T.);
#13420=EDGE_CURVE('',#843,#151,#13423,.F.);
#13421=EDGE_CURVE('',#151,#541,#13424,.T.);
#13422=EDGE_CURVE('',#541,#843,#13425,.T.);
#13423=LINE('',#842,#13426);
#13424=LINE('',#150,#13427);
#13425=LINE('',#540,#13428);
#13426=VECTOR('',#13429,1.0);
#13427=VECTOR('',#13430,1.0);
#13428=VECTOR('',#13431,1.0);
#13429=DIRECTION('',(0,0,-1));
#13430=DIRECTION('',(-0.013993455400530593,-0.028651919251025098,0.9994914960764728));
#13431=DIRECTION('',(0.4388519507202181,0.8985593833181307,0));
#13432=FACE_SURFACE('',(#13437),#13433,.T.);
#13433=PLANE('',#13434);
#13434=AXIS2_PLACEMENT_3D('',#498,#13435,#13436);
#13435=DIRECTION('',(-0.9817806988108974,0.1900175240402477,0));
#13436=DIRECTION('',(0,0,-1));
#13437=FACE_BOUND('',#13438,.T.);
#13438=EDGE_LOOP('',(#13439,#13440,#13441));
#13439=ORIENTED_EDGE('',*,*,#13442,.T.);
#13440=ORIENTED_EDGE('',*,*,#13443,.T.);
#13441=ORIENTED_EDGE('',*,*,#13444,.T.);
#13442=EDGE_CURVE('',#499,#117,#13445,.F.);
#13443=EDGE_CURVE('',#117,#495,#13446,.T.);
#13444=EDGE_CURVE('',#495,#499,#13447,.T.);
#13445=LINE('',#498,#13448);
#13446=LINE('',#116,#13449);
#13447=LINE('',#494,#13450);
#13448=VECTOR('',#13451,1.0);
#13449=VECTOR('',#13452,1.0);
#13450=VECTOR('',#13453,1.0);
#13451=DIRECTION('',(0,0,-1));
#13452=DIRECTION('',(-0.005996894287587613,-0.030984695196406103,0.9995018688939452));
#13453=DIRECTION('',(0.19001752404024772,0.9817806988108974,0));
#13454=FACE_SURFACE('',(#13459),#13455,.T.);
#13455=PLANE('',#13456);
#13456=AXIS2_PLACEMENT_3D('',#846,#13457,#13458);
#13457=DIRECTION('',(-0.8985672418541736,0.43883585982299045,0));
#13458=DIRECTION('',(0,0,1));
#13459=FACE_BOUND('',#13460,.T.);
#13460=EDGE_LOOP('',(#13461,#13462,#13463));
#13461=ORIENTED_EDGE('',*,*,#13464,.T.);
#13462=ORIENTED_EDGE('',*,*,#13465,.T.);
#13463=ORIENTED_EDGE('',*,*,#13466,.T.);
#13464=EDGE_CURVE('',#847,#229,#13467,.F.);
#13465=EDGE_CURVE('',#229,#697,#13468,.T.);
#13466=EDGE_CURVE('',#697,#847,#13469,.T.);
#13467=LINE('',#846,#13470);
#13468=LINE('',#228,#13471);
#13469=LINE('',#696,#13472);
#13470=VECTOR('',#13473,1.0);
#13471=VECTOR('',#13474,1.0);
#13472=VECTOR('',#13475,1.0);
#13473=DIRECTION('',(0,0,1));
#13474=DIRECTION('',(0.013992820065376194,0.02865191950579993,-0.9994915049640247));
#13475=DIRECTION('',(-0.43883585982299034,-0.8985672418541735,2.9696535589725204E-16));
#13476=FACE_SURFACE('',(#13481),#13477,.T.);
#13477=PLANE('',#13478);
#13478=AXIS2_PLACEMENT_3D('',#120,#13479,#13480);
#13479=DIRECTION('',(0.8304242795769872,0.5571315068177726,-0));
#13480=DIRECTION('',(0,0,1));
#13481=FACE_BOUND('',#13482,.T.);
#13482=EDGE_LOOP('',(#13483,#13484,#13485));
#13483=ORIENTED_EDGE('',*,*,#13486,.T.);
#13484=ORIENTED_EDGE('',*,*,#13487,.T.);
#13485=ORIENTED_EDGE('',*,*,#13488,.T.);
#13486=EDGE_CURVE('',#121,#395,#13489,.F.);
#13487=EDGE_CURVE('',#395,#379,#13490,.T.);
#13488=EDGE_CURVE('',#379,#121,#13491,.T.);
#13489=LINE('',#120,#13492);
#13490=LINE('',#394,#13493);
#13491=LINE('',#378,#13494);
#13492=VECTOR('',#13495,1.0);
#13493=VECTOR('',#13496,1.0);
#13494=VECTOR('',#13497,1.0);
#13495=DIRECTION('',(0,0,1));
#13496=DIRECTION('',(0.5571315068177726,-0.8304242795769873,0));
#13497=DIRECTION('',(-0.01765825843449469,0.026320260763579083,-0.9994975886826329));
#13498=FACE_SURFACE('',(#13503),#13499,.T.);
#13499=PLANE('',#13500);
#13500=AXIS2_PLACEMENT_3D('',#540,#13501,#13502);
#13501=DIRECTION('',(-0.8304335555109672,0.5571176804602537,0));
#13502=DIRECTION('',(0,0,-1));
#13503=FACE_BOUND('',#13504,.T.);
#13504=EDGE_LOOP('',(#13505,#13506,#13507));
#13505=ORIENTED_EDGE('',*,*,#13508,.T.);
#13506=ORIENTED_EDGE('',*,*,#13509,.T.);
#13507=ORIENTED_EDGE('',*,*,#13510,.T.);
#13508=EDGE_CURVE('',#541,#451,#13511,.F.);
#13509=EDGE_CURVE('',#451,#453,#13512,.T.);
#13510=EDGE_CURVE('',#453,#541,#13513,.T.);
#13511=LINE('',#540,#13514);
#13512=LINE('',#450,#13515);
#13513=LINE('',#452,#13516);
#13514=VECTOR('',#13517,1.0);
#13515=VECTOR('',#13518,1.0);
#13516=VECTOR('',#13519,1.0);
#13517=DIRECTION('',(0,0,-1));
#13518=DIRECTION('',(-0.5571176804602537,-0.8304335555109672,3.081071698066246E-16));
#13519=DIRECTION('',(0.017657623169177447,0.026320261058918226,0.9994975998979716));
#13520=FACE_SURFACE('',(#13525),#13521,.T.);
#13521=PLANE('',#13522);
#13522=AXIS2_PLACEMENT_3D('',#540,#13523,#13524);
#13523=DIRECTION('',(-0.8304335555109672,0.5571176804602537,0));
#13524=DIRECTION('',(-0.017657623169177447,-0.026320261058918226,-0.9994975998979716));
#13525=FACE_BOUND('',#13526,.T.);
#13526=EDGE_LOOP('',(#13527,#13528,#13529));
#13527=ORIENTED_EDGE('',*,*,#13530,.T.);
#13528=ORIENTED_EDGE('',*,*,#13531,.T.);
#13529=ORIENTED_EDGE('',*,*,#13532,.T.);
#13530=EDGE_CURVE('',#541,#453,#13533,.F.);
#13531=EDGE_CURVE('',#453,#543,#13534,.T.);
#13532=EDGE_CURVE('',#543,#541,#13535,.T.);
#13533=LINE('',#540,#13536);
#13534=LINE('',#452,#13537);
#13535=LINE('',#542,#13538);
#13536=VECTOR('',#13539,1.0);
#13537=VECTOR('',#13540,1.0);
#13538=VECTOR('',#13541,1.0);
#13539=DIRECTION('',(-0.017657623169177447,-0.026320261058918226,-0.9994975998979716));
#13540=DIRECTION('',(0,0,1));
#13541=DIRECTION('',(0.5571176804602537,0.8304335555109672,0));
#13542=FACE_SURFACE('',(#13547),#13543,.T.);
#13543=PLANE('',#13544);
#13544=AXIS2_PLACEMENT_3D('',#182,#13545,#13546);
#13545=DIRECTION('',(-0.9454842926142161,0.3256677024511265,0));
#13546=DIRECTION('',(0,0,1));
#13547=FACE_BOUND('',#13548,.T.);
#13548=EDGE_LOOP('',(#13549,#13550,#13551));
#13549=ORIENTED_EDGE('',*,*,#13552,.T.);
#13550=ORIENTED_EDGE('',*,*,#13553,.T.);
#13551=ORIENTED_EDGE('',*,*,#13554,.T.);
#13552=EDGE_CURVE('',#183,#553,#13555,.F.);
#13553=EDGE_CURVE('',#553,#495,#13556,.T.);
#13554=EDGE_CURVE('',#495,#183,#13557,.T.);
#13555=LINE('',#182,#13558);
#13556=LINE('',#552,#13559);
#13557=LINE('',#494,#13560);
#13558=VECTOR('',#13561,1.0);
#13559=VECTOR('',#13562,1.0);
#13560=VECTOR('',#13563,1.0);
#13561=DIRECTION('',(0,0,1));
#13562=DIRECTION('',(0.3256677024511265,0.9454842926142162,0));
#13563=DIRECTION('',(-0.010328181305278591,-0.029984960503960847,-0.9994969888971658));
#13564=FACE_SURFACE('',(#13569),#13565,.T.);
#13565=PLANE('',#13566);
#13566=AXIS2_PLACEMENT_3D('',#848,#13567,#13568);
#13567=DIRECTION('',(-0.8304242795769873,0.5571315068177727,0));
#13568=DIRECTION('',(0,0,1));
#13569=FACE_BOUND('',#13570,.T.);
#13570=EDGE_LOOP('',(#13571,#13572,#13573));
#13571=ORIENTED_EDGE('',*,*,#13574,.T.);
#13572=ORIENTED_EDGE('',*,*,#13575,.T.);
#13573=ORIENTED_EDGE('',*,*,#13576,.T.);
#13574=EDGE_CURVE('',#849,#235,#13577,.F.);
#13575=EDGE_CURVE('',#235,#847,#13578,.T.);
#13576=EDGE_CURVE('',#847,#849,#13579,.T.);
#13577=LINE('',#848,#13580);
#13578=LINE('',#234,#13581);
#13579=LINE('',#846,#13582);
#13580=VECTOR('',#13583,1.0);
#13581=VECTOR('',#13584,1.0);
#13582=VECTOR('',#13585,1.0);
#13583=DIRECTION('',(0,0,1));
#13584=DIRECTION('',(0.017658258434494686,0.026320260763579077,-0.9994975886826329));
#13585=DIRECTION('',(-0.5571315068177726,-0.8304242795769873,3.0809482455011525E-16));
#13586=FACE_SURFACE('',(#13591),#13587,.T.);
#13587=PLANE('',#13588);
#13588=AXIS2_PLACEMENT_3D('',#228,#13589,#13590);
#13589=DIRECTION('',(-0.8304242795769873,0.5571315068177727,0));
#13590=DIRECTION('',(0,0,-1));
#13591=FACE_BOUND('',#13592,.T.);
#13592=EDGE_LOOP('',(#13593,#13594,#13595));
#13593=ORIENTED_EDGE('',*,*,#13596,.T.);
#13594=ORIENTED_EDGE('',*,*,#13597,.T.);
#13595=ORIENTED_EDGE('',*,*,#13598,.T.);
#13596=EDGE_CURVE('',#229,#847,#13599,.F.);
#13597=EDGE_CURVE('',#847,#235,#13600,.T.);
#13598=EDGE_CURVE('',#235,#229,#13601,.T.);
#13599=LINE('',#228,#13602);
#13600=LINE('',#846,#13603);
#13601=LINE('',#234,#13604);
#13602=VECTOR('',#13605,1.0);
#13603=VECTOR('',#13606,1.0);
#13604=VECTOR('',#13607,1.0);
#13605=DIRECTION('',(0,0,-1));
#13606=DIRECTION('',(-0.017658258434494686,-0.026320260763579077,0.9994975886826329));
#13607=DIRECTION('',(0.5571315068177726,0.8304242795769873,0));
#13608=FACE_SURFACE('',(#13613),#13609,.T.);
#13609=PLANE('',#13610);
#13610=AXIS2_PLACEMENT_3D('',#402,#13611,#13612);
#13611=DIRECTION('',(0.8985672418541736,0.43883585982299034,0));
#13612=DIRECTION('',(0.43883585982299034,-0.8985672418541735,0));
#13613=FACE_BOUND('',#13614,.T.);
#13614=EDGE_LOOP('',(#13615,#13616,#13617));
#13615=ORIENTED_EDGE('',*,*,#13618,.T.);
#13616=ORIENTED_EDGE('',*,*,#13619,.T.);
#13617=ORIENTED_EDGE('',*,*,#13620,.T.);
#13618=EDGE_CURVE('',#403,#395,#13621,.F.);
#13619=EDGE_CURVE('',#395,#121,#13622,.T.);
#13620=EDGE_CURVE('',#121,#403,#13623,.T.);
#13621=LINE('',#402,#13624);
#13622=LINE('',#394,#13625);
#13623=LINE('',#120,#13626);
#13624=VECTOR('',#13627,1.0);
#13625=VECTOR('',#13628,1.0);
#13626=VECTOR('',#13629,1.0);
#13627=DIRECTION('',(0.43883585982299034,-0.8985672418541735,0));
#13628=DIRECTION('',(0,0,-1));
#13629=DIRECTION('',(-0.013992820065376195,0.028651919505799935,0.9994915049640247));
#13630=FACE_SURFACE('',(#13635),#13631,.T.);
#13631=PLANE('',#13632);
#13632=AXIS2_PLACEMENT_3D('',#850,#13633,#13634);
#13633=DIRECTION('',(-2.22047731207987E-16,-2.220479359869476E-16,-1));
#13634=DIRECTION('',(0.8304273323646918,0.557126956502431,-3.081033958587355E-16));
#13635=FACE_BOUND('',#13636,.T.);
#13636=EDGE_LOOP('',(#13637,#13638,#13639));
#13637=ORIENTED_EDGE('',*,*,#13640,.T.);
#13638=ORIENTED_EDGE('',*,*,#13641,.T.);
#13639=ORIENTED_EDGE('',*,*,#13642,.T.);
#13640=EDGE_CURVE('',#851,#315,#13643,.F.);
#13641=EDGE_CURVE('',#315,#75,#13644,.T.);
#13642=EDGE_CURVE('',#75,#851,#13645,.T.);
#13643=LINE('',#850,#13646);
#13644=LINE('',#314,#13647);
#13645=LINE('',#74,#13648);
#13646=VECTOR('',#13649,1.0);
#13647=VECTOR('',#13650,1.0);
#13648=VECTOR('',#13651,1.0);
#13649=DIRECTION('',(0.8304273323646918,0.557126956502431,-3.081033958587355E-16));
#13650=DIRECTION('',(0.7161323894932364,-0.697964469524565,-4.0340024813731534E-18));
#13651=DIRECTION('',(-0.7248609966704742,0.6888951556702129,7.985992323861284E-18));
#13652=FACE_SURFACE('',(#13657),#13653,.T.);
#13653=PLANE('',#13654);
#13654=AXIS2_PLACEMENT_3D('',#764,#13655,#13656);
#13655=DIRECTION('',(-2.2204133857519447E-16,-2.220412096075571E-16,-1));
#13656=DIRECTION('',(0.8985729984106967,0.4388240724108126,-2.9695737921764826E-16));
#13657=FACE_BOUND('',#13658,.T.);
#13658=EDGE_LOOP('',(#13659,#13660,#13661));
#13659=ORIENTED_EDGE('',*,*,#13662,.T.);
#13660=ORIENTED_EDGE('',*,*,#13663,.T.);
#13661=ORIENTED_EDGE('',*,*,#13664,.T.);
#13662=EDGE_CURVE('',#765,#851,#13665,.F.);
#13663=EDGE_CURVE('',#851,#75,#13666,.T.);
#13664=EDGE_CURVE('',#75,#765,#13667,.T.);
#13665=LINE('',#764,#13668);
#13666=LINE('',#850,#13669);
#13667=LINE('',#74,#13670);
#13668=VECTOR('',#13671,1.0);
#13669=VECTOR('',#13672,1.0);
#13670=VECTOR('',#13673,1.0);
#13671=DIRECTION('',(0.8985729984106967,0.4388240724108126,-2.9695737921764826E-16));
#13672=DIRECTION('',(0.7248609966704742,-0.6888951556702129,-7.985992323861284E-18));
#13673=DIRECTION('',(-0.7331242900747411,0.6800946811308017,1.177485306423564E-17));
#13674=FACE_SURFACE('',(#13679),#13675,.T.);
#13675=PLANE('',#13676);
#13676=AXIS2_PLACEMENT_3D('',#414,#13677,#13678);
#13677=DIRECTION('',(0,-0,1));
#13678=DIRECTION('',(0.9584492168024802,0.2852632097041475,0));
#13679=FACE_BOUND('',#13680,.T.);
#13680=EDGE_LOOP('',(#13681,#13682,#13683));
#13681=ORIENTED_EDGE('',*,*,#13684,.T.);
#13682=ORIENTED_EDGE('',*,*,#13685,.T.);
#13683=ORIENTED_EDGE('',*,*,#13686,.T.);
#13684=EDGE_CURVE('',#415,#411,#13687,.F.);
#13685=EDGE_CURVE('',#411,#429,#13688,.T.);
#13686=EDGE_CURVE('',#429,#415,#13689,.T.);
#13687=LINE('',#414,#13690);
#13688=LINE('',#410,#13691);
#13689=LINE('',#428,#13692);
#13690=VECTOR('',#13693,1.0);
#13691=VECTOR('',#13694,1.0);
#13692=VECTOR('',#13695,1.0);
#13693=DIRECTION('',(0.9584492168024802,0.2852632097041475,0));
#13694=DIRECTION('',(-1,0,0));
#13695=DIRECTION('',(0.9792654041488162,-0.20258151010705677,0));
#13696=FACE_SURFACE('',(#13701),#13697,.T.);
#13697=PLANE('',#13698);
#13698=AXIS2_PLACEMENT_3D('',#396,#13699,#13700);
#13699=DIRECTION('',(-2.2204451235632758E-16,-2.220445981041599E-16,-1));
#13700=DIRECTION('',(-0.07348520185537083,0.9972963075777806,-2.0512727199548883E-16));
#13701=FACE_BOUND('',#13702,.T.);
#13702=EDGE_LOOP('',(#13703,#13704,#13705));
#13703=ORIENTED_EDGE('',*,*,#13706,.T.);
#13704=ORIENTED_EDGE('',*,*,#13707,.T.);
#13705=ORIENTED_EDGE('',*,*,#13708,.T.);
#13706=EDGE_CURVE('',#397,#383,#13709,.F.);
#13707=EDGE_CURVE('',#383,#75,#13710,.T.);
#13708=EDGE_CURVE('',#75,#397,#13711,.T.);
#13709=LINE('',#396,#13712);
#13710=LINE('',#382,#13713);
#13711=LINE('',#74,#13714);
#13712=VECTOR('',#13715,1.0);
#13713=VECTOR('',#13716,1.0);
#13714=VECTOR('',#13717,1.0);
#13715=DIRECTION('',(-0.07348520185537083,0.9972963075777806,-2.0512727199548883E-16));
#13716=DIRECTION('',(0.6519495322304434,-0.758262360548449,2.3606245140447274E-17));
#13717=DIRECTION('',(-0.657581879791929,0.7533830840743062,-2.127219628899575E-17));
#13718=FACE_SURFACE('',(#13723),#13719,.T.);
#13719=PLANE('',#13720);
#13720=AXIS2_PLACEMENT_3D('',#234,#13721,#13722);
#13721=DIRECTION('',(-0.7479877490497358,0.6637125336103796,0));
#13722=DIRECTION('',(0,0,-1));
#13723=FACE_BOUND('',#13724,.T.);
#13724=EDGE_LOOP('',(#13725,#13726,#13727));
#13725=ORIENTED_EDGE('',*,*,#13728,.T.);
#13726=ORIENTED_EDGE('',*,*,#13729,.T.);
#13727=ORIENTED_EDGE('',*,*,#13730,.T.);
#13728=EDGE_CURVE('',#235,#849,#13731,.F.);
#13729=EDGE_CURVE('',#849,#303,#13732,.T.);
#13730=EDGE_CURVE('',#303,#235,#13733,.T.);
#13731=LINE('',#234,#13734);
#13732=LINE('',#848,#13735);
#13733=LINE('',#302,#13736);
#13734=VECTOR('',#13737,1.0);
#13735=VECTOR('',#13738,1.0);
#13736=VECTOR('',#13739,1.0);
#13737=DIRECTION('',(0,0,-1));
#13738=DIRECTION('',(-0.6637125336103797,-0.7479877490497359,3.134648933519666E-16));
#13739=DIRECTION('',(0.02098940489398396,0.02365454458896939,0.9994998286155354));
#13740=FACE_SURFACE('',(#13745),#13741,.T.);
#13741=PLANE('',#13742);
#13742=AXIS2_PLACEMENT_3D('',#130,#13743,#13744);
#13743=DIRECTION('',(0.9454904622716915,0.3256497900402563,-0));
#13744=DIRECTION('',(0,0,1));
#13745=FACE_BOUND('',#13746,.T.);
#13746=EDGE_LOOP('',(#13747,#13748,#13749));
#13747=ORIENTED_EDGE('',*,*,#13750,.T.);
#13748=ORIENTED_EDGE('',*,*,#13751,.T.);
#13749=ORIENTED_EDGE('',*,*,#13752,.T.);
#13750=EDGE_CURVE('',#131,#409,#13753,.F.);
#13751=EDGE_CURVE('',#409,#403,#13754,.T.);
#13752=EDGE_CURVE('',#403,#131,#13755,.T.);
#13753=LINE('',#130,#13756);
#13754=LINE('',#408,#13757);
#13755=LINE('',#402,#13758);
#13756=VECTOR('',#13759,1.0);
#13757=VECTOR('',#13760,1.0);
#13758=VECTOR('',#13761,1.0);
#13759=DIRECTION('',(0,0,1));
#13760=DIRECTION('',(0.3256497900402563,-0.9454904622716916,0));
#13761=DIRECTION('',(-0.010327545909986243,0.029984960700751344,-0.9994969954568406));
#13762=FACE_SURFACE('',(#13767),#13763,.T.);
#13763=PLANE('',#13764);
#13764=AXIS2_PLACEMENT_3D('',#674,#13765,#13766);
#13765=DIRECTION('',(-0,-0,1));
#13766=DIRECTION('',(0.9234883004170114,-0.3836265879639989,0));
#13767=FACE_BOUND('',#13768,.T.);
#13768=EDGE_LOOP('',(#13769,#13770,#13771));
#13769=ORIENTED_EDGE('',*,*,#13772,.T.);
#13770=ORIENTED_EDGE('',*,*,#13773,.T.);
#13771=ORIENTED_EDGE('',*,*,#13774,.T.);
#13772=EDGE_CURVE('',#675,#497,#13775,.F.);
#13773=EDGE_CURVE('',#497,#429,#13776,.T.);
#13774=EDGE_CURVE('',#429,#675,#13777,.T.);
#13775=LINE('',#674,#13778);
#13776=LINE('',#496,#13779);
#13777=LINE('',#428,#13780);
#13778=VECTOR('',#13781,1.0);
#13779=VECTOR('',#13782,1.0);
#13780=VECTOR('',#13783,1.0);
#13781=DIRECTION('',(0.9234883004170114,-0.3836265879639989,0));
#13782=DIRECTION('',(-0.922699994590913,0.3855187673537164,0));
#13783=DIRECTION('',(0.6637125336103797,-0.7479877490497359,0));
#13784=FACE_SURFACE('',(#13789),#13785,.T.);
#13785=PLANE('',#13786);
#13786=AXIS2_PLACEMENT_3D('',#554,#13787,#13788);
#13787=DIRECTION('',(0,-0,1));
#13788=DIRECTION('',(1,0,0));
#13789=FACE_BOUND('',#13790,.T.);
#13790=EDGE_LOOP('',(#13791,#13792,#13793));
#13791=ORIENTED_EDGE('',*,*,#13794,.T.);
#13792=ORIENTED_EDGE('',*,*,#13795,.T.);
#13793=ORIENTED_EDGE('',*,*,#13796,.T.);
#13794=EDGE_CURVE('',#555,#415,#13797,.F.);
#13795=EDGE_CURVE('',#415,#429,#13798,.T.);
#13796=EDGE_CURVE('',#429,#555,#13799,.T.);
#13797=LINE('',#554,#13800);
#13798=LINE('',#414,#13801);
#13799=LINE('',#428,#13802);
#13800=VECTOR('',#13803,1.0);
#13801=VECTOR('',#13804,1.0);
#13802=VECTOR('',#13805,1.0);
#13803=DIRECTION('',(1,0,0));
#13804=DIRECTION('',(-0.9792654041488162,0.20258151010705677,0));
#13805=DIRECTION('',(0.9535101028408401,-0.30136105219561876,0));
#13806=FACE_SURFACE('',(#13811),#13807,.T.);
#13807=PLANE('',#13808);
#13808=AXIS2_PLACEMENT_3D('',#182,#13809,#13810);
#13809=DIRECTION('',(-0.8985672418541735,0.4388358598229904,0));
#13810=DIRECTION('',(-0.013992820065376232,-0.02865191950580001,0.9994915049640247));
#13811=FACE_BOUND('',#13812,.T.);
#13812=EDGE_LOOP('',(#13813,#13814,#13815));
#13813=ORIENTED_EDGE('',*,*,#13816,.T.);
#13814=ORIENTED_EDGE('',*,*,#13817,.T.);
#13815=ORIENTED_EDGE('',*,*,#13818,.T.);
#13816=EDGE_CURVE('',#183,#549,#13819,.F.);
#13817=EDGE_CURVE('',#549,#553,#13820,.T.);
#13818=EDGE_CURVE('',#553,#183,#13821,.T.);
#13819=LINE('',#182,#13822);
#13820=LINE('',#548,#13823);
#13821=LINE('',#552,#13824);
#13822=VECTOR('',#13825,1.0);
#13823=VECTOR('',#13826,1.0);
#13824=VECTOR('',#13827,1.0);
#13825=DIRECTION('',(-0.013992820065376232,-0.02865191950580001,0.9994915049640247));
#13826=DIRECTION('',(0.43883585982299034,0.8985672418541735,0));
#13827=DIRECTION('',(0,0,-1));
#13828=FACE_SURFACE('',(#13833),#13829,.T.);
#13829=PLANE('',#13830);
#13830=AXIS2_PLACEMENT_3D('',#412,#13831,#13832);
#13831=DIRECTION('',(0.9817769422679222,0.1900369322817254,0));
#13832=DIRECTION('',(0.1900369322817254,-0.9817769422679222,0));
#13833=FACE_BOUND('',#13834,.T.);
#13834=EDGE_LOOP('',(#13835,#13836,#13837));
#13835=ORIENTED_EDGE('',*,*,#13838,.T.);
#13836=ORIENTED_EDGE('',*,*,#13839,.T.);
#13837=ORIENTED_EDGE('',*,*,#13840,.T.);
#13838=EDGE_CURVE('',#413,#409,#13841,.F.);
#13839=EDGE_CURVE('',#409,#131,#13842,.T.);
#13840=EDGE_CURVE('',#131,#413,#13843,.T.);
#13841=LINE('',#412,#13844);
#13842=LINE('',#408,#13845);
#13843=LINE('',#130,#13846);
#13844=VECTOR('',#13847,1.0);
#13845=VECTOR('',#13848,1.0);
#13846=VECTOR('',#13849,1.0);
#13847=DIRECTION('',(0.1900369322817254,-0.9817769422679222,0));
#13848=DIRECTION('',(0,0,-1));
#13849=DIRECTION('',(-0.005997529730905235,0.030984695078322563,0.9995018650848183));
#13850=FACE_SURFACE('',(#13855),#13851,.T.);
#13851=PLANE('',#13852);
#13852=AXIS2_PLACEMENT_3D('',#694,#13853,#13854);
#13853=DIRECTION('',(-2.2203615548960848E-16,-2.2203713259298328E-16,-1));
#13854=DIRECTION('',(0.664330989506489,-0.7474385167900629,1.845360617498973E-17));
#13855=FACE_BOUND('',#13856,.T.);
#13856=EDGE_LOOP('',(#13857,#13858,#13859));
#13857=ORIENTED_EDGE('',*,*,#13860,.T.);
#13858=ORIENTED_EDGE('',*,*,#13861,.T.);
#13859=ORIENTED_EDGE('',*,*,#13862,.T.);
#13860=EDGE_CURVE('',#695,#75,#13863,.F.);
#13861=EDGE_CURVE('',#75,#699,#13864,.T.);
#13862=EDGE_CURVE('',#699,#695,#13865,.T.);
#13863=LINE('',#694,#13866);
#13864=LINE('',#74,#13867);
#13865=LINE('',#698,#13868);
#13866=VECTOR('',#13869,1.0);
#13867=VECTOR('',#13870,1.0);
#13868=VECTOR('',#13871,1.0);
#13869=DIRECTION('',(0.664330989506489,-0.7474385167900629,1.845360617498973E-17));
#13870=DIRECTION('',(-0.6718203120059988,0.7407141610474058,-1.5297649132342005E-17));
#13871=DIRECTION('',(0.1900369322817254,0.9817769422679222,-2.601860069519497E-16));
#13872=FACE_SURFACE('',(#13877),#13873,.T.);
#13873=PLANE('',#13874);
#13874=AXIS2_PLACEMENT_3D('',#850,#13875,#13876);
#13875=DIRECTION('',(-0.557126956502431,0.8304273323646918,0));
#13876=DIRECTION('',(0,0,1));
#13877=FACE_BOUND('',#13878,.T.);
#13878=EDGE_LOOP('',(#13879,#13880,#13881));
#13879=ORIENTED_EDGE('',*,*,#13882,.T.);
#13880=ORIENTED_EDGE('',*,*,#13883,.T.);
#13881=ORIENTED_EDGE('',*,*,#13884,.T.);
#13882=EDGE_CURVE('',#851,#241,#13885,.F.);
#13883=EDGE_CURVE('',#241,#315,#13886,.T.);
#13884=EDGE_CURVE('',#315,#851,#13887,.T.);
#13885=LINE('',#850,#13888);
#13886=LINE('',#240,#13889);
#13887=LINE('',#314,#13890);
#13888=VECTOR('',#13891,1.0);
#13889=VECTOR('',#13892,1.0);
#13890=VECTOR('',#13893,1.0);
#13891=DIRECTION('',(0,0,1));
#13892=DIRECTION('',(0.02631962603566316,0.017657623464507513,-0.9994976166149314));
#13893=DIRECTION('',(-0.8304273323646918,-0.557126956502431,3.081033958587355E-16));
#13894=FACE_SURFACE('',(#13899),#13895,.T.);
#13895=PLANE('',#13896);
#13896=AXIS2_PLACEMENT_3D('',#720,#13897,#13898);
#13897=DIRECTION('',(0,0,1));
#13898=DIRECTION('',(-0.7364505566882963,0.6764913728596238,0));
#13899=FACE_BOUND('',#13900,.T.);
#13900=EDGE_LOOP('',(#13901,#13902,#13903));
#13901=ORIENTED_EDGE('',*,*,#13904,.T.);
#13902=ORIENTED_EDGE('',*,*,#13905,.T.);
#13903=ORIENTED_EDGE('',*,*,#13906,.T.);
#13904=EDGE_CURVE('',#721,#57,#13907,.F.);
#13905=EDGE_CURVE('',#57,#723,#13908,.T.);
#13906=EDGE_CURVE('',#723,#721,#13909,.T.);
#13907=LINE('',#720,#13910);
#13908=LINE('',#56,#13911);
#13909=LINE('',#722,#13912);
#13910=VECTOR('',#13913,1.0);
#13911=VECTOR('',#13914,1.0);
#13912=VECTOR('',#13915,1.0);
#13913=DIRECTION('',(-0.7364505566882963,0.6764913728596238,0));
#13914=DIRECTION('',(0.7303924324503014,-0.6830277407392266,0));
#13915=DIRECTION('',(0.07348446814677068,0.9972963616404034,0));
#13916=FACE_SURFACE('',(#13921),#13917,.T.);
#13917=PLANE('',#13918);
#13918=AXIS2_PLACEMENT_3D('',#780,#13919,#13920);
#13919=DIRECTION('',(0,0,1));
#13920=DIRECTION('',(-0.8035403160554528,0.5952503342909631,0));
#13921=FACE_BOUND('',#13922,.T.);
#13922=EDGE_LOOP('',(#13923,#13924,#13925));
#13923=ORIENTED_EDGE('',*,*,#13926,.T.);
#13924=ORIENTED_EDGE('',*,*,#13927,.T.);
#13925=ORIENTED_EDGE('',*,*,#13928,.T.);
#13926=EDGE_CURVE('',#781,#57,#13929,.F.);
#13927=EDGE_CURVE('',#57,#783,#13930,.T.);
#13928=EDGE_CURVE('',#783,#781,#13931,.T.);
#13929=LINE('',#780,#13932);
#13930=LINE('',#56,#13933);
#13931=LINE('',#782,#13934);
#13932=VECTOR('',#13935,1.0);
#13933=VECTOR('',#13936,1.0);
#13934=VECTOR('',#13937,1.0);
#13935=DIRECTION('',(-0.8035403160554528,0.5952503342909631,0));
#13936=DIRECTION('',(0.7985304898902434,-0.6019543643131495,0));
#13937=DIRECTION('',(0.9817780934682556,0.19003098480468153,0));
#13938=FACE_SURFACE('',(#13943),#13939,.T.);
#13939=PLANE('',#13940);
#13940=AXIS2_PLACEMENT_3D('',#240,#13941,#13942);
#13941=DIRECTION('',(-0.43882407241081256,0.8985729984106966,0));
#13942=DIRECTION('',(0,0,-1));
#13943=FACE_BOUND('',#13944,.T.);
#13944=EDGE_LOOP('',(#13945,#13946,#13947));
#13945=ORIENTED_EDGE('',*,*,#13948,.T.);
#13946=ORIENTED_EDGE('',*,*,#13949,.T.);
#13947=ORIENTED_EDGE('',*,*,#13950,.T.);
#13948=EDGE_CURVE('',#241,#851,#13951,.F.);
#13949=EDGE_CURVE('',#851,#765,#13952,.T.);
#13950=EDGE_CURVE('',#765,#241,#13953,.T.);
#13951=LINE('',#240,#13954);
#13952=LINE('',#850,#13955);
#13953=LINE('',#764,#13956);
#13954=VECTOR('',#13957,1.0);
#13955=VECTOR('',#13958,1.0);
#13956=VECTOR('',#13959,1.0);
#13957=DIRECTION('',(0,0,-1));
#13958=DIRECTION('',(-0.8985729984106967,-0.4388240724108126,2.9695737921764826E-16));
#13959=DIRECTION('',(0.02865287191263454,0.01399281968321607,0.999491477666754));
#13960=FACE_SURFACE('',(#13965),#13961,.T.);
#13961=PLANE('',#13962);
#13962=AXIS2_PLACEMENT_3D('',#612,#13963,#13964);
#13963=DIRECTION('',(-0.747992174898728,0.6637075457536028,0));
#13964=DIRECTION('',(0.6637075457536028,0.747992174898728,0));
#13965=FACE_BOUND('',#13966,.T.);
#13966=EDGE_LOOP('',(#13967,#13968,#13969));
#13967=ORIENTED_EDGE('',*,*,#13970,.T.);
#13968=ORIENTED_EDGE('',*,*,#13971,.T.);
#13969=ORIENTED_EDGE('',*,*,#13972,.T.);
#13970=EDGE_CURVE('',#613,#615,#13973,.F.);
#13971=EDGE_CURVE('',#615,#191,#13974,.T.);
#13972=EDGE_CURVE('',#191,#613,#13975,.T.);
#13973=LINE('',#612,#13976);
#13974=LINE('',#614,#13977);
#13975=LINE('',#190,#13978);
#13976=VECTOR('',#13979,1.0);
#13977=VECTOR('',#13980,1.0);
#13978=VECTOR('',#13981,1.0);
#13979=DIRECTION('',(0.6637075457536028,0.747992174898728,0));
#13980=DIRECTION('',(0,0,-1));
#13981=DIRECTION('',(-0.020989404736230455,-0.023654862143621273,0.9994998211034282));
#13982=FACE_SURFACE('',(#13987),#13983,.T.);
#13983=PLANE('',#13984);
#13984=AXIS2_PLACEMENT_3D('',#696,#13985,#13986);
#13985=DIRECTION('',(-2.2204626144014354E-16,-2.2204625824771206E-16,-1));
#13986=DIRECTION('',(0.6800949421134094,-0.7331240479698905,1.1774912362496986E-17));
#13987=FACE_BOUND('',#13988,.T.);
#13988=EDGE_LOOP('',(#13989,#13990,#13991));
#13989=ORIENTED_EDGE('',*,*,#13992,.T.);
#13990=ORIENTED_EDGE('',*,*,#13993,.T.);
#13991=ORIENTED_EDGE('',*,*,#13994,.T.);
#13992=EDGE_CURVE('',#697,#75,#13995,.F.);
#13993=EDGE_CURVE('',#75,#847,#13996,.T.);
#13994=EDGE_CURVE('',#847,#697,#13997,.T.);
#13995=LINE('',#696,#13998);
#13996=LINE('',#74,#13999);
#13997=LINE('',#846,#14000);
#13998=VECTOR('',#14001,1.0);
#13999=VECTOR('',#14002,1.0);
#14000=VECTOR('',#14003,1.0);
#14001=DIRECTION('',(0.6800949421134094,-0.7331240479698905,1.1774912362496986E-17));
#14002=DIRECTION('',(-0.6888952234216345,0.7248609322807075,-7.986048878132978E-18));
#14003=DIRECTION('',(0.43883585982299034,0.8985672418541735,-2.9696535589725204E-16));
#14004=FACE_SURFACE('',(#14009),#14005,.T.);
#14005=PLANE('',#14006);
#14006=AXIS2_PLACEMENT_3D('',#270,#14007,#14008);
#14007=DIRECTION('',(-0.8985672418541736,-0.43883585982299045,-0));
#14008=DIRECTION('',(-0.013992820065376194,0.02865191950579993,-0.9994915049640247));
#14009=FACE_BOUND('',#14010,.T.);
#14010=EDGE_LOOP('',(#14011,#14012,#14013));
#14011=ORIENTED_EDGE('',*,*,#14014,.T.);
#14012=ORIENTED_EDGE('',*,*,#14015,.T.);
#14013=ORIENTED_EDGE('',*,*,#14016,.T.);
#14014=EDGE_CURVE('',#271,#825,#14017,.F.);
#14015=EDGE_CURVE('',#825,#853,#14018,.T.);
#14016=EDGE_CURVE('',#853,#271,#14019,.T.);
#14017=LINE('',#270,#14020);
#14018=LINE('',#824,#14021);
#14019=LINE('',#852,#14022);
#14020=VECTOR('',#14023,1.0);
#14021=VECTOR('',#14024,1.0);
#14022=VECTOR('',#14025,1.0);
#14023=DIRECTION('',(-0.013992820065376194,0.02865191950579993,-0.9994915049640247));
#14024=DIRECTION('',(0.43883585982299034,-0.8985672418541735,1.0207866053491797E-16));
#14025=DIRECTION('',(0,0,1));
#14026=FACE_SURFACE('',(#14031),#14027,.T.);
#14027=PLANE('',#14028);
#14028=AXIS2_PLACEMENT_3D('',#302,#14029,#14030);
#14029=DIRECTION('',(-2.2204772245906566E-16,-2.2204780373375073E-16,-1));
#14030=DIRECTION('',(0.6637125336103797,0.7479877490497359,-3.134648933519666E-16));
#14031=FACE_BOUND('',#14032,.T.);
#14032=EDGE_LOOP('',(#14033,#14034,#14035));
#14033=ORIENTED_EDGE('',*,*,#14036,.T.);
#14034=ORIENTED_EDGE('',*,*,#14037,.T.);
#14035=ORIENTED_EDGE('',*,*,#14038,.T.);
#14036=EDGE_CURVE('',#303,#849,#14039,.F.);
#14037=EDGE_CURVE('',#849,#75,#14040,.T.);
#14038=EDGE_CURVE('',#75,#303,#14041,.T.);
#14039=LINE('',#302,#14042);
#14040=LINE('',#848,#14043);
#14041=LINE('',#74,#14044);
#14042=VECTOR('',#14045,1.0);
#14043=VECTOR('',#14046,1.0);
#14044=VECTOR('',#14047,1.0);
#14045=DIRECTION('',(0.6637125336103797,0.7479877490497359,-3.134648933519666E-16));
#14046=DIRECTION('',(0.6979647977118414,-0.7161320696317602,4.034059556520935E-18));
#14047=DIRECTION('',(-0.7071069105953623,0.707106651777709,0));
#14048=FACE_SURFACE('',(#14053),#14049,.T.);
#14049=PLANE('',#14050);
#14050=AXIS2_PLACEMENT_3D('',#848,#14051,#14052);
#14051=DIRECTION('',(-2.2204124959635713E-16,-2.2204149507854233E-16,-1));
#14052=DIRECTION('',(0.5571315068177726,0.8304242795769873,-3.0809482455011525E-16));
#14053=FACE_BOUND('',#14054,.T.);
#14054=EDGE_LOOP('',(#14055,#14056,#14057));
#14055=ORIENTED_EDGE('',*,*,#14058,.T.);
#14056=ORIENTED_EDGE('',*,*,#14059,.T.);
#14057=ORIENTED_EDGE('',*,*,#14060,.T.);
#14058=EDGE_CURVE('',#849,#847,#14061,.F.);
#14059=EDGE_CURVE('',#847,#75,#14062,.T.);
#14060=EDGE_CURVE('',#75,#849,#14063,.T.);
#14061=LINE('',#848,#14064);
#14062=LINE('',#846,#14065);
#14063=LINE('',#74,#14066);
#14064=VECTOR('',#14067,1.0);
#14065=VECTOR('',#14068,1.0);
#14066=VECTOR('',#14069,1.0);
#14067=DIRECTION('',(0.5571315068177726,0.8304242795769873,-3.0809482455011525E-16));
#14068=DIRECTION('',(0.6888952234216345,-0.7248609322807075,7.986048878132978E-18));
#14069=DIRECTION('',(-0.6979647977118414,0.7161320696317602,-4.034059556520935E-18));
#14070=FACE_SURFACE('',(#14075),#14071,.T.);
#14071=PLANE('',#14072);
#14072=AXIS2_PLACEMENT_3D('',#270,#14073,#14074);
#14073=DIRECTION('',(-0.9454904622716916,-0.32564979004025624,-0));
#14074=DIRECTION('',(0,0,-1));
#14075=FACE_BOUND('',#14076,.T.);
#14076=EDGE_LOOP('',(#14077,#14078,#14079));
#14077=ORIENTED_EDGE('',*,*,#14080,.T.);
#14078=ORIENTED_EDGE('',*,*,#14081,.T.);
#14079=ORIENTED_EDGE('',*,*,#14082,.T.);
#14080=EDGE_CURVE('',#271,#853,#14083,.F.);
#14081=EDGE_CURVE('',#853,#693,#14084,.T.);
#14082=EDGE_CURVE('',#693,#271,#14085,.T.);
#14083=LINE('',#270,#14086);
#14084=LINE('',#852,#14087);
#14085=LINE('',#692,#14088);
#14086=VECTOR('',#14089,1.0);
#14087=VECTOR('',#14090,1.0);
#14088=VECTOR('',#14091,1.0);
#14089=DIRECTION('',(0,0,-1));
#14090=DIRECTION('',(0.3256497900402563,-0.9454904622716916,1.3762782795867787E-16));
#14091=DIRECTION('',(-0.010327545909986241,0.02998496070075134,0.9994969954568406));
#14092=FACE_SURFACE('',(#14097),#14093,.T.);
#14093=PLANE('',#14094);
#14094=AXIS2_PLACEMENT_3D('',#270,#14095,#14096);
#14095=DIRECTION('',(-0.9454904622716916,-0.32564979004025624,0));
#14096=DIRECTION('',(0.010327545909986241,-0.02998496070075134,-0.9994969954568406));
#14097=FACE_BOUND('',#14098,.T.);
#14098=EDGE_LOOP('',(#14099,#14100,#14101));
#14099=ORIENTED_EDGE('',*,*,#14102,.T.);
#14100=ORIENTED_EDGE('',*,*,#14103,.T.);
#14101=ORIENTED_EDGE('',*,*,#14104,.T.);
#14102=EDGE_CURVE('',#271,#693,#14105,.F.);
#14103=EDGE_CURVE('',#693,#257,#14106,.T.);
#14104=EDGE_CURVE('',#257,#271,#14107,.T.);
#14105=LINE('',#270,#14108);
#14106=LINE('',#692,#14109);
#14107=LINE('',#256,#14110);
#14108=VECTOR('',#14111,1.0);
#14109=VECTOR('',#14112,1.0);
#14110=VECTOR('',#14113,1.0);
#14111=DIRECTION('',(0.010327545909986241,-0.02998496070075134,-0.9994969954568406));
#14112=DIRECTION('',(0,0,1));
#14113=DIRECTION('',(-0.3256497900402563,0.9454904622716916,0));
#14114=FACE_SURFACE('',(#14119),#14115,.T.);
#14115=PLANE('',#14116);
#14116=AXIS2_PLACEMENT_3D('',#86,#14117,#14118);
#14117=DIRECTION('',(-0.8304335555109672,-0.5571176804602537,0));
#14118=DIRECTION('',(0,0,1));
#14119=FACE_BOUND('',#14120,.T.);
#14120=EDGE_LOOP('',(#14121,#14122,#14123));
#14121=ORIENTED_EDGE('',*,*,#14124,.T.);
#14122=ORIENTED_EDGE('',*,*,#14125,.T.);
#14123=ORIENTED_EDGE('',*,*,#14126,.T.);
#14124=EDGE_CURVE('',#87,#563,#14127,.F.);
#14125=EDGE_CURVE('',#563,#675,#14128,.T.);
#14126=EDGE_CURVE('',#675,#87,#14129,.T.);
#14127=LINE('',#86,#14130);
#14128=LINE('',#562,#14131);
#14129=LINE('',#674,#14132);
#14130=VECTOR('',#14133,1.0);
#14131=VECTOR('',#14134,1.0);
#14132=VECTOR('',#14135,1.0);
#14133=DIRECTION('',(0,0,1));
#14134=DIRECTION('',(-0.5571176804602537,0.8304335555109672,0));
#14135=DIRECTION('',(0.017657623169177412,-0.02632026105891817,-0.9994975998979716));
#14136=FACE_SURFACE('',(#14141),#14137,.T.);
#14137=PLANE('',#14138);
#14138=AXIS2_PLACEMENT_3D('',#314,#14139,#14140);
#14139=DIRECTION('',(-2.2204298642673313E-16,-2.220430676996847E-16,-1));
#14140=DIRECTION('',(0.7479827611823705,0.6637181547720366,-3.134583412622046E-16));
#14141=FACE_BOUND('',#14142,.T.);
#14142=EDGE_LOOP('',(#14143,#14144,#14145));
#14143=ORIENTED_EDGE('',*,*,#14146,.T.);
#14144=ORIENTED_EDGE('',*,*,#14147,.T.);
#14145=ORIENTED_EDGE('',*,*,#14148,.T.);
#14146=EDGE_CURVE('',#315,#303,#14149,.F.);
#14147=EDGE_CURVE('',#303,#75,#14150,.T.);
#14148=EDGE_CURVE('',#75,#315,#14151,.T.);
#14149=LINE('',#314,#14152);
#14150=LINE('',#302,#14153);
#14151=LINE('',#74,#14154);
#14152=VECTOR('',#14155,1.0);
#14153=VECTOR('',#14156,1.0);
#14154=VECTOR('',#14157,1.0);
#14155=DIRECTION('',(0.7479827611823705,0.6637181547720366,-3.134583412622046E-16));
#14156=DIRECTION('',(0.7071069105953623,-0.707106651777709,0));
#14157=DIRECTION('',(-0.7161323894932364,0.697964469524565,4.0340024813731534E-18));
#14158=FACE_SURFACE('',(#14163),#14159,.T.);
#14159=PLANE('',#14160);
#14160=AXIS2_PLACEMENT_3D('',#544,#14161,#14162);
#14161=DIRECTION('',(-0.7479877490497359,0.6637125336103797,0));
#14162=DIRECTION('',(0.6637125336103797,0.7479877490497359,0));
#14163=FACE_BOUND('',#14164,.T.);
#14164=EDGE_LOOP('',(#14165,#14166,#14167));
#14165=ORIENTED_EDGE('',*,*,#14168,.T.);
#14166=ORIENTED_EDGE('',*,*,#14169,.T.);
#14167=ORIENTED_EDGE('',*,*,#14170,.T.);
#14168=EDGE_CURVE('',#545,#543,#14171,.F.);
#14169=EDGE_CURVE('',#543,#445,#14172,.T.);
#14170=EDGE_CURVE('',#445,#545,#14173,.T.);
#14171=LINE('',#544,#14174);
#14172=LINE('',#542,#14175);
#14173=LINE('',#444,#14176);
#14174=VECTOR('',#14177,1.0);
#14175=VECTOR('',#14178,1.0);
#14176=VECTOR('',#14179,1.0);
#14177=DIRECTION('',(0.6637125336103797,0.7479877490497359,0));
#14178=DIRECTION('',(-0.020989404893984067,-0.023654544588969508,-0.9994998286155355));
#14179=DIRECTION('',(0,0,1));
#14180=FACE_SURFACE('',(#14185),#14181,.T.);
#14181=PLANE('',#14182);
#14182=AXIS2_PLACEMENT_3D('',#452,#14183,#14184);
#14183=DIRECTION('',(-0.7479877490497359,0.6637125336103797,0));
#14184=DIRECTION('',(-0.6637125336103797,-0.7479877490497359,3.1345150790352796E-16));
#14185=FACE_BOUND('',#14186,.T.);
#14186=EDGE_LOOP('',(#14187,#14188,#14189));
#14187=ORIENTED_EDGE('',*,*,#14190,.T.);
#14188=ORIENTED_EDGE('',*,*,#14191,.T.);
#14189=ORIENTED_EDGE('',*,*,#14192,.T.);
#14190=EDGE_CURVE('',#453,#445,#14193,.F.);
#14191=EDGE_CURVE('',#445,#543,#14194,.T.);
#14192=EDGE_CURVE('',#543,#453,#14195,.T.);
#14193=LINE('',#452,#14196);
#14194=LINE('',#444,#14197);
#14195=LINE('',#542,#14198);
#14196=VECTOR('',#14199,1.0);
#14197=VECTOR('',#14200,1.0);
#14198=VECTOR('',#14201,1.0);
#14199=DIRECTION('',(-0.6637125336103797,-0.7479877490497359,3.1345150790352796E-16));
#14200=DIRECTION('',(0.020989404893984067,0.023654544588969508,0.9994998286155355));
#14201=DIRECTION('',(0,0,-1));
#14202=FACE_SURFACE('',(#14207),#14203,.T.);
#14203=PLANE('',#14204);
#14204=AXIS2_PLACEMENT_3D('',#256,#14205,#14206);
#14205=DIRECTION('',(-0.9817769422679222,-0.1900369322817254,-0));
#14206=DIRECTION('',(0,0,-1));
#14207=FACE_BOUND('',#14208,.T.);
#14208=EDGE_LOOP('',(#14209,#14210,#14211));
#14209=ORIENTED_EDGE('',*,*,#14212,.T.);
#14210=ORIENTED_EDGE('',*,*,#14213,.T.);
#14211=ORIENTED_EDGE('',*,*,#14214,.T.);
#14212=EDGE_CURVE('',#257,#693,#14215,.F.);
#14213=EDGE_CURVE('',#693,#383,#14216,.T.);
#14214=EDGE_CURVE('',#383,#257,#14217,.T.);
#14215=LINE('',#256,#14218);
#14216=LINE('',#692,#14219);
#14217=LINE('',#382,#14220);
#14218=VECTOR('',#14221,1.0);
#14219=VECTOR('',#14222,1.0);
#14220=VECTOR('',#14223,1.0);
#14221=DIRECTION('',(0,0,-1));
#14222=DIRECTION('',(0.1900369322817254,-0.9817769422679222,1.758060686547739E-16));
#14223=DIRECTION('',(-0.0059975297309052345,0.03098469507832256,0.9995018650848183));
#14224=FACE_SURFACE('',(#14229),#14225,.T.);
#14225=PLANE('',#14226);
#14226=AXIS2_PLACEMENT_3D('',#84,#14227,#14228);
#14227=DIRECTION('',(-0.8985672418541735,-0.4388358598229904,0));
#14228=DIRECTION('',(0,0,1));
#14229=FACE_BOUND('',#14230,.T.);
#14230=EDGE_LOOP('',(#14231,#14232,#14233));
#14231=ORIENTED_EDGE('',*,*,#14234,.T.);
#14232=ORIENTED_EDGE('',*,*,#14235,.T.);
#14233=ORIENTED_EDGE('',*,*,#14236,.T.);
#14234=EDGE_CURVE('',#85,#561,#14237,.F.);
#14235=EDGE_CURVE('',#561,#87,#14238,.T.);
#14236=EDGE_CURVE('',#87,#85,#14239,.T.);
#14237=LINE('',#84,#14240);
#14238=LINE('',#560,#14241);
#14239=LINE('',#86,#14242);
#14240=VECTOR('',#14243,1.0);
#14241=VECTOR('',#14244,1.0);
#14242=VECTOR('',#14245,1.0);
#14243=DIRECTION('',(0,0,1));
#14244=DIRECTION('',(-0.013992820065376232,0.02865191950580001,-0.9994915049640247));
#14245=DIRECTION('',(0.43883585982299034,-0.8985672418541735,1.0207866053491797E-16));
#14246=FACE_SURFACE('',(#14251),#14247,.T.);
#14247=PLANE('',#14248);
#14248=AXIS2_PLACEMENT_3D('',#562,#14249,#14250);
#14249=DIRECTION('',(-0.8985672418541735,-0.4388358598229904,-0));
#14250=DIRECTION('',(0,0,-1));
#14251=FACE_BOUND('',#14252,.T.);
#14252=EDGE_LOOP('',(#14253,#14254,#14255));
#14253=ORIENTED_EDGE('',*,*,#14256,.T.);
#14254=ORIENTED_EDGE('',*,*,#14257,.T.);
#14255=ORIENTED_EDGE('',*,*,#14258,.T.);
#14256=EDGE_CURVE('',#563,#87,#14259,.F.);
#14257=EDGE_CURVE('',#87,#561,#14260,.T.);
#14258=EDGE_CURVE('',#561,#563,#14261,.T.);
#14259=LINE('',#562,#14262);
#14260=LINE('',#86,#14263);
#14261=LINE('',#560,#14264);
#14262=VECTOR('',#14265,1.0);
#14263=VECTOR('',#14266,1.0);
#14264=VECTOR('',#14267,1.0);
#14265=DIRECTION('',(0,0,-1));
#14266=DIRECTION('',(0.013992820065376232,-0.02865191950580001,0.9994915049640247));
#14267=DIRECTION('',(-0.43883585982299034,0.8985672418541735,0));
#14268=FACE_SURFACE('',(#14273),#14269,.T.);
#14269=PLANE('',#14270);
#14270=AXIS2_PLACEMENT_3D('',#326,#14271,#14272);
#14271=DIRECTION('',(0.8985672418541736,-0.43883585982299034,0));
#14272=DIRECTION('',(0,0,1));
#14273=FACE_BOUND('',#14274,.T.);
#14274=EDGE_LOOP('',(#14275,#14276,#14277));
#14275=ORIENTED_EDGE('',*,*,#14278,.T.);
#14276=ORIENTED_EDGE('',*,*,#14279,.T.);
#14277=ORIENTED_EDGE('',*,*,#14280,.T.);
#14278=EDGE_CURVE('',#327,#461,#14281,.F.);
#14279=EDGE_CURVE('',#461,#441,#14282,.T.);
#14280=EDGE_CURVE('',#441,#327,#14283,.T.);
#14281=LINE('',#326,#14284);
#14282=LINE('',#460,#14285);
#14283=LINE('',#440,#14286);
#14284=VECTOR('',#14287,1.0);
#14285=VECTOR('',#14288,1.0);
#14286=VECTOR('',#14289,1.0);
#14287=DIRECTION('',(0,0,1));
#14288=DIRECTION('',(-0.43883585982299034,-0.8985672418541735,0));
#14289=DIRECTION('',(0.013992820065376195,0.028651919505799935,-0.9994915049640247));
#14290=FACE_SURFACE('',(#14295),#14291,.T.);
#14291=PLANE('',#14292);
#14292=AXIS2_PLACEMENT_3D('',#544,#14293,#14294);
#14293=DIRECTION('',(-0.6637181547720364,0.7479827611823704,0));
#14294=DIRECTION('',(0,0,-1));
#14295=FACE_BOUND('',#14296,.T.);
#14296=EDGE_LOOP('',(#14297,#14298,#14299));
#14297=ORIENTED_EDGE('',*,*,#14300,.T.);
#14298=ORIENTED_EDGE('',*,*,#14301,.T.);
#14299=ORIENTED_EDGE('',*,*,#14302,.T.);
#14300=EDGE_CURVE('',#545,#445,#14303,.F.);
#14301=EDGE_CURVE('',#445,#449,#14304,.T.);
#14302=EDGE_CURVE('',#449,#545,#14305,.T.);
#14303=LINE('',#544,#14306);
#14304=LINE('',#444,#14307);
#14305=LINE('',#448,#14308);
#14306=VECTOR('',#14309,1.0);
#14307=VECTOR('',#14310,1.0);
#14308=VECTOR('',#14311,1.0);
#14309=DIRECTION('',(0,0,-1));
#14310=DIRECTION('',(-0.7479827611823705,-0.6637181547720366,3.134672648349908E-16));
#14311=DIRECTION('',(0.02365454443121581,0.020989722486440838,0.999499821949806));
#14312=FACE_SURFACE('',(#14317),#14313,.T.);
#14313=PLANE('',#14314);
#14314=AXIS2_PLACEMENT_3D('',#824,#14315,#14316);
#14315=DIRECTION('',(-2.2204820925805453E-16,-2.2204390286376755E-16,-1));
#14316=DIRECTION('',(0.18908831484106253,0.9819600853347182,-2.6002497150624024E-16));
#14317=FACE_BOUND('',#14318,.T.);
#14318=EDGE_LOOP('',(#14319,#14320,#14321));
#14319=ORIENTED_EDGE('',*,*,#14322,.T.);
#14320=ORIENTED_EDGE('',*,*,#14323,.T.);
#14321=ORIENTED_EDGE('',*,*,#14324,.T.);
#14322=EDGE_CURVE('',#825,#389,#14325,.F.);
#14323=EDGE_CURVE('',#389,#853,#14326,.T.);
#14324=EDGE_CURVE('',#853,#825,#14327,.T.);
#14325=LINE('',#824,#14328);
#14326=LINE('',#388,#14329);
#14327=LINE('',#852,#14330);
#14328=VECTOR('',#14331,1.0);
#14329=VECTOR('',#14332,1.0);
#14330=VECTOR('',#14333,1.0);
#14331=DIRECTION('',(0.18908831484106253,0.9819600853347182,-2.6002497150624024E-16));
#14332=DIRECTION('',(-0.18699821893937937,-0.9823602527146036,2.596497241809224E-16));
#14333=DIRECTION('',(-0.43883585982299034,0.8985672418541735,-1.0207866053491797E-16));
#14334=FACE_SURFACE('',(#14339),#14335,.T.);
#14335=PLANE('',#14336);
#14336=AXIS2_PLACEMENT_3D('',#560,#14337,#14338);
#14337=DIRECTION('',(-0.9454842926142161,-0.3256677024511265,-0));
#14338=DIRECTION('',(0,0,-1));
#14339=FACE_BOUND('',#14340,.T.);
#14340=EDGE_LOOP('',(#14341,#14342,#14343));
#14341=ORIENTED_EDGE('',*,*,#14344,.T.);
#14342=ORIENTED_EDGE('',*,*,#14345,.T.);
#14343=ORIENTED_EDGE('',*,*,#14346,.T.);
#14344=EDGE_CURVE('',#561,#85,#14347,.F.);
#14345=EDGE_CURVE('',#85,#571,#14348,.T.);
#14346=EDGE_CURVE('',#571,#561,#14349,.T.);
#14347=LINE('',#560,#14350);
#14348=LINE('',#84,#14351);
#14349=LINE('',#570,#14352);
#14350=VECTOR('',#14353,1.0);
#14351=VECTOR('',#14354,1.0);
#14352=VECTOR('',#14355,1.0);
#14353=DIRECTION('',(0,0,-1));
#14354=DIRECTION('',(0.3256677024511265,-0.9454842926142162,1.3763137908312756E-16));
#14355=DIRECTION('',(-0.010328181305278591,0.029984960503960847,0.9994969888971658));
#14356=FACE_SURFACE('',(#14361),#14357,.T.);
#14357=PLANE('',#14358);
#14358=AXIS2_PLACEMENT_3D('',#560,#14359,#14360);
#14359=DIRECTION('',(-0.9454842926142161,-0.3256677024511265,0));
#14360=DIRECTION('',(0.010328181305278591,-0.029984960503960847,-0.9994969888971658));
#14361=FACE_BOUND('',#14362,.T.);
#14362=EDGE_LOOP('',(#14363,#14364,#14365));
#14363=ORIENTED_EDGE('',*,*,#14366,.T.);
#14364=ORIENTED_EDGE('',*,*,#14367,.T.);
#14365=ORIENTED_EDGE('',*,*,#14368,.T.);
#14366=EDGE_CURVE('',#561,#571,#14369,.F.);
#14367=EDGE_CURVE('',#571,#565,#14370,.T.);
#14368=EDGE_CURVE('',#565,#561,#14371,.T.);
#14369=LINE('',#560,#14372);
#14370=LINE('',#570,#14373);
#14371=LINE('',#564,#14374);
#14372=VECTOR('',#14375,1.0);
#14373=VECTOR('',#14376,1.0);
#14374=VECTOR('',#14377,1.0);
#14375=DIRECTION('',(0.010328181305278591,-0.029984960503960847,-0.9994969888971658));
#14376=DIRECTION('',(0,0,1));
#14377=DIRECTION('',(-0.3256677024511265,0.9454842926142162,0));
#14378=FACE_SURFACE('',(#14383),#14379,.T.);
#14379=PLANE('',#14380);
#14380=AXIS2_PLACEMENT_3D('',#692,#14381,#14382);
#14381=DIRECTION('',(-2.220533744635453E-16,-2.2204291963564472E-16,-1));
#14382=DIRECTION('',(-0.3256497900402563,0.9454904622716916,-1.3762782795867787E-16));
#14383=FACE_BOUND('',#14384,.T.);
#14384=EDGE_LOOP('',(#14385,#14386,#14387));
#14385=ORIENTED_EDGE('',*,*,#14388,.T.);
#14386=ORIENTED_EDGE('',*,*,#14389,.T.);
#14387=ORIENTED_EDGE('',*,*,#14390,.T.);
#14388=EDGE_CURVE('',#693,#853,#14391,.F.);
#14389=EDGE_CURVE('',#853,#389,#14392,.T.);
#14390=EDGE_CURVE('',#389,#693,#14393,.T.);
#14391=LINE('',#692,#14394);
#14392=LINE('',#852,#14395);
#14393=LINE('',#388,#14396);
#14394=VECTOR('',#14397,1.0);
#14395=VECTOR('',#14398,1.0);
#14396=VECTOR('',#14399,1.0);
#14397=DIRECTION('',(-0.3256497900402563,0.9454904622716916,-1.3762782795867787E-16));
#14398=DIRECTION('',(0.18699821893937937,0.9823602527146036,-2.596497241809224E-16));
#14399=DIRECTION('',(-0.1852842858189074,-0.982684961434018,2.593412388200067E-16));
#14400=FACE_SURFACE('',(#14405),#14401,.T.);
#14401=PLANE('',#14402);
#14402=AXIS2_PLACEMENT_3D('',#682,#14403,#14404);
#14403=DIRECTION('',(-0.5571176804602537,0.8304335555109672,0));
#14404=DIRECTION('',(0.026320261058918226,0.017657623169177447,-0.9994975998979716));
#14405=FACE_BOUND('',#14406,.T.);
#14406=EDGE_LOOP('',(#14407,#14408,#14409));
#14407=ORIENTED_EDGE('',*,*,#14410,.T.);
#14408=ORIENTED_EDGE('',*,*,#14411,.T.);
#14409=ORIENTED_EDGE('',*,*,#14412,.T.);
#14410=EDGE_CURVE('',#683,#449,#14413,.F.);
#14411=EDGE_CURVE('',#449,#103,#14414,.T.);
#14412=EDGE_CURVE('',#103,#683,#14415,.T.);
#14413=LINE('',#682,#14416);
#14414=LINE('',#448,#14417);
#14415=LINE('',#102,#14418);
#14416=VECTOR('',#14419,1.0);
#14417=VECTOR('',#14420,1.0);
#14418=VECTOR('',#14421,1.0);
#14419=DIRECTION('',(0.026320261058918226,0.017657623169177447,-0.9994975998979716));
#14420=DIRECTION('',(-0.8304335555109672,-0.5571176804602537,3.080893622023126E-16));
#14421=DIRECTION('',(0,0,1));
#14422=FACE_SURFACE('',(#14427),#14423,.T.);
#14423=PLANE('',#14424);
#14424=AXIS2_PLACEMENT_3D('',#388,#14425,#14426);
#14425=DIRECTION('',(-2.220444362606721E-16,-2.220446049250313E-16,-1));
#14426=DIRECTION('',(0,-1,2.220446049250313E-16));
#14427=FACE_BOUND('',#14428,.T.);
#14428=EDGE_LOOP('',(#14429,#14430,#14431));
#14429=ORIENTED_EDGE('',*,*,#14432,.T.);
#14430=ORIENTED_EDGE('',*,*,#14433,.T.);
#14431=ORIENTED_EDGE('',*,*,#14434,.T.);
#14432=EDGE_CURVE('',#389,#75,#14435,.F.);
#14433=EDGE_CURVE('',#75,#693,#14436,.T.);
#14434=EDGE_CURVE('',#693,#389,#14437,.T.);
#14435=LINE('',#388,#14438);
#14436=LINE('',#74,#14439);
#14437=LINE('',#692,#14440);
#14438=VECTOR('',#14441,1.0);
#14439=VECTOR('',#14442,1.0);
#14440=VECTOR('',#14443,1.0);
#14441=DIRECTION('',(0,-1,2.220446049250313E-16));
#14442=DIRECTION('',(-0.6473455212735916,0.7621966780871076,-2.5502188923957526E-17));
#14443=DIRECTION('',(0.1852842858189074,0.982684961434018,-2.593412388200067E-16));
#14444=FACE_SURFACE('',(#14449),#14445,.T.);
#14445=PLANE('',#14446);
#14446=AXIS2_PLACEMENT_3D('',#384,#14447,#14448);
#14447=DIRECTION('',(-0.3256677024511265,-0.9454842926142161,0));
#14448=DIRECTION('',(0.9454842926142162,-0.3256677024511265,-1.376269298887433E-16));
#14449=FACE_BOUND('',#14450,.T.);
#14450=EDGE_LOOP('',(#14451,#14452,#14453));
#14451=ORIENTED_EDGE('',*,*,#14454,.T.);
#14452=ORIENTED_EDGE('',*,*,#14455,.T.);
#14453=ORIENTED_EDGE('',*,*,#14456,.T.);
#14454=EDGE_CURVE('',#385,#501,#14457,.F.);
#14455=EDGE_CURVE('',#501,#283,#14458,.T.);
#14456=EDGE_CURVE('',#283,#385,#14459,.T.);
#14457=LINE('',#384,#14460);
#14458=LINE('',#500,#14461);
#14459=LINE('',#282,#14462);
#14460=VECTOR('',#14463,1.0);
#14461=VECTOR('',#14464,1.0);
#14462=VECTOR('',#14465,1.0);
#14463=DIRECTION('',(0.9454842926142162,-0.3256677024511265,-1.376269298887433E-16));
#14464=DIRECTION('',(0,0,1));
#14465=DIRECTION('',(-0.029984960503960763,0.010328181305278563,-0.9994969888971658));
#14466=FACE_SURFACE('',(#14471),#14467,.T.);
#14467=PLANE('',#14468);
#14468=AXIS2_PLACEMENT_3D('',#592,#14469,#14470);
#14469=DIRECTION('',(-0.9817806988108974,-0.1900175240402477,-0));
#14470=DIRECTION('',(-0.19001752404024772,0.9817806988108974,0));
#14471=FACE_BOUND('',#14472,.T.);
#14472=EDGE_LOOP('',(#14473,#14474,#14475));
#14473=ORIENTED_EDGE('',*,*,#14476,.T.);
#14474=ORIENTED_EDGE('',*,*,#14477,.T.);
#14475=ORIENTED_EDGE('',*,*,#14478,.T.);
#14476=EDGE_CURVE('',#593,#565,#14479,.F.);
#14477=EDGE_CURVE('',#565,#585,#14480,.T.);
#14478=EDGE_CURVE('',#585,#593,#14481,.T.);
#14479=LINE('',#592,#14482);
#14480=LINE('',#564,#14483);
#14481=LINE('',#584,#14484);
#14482=VECTOR('',#14485,1.0);
#14483=VECTOR('',#14486,1.0);
#14484=VECTOR('',#14487,1.0);
#14485=DIRECTION('',(-0.19001752404024772,0.9817806988108974,0));
#14486=DIRECTION('',(0.005996894287587613,-0.030984695196406103,-0.9995018688939452));
#14487=DIRECTION('',(0,0,1));
#14488=FACE_SURFACE('',(#14493),#14489,.T.);
#14489=PLANE('',#14490);
#14490=AXIS2_PLACEMENT_3D('',#570,#14491,#14492);
#14491=DIRECTION('',(-0.9817806988108974,-0.1900175240402477,0));
#14492=DIRECTION('',(0.19001752404024772,-0.9817806988108974,1.7579779943382644E-16));
#14493=FACE_BOUND('',#14494,.T.);
#14494=EDGE_LOOP('',(#14495,#14496,#14497));
#14495=ORIENTED_EDGE('',*,*,#14498,.T.);
#14496=ORIENTED_EDGE('',*,*,#14499,.T.);
#14497=ORIENTED_EDGE('',*,*,#14500,.T.);
#14498=EDGE_CURVE('',#571,#585,#14501,.F.);
#14499=EDGE_CURVE('',#585,#565,#14502,.T.);
#14500=EDGE_CURVE('',#565,#571,#14503,.T.);
#14501=LINE('',#570,#14504);
#14502=LINE('',#584,#14505);
#14503=LINE('',#564,#14506);
#14504=VECTOR('',#14507,1.0);
#14505=VECTOR('',#14508,1.0);
#14506=VECTOR('',#14509,1.0);
#14507=DIRECTION('',(0.19001752404024772,-0.9817806988108974,1.7579779943382644E-16));
#14508=DIRECTION('',(-0.005996894287587613,0.030984695196406103,0.9995018688939452));
#14509=DIRECTION('',(0,0,-1));
#14510=FACE_SURFACE('',(#14515),#14511,.T.);
#14511=PLANE('',#14512);
#14512=AXIS2_PLACEMENT_3D('',#458,#14513,#14514);
#14513=DIRECTION('',(0.8304242795769872,-0.5571315068177726,0));
#14514=DIRECTION('',(-0.5571315068177726,-0.8304242795769873,0));
#14515=FACE_BOUND('',#14516,.T.);
#14516=EDGE_LOOP('',(#14517,#14518,#14519));
#14517=ORIENTED_EDGE('',*,*,#14520,.T.);
#14518=ORIENTED_EDGE('',*,*,#14521,.T.);
#14519=ORIENTED_EDGE('',*,*,#14522,.T.);
#14520=EDGE_CURVE('',#459,#461,#14523,.F.);
#14521=EDGE_CURVE('',#461,#327,#14524,.T.);
#14522=EDGE_CURVE('',#327,#459,#14525,.T.);
#14523=LINE('',#458,#14526);
#14524=LINE('',#460,#14527);
#14525=LINE('',#326,#14528);
#14526=VECTOR('',#14529,1.0);
#14527=VECTOR('',#14530,1.0);
#14528=VECTOR('',#14531,1.0);
#14529=DIRECTION('',(-0.5571315068177726,-0.8304242795769873,0));
#14530=DIRECTION('',(0,0,-1));
#14531=DIRECTION('',(0.01765825843449469,0.026320260763579083,0.9994975886826329));
#14532=FACE_SURFACE('',(#14537),#14533,.T.);
#14533=PLANE('',#14534);
#14534=AXIS2_PLACEMENT_3D('',#634,#14535,#14536);
#14535=DIRECTION('',(-0.4388319306236276,0.8985691607578905,0));
#14536=DIRECTION('',(0.8985691607578904,0.43883193062362763,0));
#14537=FACE_BOUND('',#14538,.T.);
#14538=EDGE_LOOP('',(#14539,#14540,#14541));
#14539=ORIENTED_EDGE('',*,*,#14542,.T.);
#14540=ORIENTED_EDGE('',*,*,#14543,.T.);
#14541=ORIENTED_EDGE('',*,*,#14544,.T.);
#14542=EDGE_CURVE('',#635,#683,#14545,.F.);
#14543=EDGE_CURVE('',#683,#99,#14546,.T.);
#14544=EDGE_CURVE('',#99,#635,#14547,.T.);
#14545=LINE('',#634,#14548);
#14546=LINE('',#682,#14549);
#14547=LINE('',#98,#14550);
#14548=VECTOR('',#14551,1.0);
#14549=VECTOR('',#14552,1.0);
#14550=VECTOR('',#14553,1.0);
#14551=DIRECTION('',(0.8985691607578904,0.43883193062362763,0));
#14552=DIRECTION('',(-0.028652236974753612,-0.013992819937990963,-0.9994914958650352));
#14553=DIRECTION('',(0,0,1));
#14554=FACE_SURFACE('',(#14559),#14555,.T.);
#14555=PLANE('',#14556);
#14556=AXIS2_PLACEMENT_3D('',#282,#14557,#14558);
#14557=DIRECTION('',(-0.4388321177991767,-0.8985690693474205,-0));
#14558=DIRECTION('',(0,0,-1));
#14559=FACE_BOUND('',#14560,.T.);
#14560=EDGE_LOOP('',(#14561,#14562,#14563));
#14561=ORIENTED_EDGE('',*,*,#14564,.T.);
#14562=ORIENTED_EDGE('',*,*,#14565,.T.);
#14563=ORIENTED_EDGE('',*,*,#14566,.T.);
#14564=EDGE_CURVE('',#283,#501,#14567,.F.);
#14565=EDGE_CURVE('',#501,#503,#14568,.T.);
#14566=EDGE_CURVE('',#503,#283,#14569,.T.);
#14567=LINE('',#282,#14570);
#14568=LINE('',#500,#14571);
#14569=LINE('',#502,#14572);
#14570=VECTOR('',#14573,1.0);
#14571=VECTOR('',#14574,1.0);
#14572=VECTOR('',#14575,1.0);
#14573=DIRECTION('',(0,0,-1));
#14574=DIRECTION('',(0.8985690693474205,-0.43883211779917664,-1.0207547230377908E-16));
#14575=DIRECTION('',(-0.028652871785244265,0.01399313735078668,0.9994914732230288));
#14576=FACE_SURFACE('',(#14581),#14577,.T.);
#14577=PLANE('',#14578);
#14578=AXIS2_PLACEMENT_3D('',#592,#14579,#14580);
#14579=DIRECTION('',(-0.9980111554842794,-0.06303755649557884,-0));
#14580=DIRECTION('',(0,0,-1));
#14581=FACE_BOUND('',#14582,.T.);
#14582=EDGE_LOOP('',(#14583,#14584,#14585));
#14583=ORIENTED_EDGE('',*,*,#14586,.T.);
#14584=ORIENTED_EDGE('',*,*,#14587,.T.);
#14585=ORIENTED_EDGE('',*,*,#14588,.T.);
#14586=EDGE_CURVE('',#593,#585,#14589,.F.);
#14587=EDGE_CURVE('',#585,#595,#14590,.T.);
#14588=EDGE_CURVE('',#595,#593,#14591,.T.);
#14589=LINE('',#592,#14592);
#14590=LINE('',#584,#14593);
#14591=LINE('',#594,#14594);
#14592=VECTOR('',#14595,1.0);
#14593=VECTOR('',#14596,1.0);
#14594=VECTOR('',#14597,1.0);
#14595=DIRECTION('',(0,0,-1));
#14596=DIRECTION('',(0.0019991668214219367,-0.031650826909718086,0.9994969877333054));
#14597=DIRECTION('',(-0.06303755649557885,0.9980111554842795,0));
#14598=FACE_SURFACE('',(#14603),#14599,.T.);
#14599=PLANE('',#14600);
#14600=AXIS2_PLACEMENT_3D('',#118,#14601,#14602);
#14601=DIRECTION('',(-0.9980111554842794,-0.06303755649557884,0));
#14602=DIRECTION('',(0,0,1));
#14603=FACE_BOUND('',#14604,.T.);
#14604=EDGE_LOOP('',(#14605,#14606,#14607));
#14605=ORIENTED_EDGE('',*,*,#14608,.T.);
#14606=ORIENTED_EDGE('',*,*,#14609,.T.);
#14607=ORIENTED_EDGE('',*,*,#14610,.T.);
#14608=EDGE_CURVE('',#119,#595,#14611,.F.);
#14609=EDGE_CURVE('',#595,#585,#14612,.T.);
#14610=EDGE_CURVE('',#585,#119,#14613,.T.);
#14611=LINE('',#118,#14614);
#14612=LINE('',#594,#14615);
#14613=LINE('',#584,#14616);
#14614=VECTOR('',#14617,1.0);
#14615=VECTOR('',#14618,1.0);
#14616=VECTOR('',#14619,1.0);
#14617=DIRECTION('',(0,0,1));
#14618=DIRECTION('',(-0.0019991668214219367,0.031650826909718086,-0.9994969877333054));
#14619=DIRECTION('',(0.06303755649557885,-0.9980111554842795,2.0760806799739727E-16));
#14620=FACE_SURFACE('',(#14625),#14621,.T.);
#14621=PLANE('',#14622);
#14622=AXIS2_PLACEMENT_3D('',#366,#14623,#14624);
#14623=DIRECTION('',(0.747992174898728,-0.6637075457536027,0));
#14624=DIRECTION('',(0,0,1));
#14625=FACE_BOUND('',#14626,.T.);
#14626=EDGE_LOOP('',(#14627,#14628,#14629));
#14627=ORIENTED_EDGE('',*,*,#14630,.T.);
#14628=ORIENTED_EDGE('',*,*,#14631,.T.);
#14629=ORIENTED_EDGE('',*,*,#14632,.T.);
#14630=EDGE_CURVE('',#367,#463,#14633,.F.);
#14631=EDGE_CURVE('',#463,#459,#14634,.T.);
#14632=EDGE_CURVE('',#459,#367,#14635,.T.);
#14633=LINE('',#366,#14636);
#14634=LINE('',#462,#14637);
#14635=LINE('',#458,#14638);
#14636=VECTOR('',#14639,1.0);
#14637=VECTOR('',#14640,1.0);
#14638=VECTOR('',#14641,1.0);
#14639=DIRECTION('',(0,0,1));
#14640=DIRECTION('',(-0.6637075457536028,-0.747992174898728,0));
#14641=DIRECTION('',(0.020989404736230396,0.023654862143621204,-0.9994998211034282));
#14642=FACE_SURFACE('',(#14647),#14643,.T.);
#14643=PLANE('',#14644);
#14644=AXIS2_PLACEMENT_3D('',#530,#14645,#14646);
#14645=DIRECTION('',(-0.8985593833181306,-0.43885195072021804,-0));
#14646=DIRECTION('',(-0.4388519507202181,0.8985593833181307,0));
#14647=FACE_BOUND('',#14648,.T.);
#14648=EDGE_LOOP('',(#14649,#14650,#14651));
#14649=ORIENTED_EDGE('',*,*,#14652,.T.);
#14650=ORIENTED_EDGE('',*,*,#14653,.T.);
#14651=ORIENTED_EDGE('',*,*,#14654,.T.);
#14652=EDGE_CURVE('',#531,#855,#14655,.F.);
#14653=EDGE_CURVE('',#855,#749,#14656,.T.);
#14654=EDGE_CURVE('',#749,#531,#14657,.T.);
#14655=LINE('',#530,#14658);
#14656=LINE('',#854,#14659);
#14657=LINE('',#748,#14660);
#14658=VECTOR('',#14661,1.0);
#14659=VECTOR('',#14662,1.0);
#14660=VECTOR('',#14663,1.0);
#14661=DIRECTION('',(-0.4388519507202181,0.8985593833181307,0));
#14662=DIRECTION('',(0.013993455400530593,-0.028651919251025098,-0.9994914960764728));
#14663=DIRECTION('',(0,0,1));
#14664=FACE_SURFACE('',(#14669),#14665,.T.);
#14665=PLANE('',#14666);
#14666=AXIS2_PLACEMENT_3D('',#680,#14667,#14668);
#14667=DIRECTION('',(0.8304242795769872,-0.5571315068177725,0));
#14668=DIRECTION('',(0,0,1));
#14669=FACE_BOUND('',#14670,.T.);
#14670=EDGE_LOOP('',(#14671,#14672,#14673));
#14671=ORIENTED_EDGE('',*,*,#14674,.T.);
#14672=ORIENTED_EDGE('',*,*,#14675,.T.);
#14673=ORIENTED_EDGE('',*,*,#14676,.T.);
#14674=EDGE_CURVE('',#681,#405,#14677,.F.);
#14675=EDGE_CURVE('',#405,#581,#14678,.T.);
#14676=EDGE_CURVE('',#581,#681,#14679,.T.);
#14677=LINE('',#680,#14680);
#14678=LINE('',#404,#14681);
#14679=LINE('',#580,#14682);
#14680=VECTOR('',#14683,1.0);
#14681=VECTOR('',#14684,1.0);
#14682=VECTOR('',#14685,1.0);
#14683=DIRECTION('',(0,0,1));
#14684=DIRECTION('',(-0.01765825843449465,-0.026320260763579028,-0.9994975886826329));
#14685=DIRECTION('',(0.5571315068177726,0.8304242795769873,-3.0809482455011525E-16));
#14686=FACE_SURFACE('',(#14691),#14687,.T.);
#14687=PLANE('',#14688);
#14688=AXIS2_PLACEMENT_3D('',#462,#14689,#14690);
#14689=DIRECTION('',(0.6637125336103796,-0.7479877490497358,0));
#14690=DIRECTION('',(0,0,-1));
#14691=FACE_BOUND('',#14692,.T.);
#14692=EDGE_LOOP('',(#14693,#14694,#14695));
#14693=ORIENTED_EDGE('',*,*,#14696,.T.);
#14694=ORIENTED_EDGE('',*,*,#14697,.T.);
#14695=ORIENTED_EDGE('',*,*,#14698,.T.);
#14696=EDGE_CURVE('',#463,#367,#14699,.F.);
#14697=EDGE_CURVE('',#367,#481,#14700,.T.);
#14698=EDGE_CURVE('',#481,#463,#14701,.T.);
#14699=LINE('',#462,#14702);
#14700=LINE('',#366,#14703);
#14701=LINE('',#480,#14704);
#14702=VECTOR('',#14705,1.0);
#14703=VECTOR('',#14706,1.0);
#14704=VECTOR('',#14707,1.0);
#14705=DIRECTION('',(0,0,-1));
#14706=DIRECTION('',(0.02365454458896939,0.02098940489398396,0.9994998286155354));
#14707=DIRECTION('',(-0.7479877490497359,-0.6637125336103797,0));
#14708=FACE_SURFACE('',(#14713),#14709,.T.);
#14709=PLANE('',#14710);
#14710=AXIS2_PLACEMENT_3D('',#290,#14711,#14712);
#14711=DIRECTION('',(-0.6637125336103796,-0.7479877490497358,-0));
#14712=DIRECTION('',(-0.02365454458896939,0.02098940489398396,-0.9994998286155354));
#14713=FACE_BOUND('',#14714,.T.);
#14714=EDGE_LOOP('',(#14715,#14716,#14717));
#14715=ORIENTED_EDGE('',*,*,#14718,.T.);
#14716=ORIENTED_EDGE('',*,*,#14719,.T.);
#14717=ORIENTED_EDGE('',*,*,#14720,.T.);
#14718=EDGE_CURVE('',#291,#819,#14721,.F.);
#14719=EDGE_CURVE('',#819,#857,#14722,.T.);
#14720=EDGE_CURVE('',#857,#291,#14723,.T.);
#14721=LINE('',#290,#14724);
#14722=LINE('',#818,#14725);
#14723=LINE('',#856,#14726);
#14724=VECTOR('',#14727,1.0);
#14725=VECTOR('',#14728,1.0);
#14726=VECTOR('',#14729,1.0);
#14727=DIRECTION('',(-0.02365454458896939,0.02098940489398396,-0.9994998286155354));
#14728=DIRECTION('',(0.7479877490497359,-0.6637125336103797,-1.871285691720373E-17));
#14729=DIRECTION('',(0,0,1));
#14730=FACE_SURFACE('',(#14735),#14731,.T.);
#14731=PLANE('',#14732);
#14732=AXIS2_PLACEMENT_3D('',#194,#14733,#14734);
#14733=DIRECTION('',(-0.747992174898728,0.6637075457536028,0));
#14734=DIRECTION('',(0,0,1));
#14735=FACE_BOUND('',#14736,.T.);
#14736=EDGE_LOOP('',(#14737,#14738,#14739));
#14737=ORIENTED_EDGE('',*,*,#14740,.T.);
#14738=ORIENTED_EDGE('',*,*,#14741,.T.);
#14739=ORIENTED_EDGE('',*,*,#14742,.T.);
#14740=EDGE_CURVE('',#195,#613,#14743,.F.);
#14741=EDGE_CURVE('',#613,#191,#14744,.T.);
#14742=EDGE_CURVE('',#191,#195,#14745,.T.);
#14743=LINE('',#194,#14746);
#14744=LINE('',#612,#14747);
#14745=LINE('',#190,#14748);
#14746=VECTOR('',#14749,1.0);
#14747=VECTOR('',#14750,1.0);
#14748=VECTOR('',#14751,1.0);
#14749=DIRECTION('',(0,0,1));
#14750=DIRECTION('',(0.020989404736230455,0.023654862143621273,-0.9994998211034282));
#14751=DIRECTION('',(-0.6637075457536028,-0.747992174898728,3.1345807585371624E-16));
#14752=FACE_SURFACE('',(#14757),#14753,.T.);
#14753=PLANE('',#14754);
#14754=AXIS2_PLACEMENT_3D('',#384,#14755,#14756);
#14755=DIRECTION('',(-2.2204459711770545E-16,-2.220445822586634E-16,-1));
#14756=DIRECTION('',(0.20737505825410668,0.9782615116696075,-2.632641799607004E-16));
#14757=FACE_BOUND('',#14758,.T.);
#14758=EDGE_LOOP('',(#14759,#14760,#14761));
#14759=ORIENTED_EDGE('',*,*,#14762,.T.);
#14760=ORIENTED_EDGE('',*,*,#14763,.T.);
#14761=ORIENTED_EDGE('',*,*,#14764,.T.);
#14762=EDGE_CURVE('',#385,#389,#14765,.F.);
#14763=EDGE_CURVE('',#389,#501,#14766,.T.);
#14764=EDGE_CURVE('',#501,#385,#14767,.T.);
#14765=LINE('',#384,#14768);
#14766=LINE('',#388,#14769);
#14767=LINE('',#500,#14770);
#14768=VECTOR('',#14771,1.0);
#14769=VECTOR('',#14772,1.0);
#14770=VECTOR('',#14773,1.0);
#14771=DIRECTION('',(0.20737505825410668,0.9782615116696075,-2.632641799607004E-16));
#14772=DIRECTION('',(-0.20391397666178865,-0.9789888100085595,2.626571581487926E-16));
#14773=DIRECTION('',(-0.9454842926142162,0.3256677024511265,1.376269298887433E-16));
#14774=FACE_SURFACE('',(#14779),#14775,.T.);
#14775=PLANE('',#14776);
#14776=AXIS2_PLACEMENT_3D('',#706,#14777,#14778);
#14777=DIRECTION('',(-0.9454904622716915,-0.32564979004025624,0));
#14778=DIRECTION('',(0,0,1));
#14779=FACE_BOUND('',#14780,.T.);
#14780=EDGE_LOOP('',(#14781,#14782,#14783));
#14781=ORIENTED_EDGE('',*,*,#14784,.T.);
#14782=ORIENTED_EDGE('',*,*,#14785,.T.);
#14783=ORIENTED_EDGE('',*,*,#14786,.T.);
#14784=EDGE_CURVE('',#707,#533,#14787,.F.);
#14785=EDGE_CURVE('',#533,#749,#14788,.T.);
#14786=EDGE_CURVE('',#749,#707,#14789,.T.);
#14787=LINE('',#706,#14790);
#14788=LINE('',#532,#14791);
#14789=LINE('',#748,#14792);
#14790=VECTOR('',#14793,1.0);
#14791=VECTOR('',#14794,1.0);
#14792=VECTOR('',#14795,1.0);
#14793=DIRECTION('',(0,0,1));
#14794=DIRECTION('',(-0.010327545909986292,0.029984960700751486,-0.9994969954568406));
#14795=DIRECTION('',(0.3256497900402563,-0.9454904622716916,1.3762337873526084E-16));
#14796=FACE_SURFACE('',(#14801),#14797,.T.);
#14797=PLANE('',#14798);
#14798=AXIS2_PLACEMENT_3D('',#530,#14799,#14800);
#14799=DIRECTION('',(-0.9454904622716915,-0.32564979004025624,-0));
#14800=DIRECTION('',(0,0,-1));
#14801=FACE_BOUND('',#14802,.T.);
#14802=EDGE_LOOP('',(#14803,#14804,#14805));
#14803=ORIENTED_EDGE('',*,*,#14806,.T.);
#14804=ORIENTED_EDGE('',*,*,#14807,.T.);
#14805=ORIENTED_EDGE('',*,*,#14808,.T.);
#14806=EDGE_CURVE('',#531,#749,#14809,.F.);
#14807=EDGE_CURVE('',#749,#533,#14810,.T.);
#14808=EDGE_CURVE('',#533,#531,#14811,.T.);
#14809=LINE('',#530,#14812);
#14810=LINE('',#748,#14813);
#14811=LINE('',#532,#14814);
#14812=VECTOR('',#14815,1.0);
#14813=VECTOR('',#14816,1.0);
#14814=VECTOR('',#14817,1.0);
#14815=DIRECTION('',(0,0,-1));
#14816=DIRECTION('',(0.010327545909986292,-0.029984960700751486,0.9994969954568406));
#14817=DIRECTION('',(-0.3256497900402563,0.9454904622716916,0));
#14818=FACE_SURFACE('',(#14823),#14819,.T.);
#14819=PLANE('',#14820);
#14820=AXIS2_PLACEMENT_3D('',#410,#14821,#14822);
#14821=DIRECTION('',(0.7479877490497359,-0.6637125336103797,0));
#14822=DIRECTION('',(-0.6637125336103797,-0.7479877490497359,0));
#14823=FACE_BOUND('',#14824,.T.);
#14824=EDGE_LOOP('',(#14825,#14826,#14827));
#14825=ORIENTED_EDGE('',*,*,#14828,.T.);
#14826=ORIENTED_EDGE('',*,*,#14829,.T.);
#14827=ORIENTED_EDGE('',*,*,#14830,.T.);
#14828=EDGE_CURVE('',#411,#405,#14831,.F.);
#14829=EDGE_CURVE('',#405,#681,#14832,.T.);
#14830=EDGE_CURVE('',#681,#411,#14833,.T.);
#14831=LINE('',#410,#14834);
#14832=LINE('',#404,#14835);
#14833=LINE('',#680,#14836);
#14834=VECTOR('',#14837,1.0);
#14835=VECTOR('',#14838,1.0);
#14836=VECTOR('',#14839,1.0);
#14837=DIRECTION('',(-0.6637125336103797,-0.7479877490497359,0));
#14838=DIRECTION('',(0,0,-1));
#14839=DIRECTION('',(0.020989404893983925,0.02365454458896935,0.9994998286155355));
#14840=FACE_SURFACE('',(#14845),#14841,.T.);
#14841=PLANE('',#14842);
#14842=AXIS2_PLACEMENT_3D('',#290,#14843,#14844);
#14843=DIRECTION('',(-0.747992174898728,-0.6637075457536027,-0));
#14844=DIRECTION('',(0,0,-1));
#14845=FACE_BOUND('',#14846,.T.);
#14846=EDGE_LOOP('',(#14847,#14848,#14849));
#14847=ORIENTED_EDGE('',*,*,#14850,.T.);
#14848=ORIENTED_EDGE('',*,*,#14851,.T.);
#14849=ORIENTED_EDGE('',*,*,#14852,.T.);
#14850=EDGE_CURVE('',#291,#857,#14853,.F.);
#14851=EDGE_CURVE('',#857,#823,#14854,.T.);
#14852=EDGE_CURVE('',#823,#291,#14855,.T.);
#14853=LINE('',#290,#14856);
#14854=LINE('',#856,#14857);
#14855=LINE('',#822,#14858);
#14856=VECTOR('',#14859,1.0);
#14857=VECTOR('',#14860,1.0);
#14858=VECTOR('',#14861,1.0);
#14859=DIRECTION('',(0,0,-1));
#14860=DIRECTION('',(0.6637075457536028,-0.747992174898728,1.8712716288474476E-17));
#14861=DIRECTION('',(-0.020989404736230396,0.023654862143621204,0.9994998211034282));
#14862=FACE_SURFACE('',(#14867),#14863,.T.);
#14863=PLANE('',#14864);
#14864=AXIS2_PLACEMENT_3D('',#480,#14865,#14866);
#14865=DIRECTION('',(0.5571084046574509,-0.8304397783464073,0));
#14866=DIRECTION('',(0.026320896082141172,0.017657622873840095,-0.999497583180609));
#14867=FACE_BOUND('',#14868,.T.);
#14868=EDGE_LOOP('',(#14869,#14870,#14871));
#14869=ORIENTED_EDGE('',*,*,#14872,.T.);
#14870=ORIENTED_EDGE('',*,*,#14873,.T.);
#14871=ORIENTED_EDGE('',*,*,#14874,.T.);
#14872=EDGE_CURVE('',#481,#507,#14875,.F.);
#14873=EDGE_CURVE('',#507,#529,#14876,.T.);
#14874=EDGE_CURVE('',#529,#481,#14877,.T.);
#14875=LINE('',#480,#14878);
#14876=LINE('',#506,#14879);
#14877=LINE('',#528,#14880);
#14878=VECTOR('',#14881,1.0);
#14879=VECTOR('',#14882,1.0);
#14880=VECTOR('',#14883,1.0);
#14881=DIRECTION('',(0.026320896082141172,0.017657622873840095,-0.999497583180609));
#14882=DIRECTION('',(0,0,1));
#14883=DIRECTION('',(-0.8304397783464071,-0.5571084046574509,0));
#14884=FACE_SURFACE('',(#14889),#14885,.T.);
#14885=PLANE('',#14886);
#14886=AXIS2_PLACEMENT_3D('',#192,#14887,#14888);
#14887=DIRECTION('',(-0.6637025579422815,0.747996600647939,0));
#14888=DIRECTION('',(0,0,1));
#14889=FACE_BOUND('',#14890,.T.);
#14890=EDGE_LOOP('',(#14891,#14892,#14893));
#14891=ORIENTED_EDGE('',*,*,#14894,.T.);
#14892=ORIENTED_EDGE('',*,*,#14895,.T.);
#14893=ORIENTED_EDGE('',*,*,#14896,.T.);
#14894=EDGE_CURVE('',#193,#609,#14897,.F.);
#14895=EDGE_CURVE('',#609,#613,#14898,.T.);
#14896=EDGE_CURVE('',#613,#193,#14899,.T.);
#14897=LINE('',#192,#14900);
#14898=LINE('',#608,#14901);
#14899=LINE('',#612,#14902);
#14900=VECTOR('',#14903,1.0);
#14901=VECTOR('',#14904,1.0);
#14902=VECTOR('',#14905,1.0);
#14903=DIRECTION('',(0,0,1));
#14904=DIRECTION('',(0.7479966006479392,0.6637025579422815,0));
#14905=DIRECTION('',(-0.023655179698265923,-0.020989404578474775,-0.9994998135912201));
#14906=FACE_SURFACE('',(#14911),#14907,.T.);
#14907=PLANE('',#14908);
#14908=AXIS2_PLACEMENT_3D('',#192,#14909,#14910);
#14909=DIRECTION('',(-0.6637025579422815,0.747996600647939,0));
#14910=DIRECTION('',(0.023655179698265923,0.020989404578474775,0.9994998135912201));
#14911=FACE_BOUND('',#14912,.T.);
#14912=EDGE_LOOP('',(#14913,#14914,#14915));
#14913=ORIENTED_EDGE('',*,*,#14916,.T.);
#14914=ORIENTED_EDGE('',*,*,#14917,.T.);
#14915=ORIENTED_EDGE('',*,*,#14918,.T.);
#14916=EDGE_CURVE('',#193,#613,#14919,.F.);
#14917=EDGE_CURVE('',#613,#195,#14920,.T.);
#14918=EDGE_CURVE('',#195,#193,#14921,.T.);
#14919=LINE('',#192,#14922);
#14920=LINE('',#612,#14923);
#14921=LINE('',#194,#14924);
#14922=VECTOR('',#14925,1.0);
#14923=VECTOR('',#14926,1.0);
#14924=VECTOR('',#14927,1.0);
#14925=DIRECTION('',(0.023655179698265923,0.020989404578474775,0.9994998135912201));
#14926=DIRECTION('',(0,0,-1));
#14927=DIRECTION('',(-0.7479966006479392,-0.6637025579422815,3.1345572019308E-16));
#14928=FACE_SURFACE('',(#14933),#14929,.T.);
#14929=PLANE('',#14930);
#14930=AXIS2_PLACEMENT_3D('',#856,#14931,#14932);
#14931=DIRECTION('',(-2.2204459277617354E-16,-2.2204459123356652E-16,-1));
#14932=DIRECTION('',(-0.7479877490497359,0.6637125336103797,1.871285691720373E-17));
#14933=FACE_BOUND('',#14934,.T.);
#14934=EDGE_LOOP('',(#14935,#14936,#14937));
#14935=ORIENTED_EDGE('',*,*,#14938,.T.);
#14936=ORIENTED_EDGE('',*,*,#14939,.T.);
#14937=ORIENTED_EDGE('',*,*,#14940,.T.);
#14938=EDGE_CURVE('',#857,#819,#14941,.F.);
#14939=EDGE_CURVE('',#819,#389,#14942,.T.);
#14940=EDGE_CURVE('',#389,#857,#14943,.T.);
#14941=LINE('',#856,#14944);
#14942=LINE('',#818,#14945);
#14943=LINE('',#388,#14946);
#14944=VECTOR('',#14947,1.0);
#14945=VECTOR('',#14948,1.0);
#14946=VECTOR('',#14949,1.0);
#14947=DIRECTION('',(-0.7479877490497359,0.6637125336103797,1.871285691720373E-17));
#14948=DIRECTION('',(0.19729407434675855,0.9803443518619647,-2.6148824327280375E-16));
#14949=DIRECTION('',(-0.19429462963203395,-0.9809432179775498,2.609552077744068E-16));
#14950=FACE_SURFACE('',(#14955),#14951,.T.);
#14951=PLANE('',#14952);
#14952=AXIS2_PLACEMENT_3D('',#502,#14953,#14954);
#14953=DIRECTION('',(-2.220493187225642E-16,-2.2204364013794714E-16,-1));
#14954=DIRECTION('',(0.2005161720228323,0.9796903922961121,-2.6205850030412855E-16));
#14955=FACE_BOUND('',#14956,.T.);
#14956=EDGE_LOOP('',(#14957,#14958,#14959));
#14957=ORIENTED_EDGE('',*,*,#14960,.T.);
#14958=ORIENTED_EDGE('',*,*,#14961,.T.);
#14959=ORIENTED_EDGE('',*,*,#14962,.T.);
#14960=EDGE_CURVE('',#503,#389,#14963,.F.);
#14961=EDGE_CURVE('',#389,#819,#14964,.T.);
#14962=EDGE_CURVE('',#819,#503,#14965,.T.);
#14963=LINE('',#502,#14966);
#14964=LINE('',#388,#14967);
#14965=LINE('',#818,#14968);
#14966=VECTOR('',#14969,1.0);
#14967=VECTOR('',#14970,1.0);
#14968=VECTOR('',#14971,1.0);
#14969=DIRECTION('',(0.2005161720228323,0.9796903922961121,-2.6205850030412855E-16));
#14970=DIRECTION('',(-0.19729407434675855,-0.9803443518619647,2.6148824327280375E-16));
#14971=DIRECTION('',(-0.8304273323646918,0.557126956502431,6.068932595940066E-17));
#14972=FACE_SURFACE('',(#14977),#14973,.T.);
#14973=PLANE('',#14974);
#14974=AXIS2_PLACEMENT_3D('',#138,#14975,#14976);
#14975=DIRECTION('',(0.7479877490497359,-0.6637125336103797,0));
#14976=DIRECTION('',(0,0,1));
#14977=FACE_BOUND('',#14978,.T.);
#14978=EDGE_LOOP('',(#14979,#14980,#14981));
#14979=ORIENTED_EDGE('',*,*,#14982,.T.);
#14980=ORIENTED_EDGE('',*,*,#14983,.T.);
#14981=ORIENTED_EDGE('',*,*,#14984,.T.);
#14982=EDGE_CURVE('',#139,#411,#14985,.F.);
#14983=EDGE_CURVE('',#411,#681,#14986,.T.);
#14984=EDGE_CURVE('',#681,#139,#14987,.T.);
#14985=LINE('',#138,#14988);
#14986=LINE('',#410,#14989);
#14987=LINE('',#680,#14990);
#14988=VECTOR('',#14991,1.0);
#14989=VECTOR('',#14992,1.0);
#14990=VECTOR('',#14993,1.0);
#14991=DIRECTION('',(0,0,1));
#14992=DIRECTION('',(-0.020989404893983925,-0.02365454458896935,-0.9994998286155355));
#14993=DIRECTION('',(0.6637125336103797,0.7479877490497359,-3.134626624438935E-16));
#14994=FACE_SURFACE('',(#14999),#14995,.T.);
#14995=PLANE('',#14996);
#14996=AXIS2_PLACEMENT_3D('',#568,#14997,#14998);
#14997=DIRECTION('',(-0.9817769422679221,-0.1900369322817254,-0));
#14998=DIRECTION('',(-0.1900369322817254,0.9817769422679222,0));
#14999=FACE_BOUND('',#15000,.T.);
#15000=EDGE_LOOP('',(#15001,#15002,#15003));
#15001=ORIENTED_EDGE('',*,*,#15004,.T.);
#15002=ORIENTED_EDGE('',*,*,#15005,.T.);
#15003=ORIENTED_EDGE('',*,*,#15006,.T.);
#15004=EDGE_CURVE('',#569,#533,#15007,.F.);
#15005=EDGE_CURVE('',#533,#455,#15008,.T.);
#15006=EDGE_CURVE('',#455,#569,#15009,.T.);
#15007=LINE('',#568,#15010);
#15008=LINE('',#532,#15011);
#15009=LINE('',#454,#15012);
#15010=VECTOR('',#15013,1.0);
#15011=VECTOR('',#15014,1.0);
#15012=VECTOR('',#15015,1.0);
#15013=DIRECTION('',(-0.1900369322817254,0.9817769422679222,0));
#15014=DIRECTION('',(0.005997529730905263,-0.03098469507832271,-0.9995018650848183));
#15015=DIRECTION('',(0,0,1));
#15016=FACE_SURFACE('',(#15021),#15017,.T.);
#15017=PLANE('',#15018);
#15018=AXIS2_PLACEMENT_3D('',#706,#15019,#15020);
#15019=DIRECTION('',(-0.9817769422679221,-0.1900369322817254,0));
#15020=DIRECTION('',(0.1900369322817254,-0.9817769422679222,1.758150105228709E-16));
#15021=FACE_BOUND('',#15022,.T.);
#15022=EDGE_LOOP('',(#15023,#15024,#15025));
#15023=ORIENTED_EDGE('',*,*,#15026,.T.);
#15024=ORIENTED_EDGE('',*,*,#15027,.T.);
#15025=ORIENTED_EDGE('',*,*,#15028,.T.);
#15026=EDGE_CURVE('',#707,#455,#15029,.F.);
#15027=EDGE_CURVE('',#455,#533,#15030,.T.);
#15028=EDGE_CURVE('',#533,#707,#15031,.T.);
#15029=LINE('',#706,#15032);
#15030=LINE('',#454,#15033);
#15031=LINE('',#532,#15034);
#15032=VECTOR('',#15035,1.0);
#15033=VECTOR('',#15036,1.0);
#15034=VECTOR('',#15037,1.0);
#15035=DIRECTION('',(0.1900369322817254,-0.9817769422679222,1.758150105228709E-16));
#15036=DIRECTION('',(-0.005997529730905263,0.03098469507832271,0.9995018650848183));
#15037=DIRECTION('',(0,0,-1));
#15038=FACE_SURFACE('',(#15043),#15039,.T.);
#15039=PLANE('',#15040);
#15040=AXIS2_PLACEMENT_3D('',#528,#15041,#15042);
#15041=DIRECTION('',(0.4388478346233841,-0.8985613935877541,0));
#15042=DIRECTION('',(0,0,-1));
#15043=FACE_BOUND('',#15044,.T.);
#15044=EDGE_LOOP('',(#15045,#15046,#15047));
#15045=ORIENTED_EDGE('',*,*,#15048,.T.);
#15046=ORIENTED_EDGE('',*,*,#15049,.T.);
#15047=ORIENTED_EDGE('',*,*,#15050,.T.);
#15048=EDGE_CURVE('',#529,#507,#15051,.F.);
#15049=EDGE_CURVE('',#507,#173,#15052,.T.);
#15050=EDGE_CURVE('',#173,#529,#15053,.T.);
#15051=LINE('',#528,#15054);
#15052=LINE('',#506,#15055);
#15053=LINE('',#172,#15056);
#15054=VECTOR('',#15057,1.0);
#15055=VECTOR('',#15058,1.0);
#15056=VECTOR('',#15059,1.0);
#15057=DIRECTION('',(0,0,-1));
#15058=DIRECTION('',(0.02865160190945309,0.013993137860342258,0.9994915096191881));
#15059=DIRECTION('',(-0.8985613935877542,-0.4388478346233841,0));
#15060=FACE_SURFACE('',(#15065),#15061,.T.);
#15061=PLANE('',#15062);
#15062=AXIS2_PLACEMENT_3D('',#822,#15063,#15064);
#15063=DIRECTION('',(-2.22047337964607E-16,-2.2204404749631429E-16,-1));
#15064=DIRECTION('',(-0.6637075457536028,0.747992174898728,-1.8712716288474476E-17));
#15065=FACE_BOUND('',#15066,.T.);
#15066=EDGE_LOOP('',(#15067,#15068,#15069));
#15067=ORIENTED_EDGE('',*,*,#15070,.T.);
#15068=ORIENTED_EDGE('',*,*,#15071,.T.);
#15069=ORIENTED_EDGE('',*,*,#15072,.T.);
#15070=EDGE_CURVE('',#823,#857,#15073,.F.);
#15071=EDGE_CURVE('',#857,#389,#15074,.T.);
#15072=EDGE_CURVE('',#389,#823,#15075,.T.);
#15073=LINE('',#822,#15076);
#15074=LINE('',#856,#15077);
#15075=LINE('',#388,#15078);
#15076=VECTOR('',#15079,1.0);
#15077=VECTOR('',#15080,1.0);
#15078=VECTOR('',#15081,1.0);
#15079=DIRECTION('',(-0.6637075457536028,0.747992174898728,-1.8712716288474476E-17));
#15080=DIRECTION('',(0.19429462963203395,0.9809432179775498,-2.609552077744068E-16));
#15081=DIRECTION('',(-0.19153492948357767,-0.9814857975476369,2.6046290026669254E-16));
#15082=FACE_SURFACE('',(#15087),#15083,.T.);
#15083=PLANE('',#15084);
#15084=AXIS2_PLACEMENT_3D('',#608,#15085,#15086);
#15085=DIRECTION('',(-0.5571269565024312,0.8304273323646918,0));
#15086=DIRECTION('',(0,0,-1));
#15087=FACE_BOUND('',#15088,.T.);
#15088=EDGE_LOOP('',(#15089,#15090,#15091));
#15089=ORIENTED_EDGE('',*,*,#15092,.T.);
#15090=ORIENTED_EDGE('',*,*,#15093,.T.);
#15091=ORIENTED_EDGE('',*,*,#15094,.T.);
#15092=EDGE_CURVE('',#609,#193,#15095,.F.);
#15093=EDGE_CURVE('',#193,#611,#15096,.T.);
#15094=EDGE_CURVE('',#611,#609,#15097,.T.);
#15095=LINE('',#608,#15098);
#15096=LINE('',#192,#15099);
#15097=LINE('',#610,#15100);
#15098=VECTOR('',#15101,1.0);
#15099=VECTOR('',#15102,1.0);
#15100=VECTOR('',#15103,1.0);
#15101=DIRECTION('',(0,0,-1));
#15102=DIRECTION('',(-0.02631962603566323,-0.01765762346450756,0.9994976166149314));
#15103=DIRECTION('',(0.8304273323646918,0.557126956502431,0));
#15104=FACE_SURFACE('',(#15109),#15105,.T.);
#15105=PLANE('',#15106);
#15106=AXIS2_PLACEMENT_3D('',#600,#15107,#15108);
#15107=DIRECTION('',(-0.5571269565024312,0.8304273323646918,0));
#15108=DIRECTION('',(0,0,1));
#15109=FACE_BOUND('',#15110,.T.);
#15110=EDGE_LOOP('',(#15111,#15112,#15113));
#15111=ORIENTED_EDGE('',*,*,#15114,.T.);
#15112=ORIENTED_EDGE('',*,*,#15115,.T.);
#15113=ORIENTED_EDGE('',*,*,#15116,.T.);
#15114=EDGE_CURVE('',#601,#611,#15117,.F.);
#15115=EDGE_CURVE('',#611,#193,#15118,.T.);
#15116=EDGE_CURVE('',#193,#601,#15119,.T.);
#15117=LINE('',#600,#15120);
#15118=LINE('',#610,#15121);
#15119=LINE('',#192,#15122);
#15120=VECTOR('',#15123,1.0);
#15121=VECTOR('',#15124,1.0);
#15122=VECTOR('',#15125,1.0);
#15123=DIRECTION('',(0,0,1));
#15124=DIRECTION('',(0.02631962603566323,0.01765762346450756,-0.9994976166149314));
#15125=DIRECTION('',(-0.8304273323646918,-0.557126956502431,3.081033958587355E-16));
#15126=FACE_SURFACE('',(#15131),#15127,.T.);
#15127=PLANE('',#15128);
#15128=AXIS2_PLACEMENT_3D('',#426,#15129,#15130);
#15129=DIRECTION('',(0.6637181547720366,-0.7479827611823705,0));
#15130=DIRECTION('',(-0.7479827611823705,-0.6637181547720366,0));
#15131=FACE_BOUND('',#15132,.T.);
#15132=EDGE_LOOP('',(#15133,#15134,#15135));
#15133=ORIENTED_EDGE('',*,*,#15136,.T.);
#15134=ORIENTED_EDGE('',*,*,#15137,.T.);
#15135=ORIENTED_EDGE('',*,*,#15138,.T.);
#15136=EDGE_CURVE('',#427,#411,#15139,.F.);
#15137=EDGE_CURVE('',#411,#575,#15140,.T.);
#15138=EDGE_CURVE('',#575,#427,#15141,.T.);
#15139=LINE('',#426,#15142);
#15140=LINE('',#410,#15143);
#15141=LINE('',#574,#15144);
#15142=VECTOR('',#15145,1.0);
#15143=VECTOR('',#15146,1.0);
#15144=VECTOR('',#15147,1.0);
#15145=DIRECTION('',(-0.7479827611823705,-0.6637181547720366,0));
#15146=DIRECTION('',(0.023654544431215646,0.020989722486440696,-0.999499821949806));
#15147=DIRECTION('',(0,0,1));
#15148=FACE_SURFACE('',(#15153),#15149,.T.);
#15149=PLANE('',#15150);
#15150=AXIS2_PLACEMENT_3D('',#138,#15151,#15152);
#15151=DIRECTION('',(0.6637181547720366,-0.7479827611823705,0));
#15152=DIRECTION('',(0.7479827611823705,0.6637181547720366,-3.1346168760199943E-16));
#15153=FACE_BOUND('',#15154,.T.);
#15154=EDGE_LOOP('',(#15155,#15156,#15157));
#15155=ORIENTED_EDGE('',*,*,#15158,.T.);
#15156=ORIENTED_EDGE('',*,*,#15159,.T.);
#15157=ORIENTED_EDGE('',*,*,#15160,.T.);
#15158=EDGE_CURVE('',#139,#575,#15161,.F.);
#15159=EDGE_CURVE('',#575,#411,#15162,.T.);
#15160=EDGE_CURVE('',#411,#139,#15163,.T.);
#15161=LINE('',#138,#15164);
#15162=LINE('',#574,#15165);
#15163=LINE('',#410,#15166);
#15164=VECTOR('',#15167,1.0);
#15165=VECTOR('',#15168,1.0);
#15166=VECTOR('',#15169,1.0);
#15167=DIRECTION('',(0.7479827611823705,0.6637181547720366,-3.1346168760199943E-16));
#15168=DIRECTION('',(-0.023654544431215646,-0.020989722486440696,0.999499821949806));
#15169=DIRECTION('',(0,0,-1));
#15170=FACE_SURFACE('',(#15175),#15171,.T.);
#15171=PLANE('',#15172);
#15172=AXIS2_PLACEMENT_3D('',#270,#15173,#15174);
#15173=DIRECTION('',(-0.8985672418541736,-0.43883585982299045,0));
#15174=DIRECTION('',(-0.43883585982299034,0.8985672418541735,0));
#15175=FACE_BOUND('',#15176,.T.);
#15176=EDGE_LOOP('',(#15177,#15178,#15179));
#15177=ORIENTED_EDGE('',*,*,#15180,.T.);
#15178=ORIENTED_EDGE('',*,*,#15181,.T.);
#15179=ORIENTED_EDGE('',*,*,#15182,.T.);
#15180=EDGE_CURVE('',#271,#299,#15183,.F.);
#15181=EDGE_CURVE('',#299,#825,#15184,.T.);
#15182=EDGE_CURVE('',#825,#271,#15185,.T.);
#15183=LINE('',#270,#15186);
#15184=LINE('',#298,#15187);
#15185=LINE('',#824,#15188);
#15186=VECTOR('',#15189,1.0);
#15187=VECTOR('',#15190,1.0);
#15188=VECTOR('',#15191,1.0);
#15189=DIRECTION('',(-0.43883585982299034,0.8985672418541735,0));
#15190=DIRECTION('',(0,0,-1));
#15191=DIRECTION('',(0.013992820065376194,-0.02865191950579993,0.9994915049640247));
#15192=FACE_SURFACE('',(#15197),#15193,.T.);
#15193=PLANE('',#15194);
#15194=AXIS2_PLACEMENT_3D('',#568,#15195,#15196);
#15195=DIRECTION('',(-0.9980123760938275,-0.06301822881954519,-0));
#15196=DIRECTION('',(0,0,-1));
#15197=FACE_BOUND('',#15198,.T.);
#15198=EDGE_LOOP('',(#15199,#15200,#15201));
#15199=ORIENTED_EDGE('',*,*,#15202,.T.);
#15200=ORIENTED_EDGE('',*,*,#15203,.T.);
#15201=ORIENTED_EDGE('',*,*,#15204,.T.);
#15202=EDGE_CURVE('',#569,#455,#15205,.F.);
#15203=EDGE_CURVE('',#455,#205,#15206,.T.);
#15204=EDGE_CURVE('',#205,#569,#15207,.T.);
#15205=LINE('',#568,#15208);
#15206=LINE('',#454,#15209);
#15207=LINE('',#204,#15210);
#15208=VECTOR('',#15211,1.0);
#15209=VECTOR('',#15212,1.0);
#15210=VECTOR('',#15213,1.0);
#15211=DIRECTION('',(0,0,-1));
#15212=DIRECTION('',(0.06301822881954519,-0.9980123760938275,2.0760150756005646E-16));
#15213=DIRECTION('',(-0.001998531380987509,0.03165050953667563,0.9994969990542183));
#15214=FACE_SURFACE('',(#15219),#15215,.T.);
#15215=PLANE('',#15216);
#15216=AXIS2_PLACEMENT_3D('',#568,#15217,#15218);
#15217=DIRECTION('',(-0.9980123760938275,-0.06301822881954519,0));
#15218=DIRECTION('',(0.001998531380987509,-0.03165050953667563,-0.9994969990542183));
#15219=FACE_BOUND('',#15220,.T.);
#15220=EDGE_LOOP('',(#15221,#15222,#15223));
#15221=ORIENTED_EDGE('',*,*,#15224,.T.);
#15222=ORIENTED_EDGE('',*,*,#15225,.T.);
#15223=ORIENTED_EDGE('',*,*,#15226,.T.);
#15224=EDGE_CURVE('',#569,#205,#15227,.F.);
#15225=EDGE_CURVE('',#205,#567,#15228,.T.);
#15226=EDGE_CURVE('',#567,#569,#15229,.T.);
#15227=LINE('',#568,#15230);
#15228=LINE('',#204,#15231);
#15229=LINE('',#566,#15232);
#15230=VECTOR('',#15233,1.0);
#15231=VECTOR('',#15234,1.0);
#15232=VECTOR('',#15235,1.0);
#15233=DIRECTION('',(0.001998531380987509,-0.03165050953667563,-0.9994969990542183));
#15234=DIRECTION('',(0,0,1));
#15235=DIRECTION('',(-0.06301822881954519,0.9980123760938275,0));
#15236=FACE_SURFACE('',(#15241),#15237,.T.);
#15237=PLANE('',#15238);
#15238=AXIS2_PLACEMENT_3D('',#172,#15239,#15240);
#15239=DIRECTION('',(0.3256677024511265,-0.9454842926142161,0));
#15240=DIRECTION('',(0.029984960503960763,0.010328181305278563,-0.9994969888971658));
#15241=FACE_BOUND('',#15242,.T.);
#15242=EDGE_LOOP('',(#15243,#15244,#15245));
#15243=ORIENTED_EDGE('',*,*,#15246,.T.);
#15244=ORIENTED_EDGE('',*,*,#15247,.T.);
#15245=ORIENTED_EDGE('',*,*,#15248,.T.);
#15246=EDGE_CURVE('',#173,#513,#15249,.F.);
#15247=EDGE_CURVE('',#513,#175,#15250,.T.);
#15248=EDGE_CURVE('',#175,#173,#15251,.T.);
#15249=LINE('',#172,#15252);
#15250=LINE('',#512,#15253);
#15251=LINE('',#174,#15254);
#15252=VECTOR('',#15255,1.0);
#15253=VECTOR('',#15256,1.0);
#15254=VECTOR('',#15257,1.0);
#15255=DIRECTION('',(0.029984960503960763,0.010328181305278563,-0.9994969888971658));
#15256=DIRECTION('',(0,0,1));
#15257=DIRECTION('',(-0.9454842926142162,-0.3256677024511265,0));
#15258=FACE_SURFACE('',(#15263),#15259,.T.);
#15259=PLANE('',#15260);
#15260=AXIS2_PLACEMENT_3D('',#822,#15261,#15262);
#15261=DIRECTION('',(-2.22038387002869E-16,-2.220457942580398E-16,-1));
#15262=DIRECTION('',(0.19153492948357767,0.9814857975476369,-2.6046290026669254E-16));
#15263=FACE_BOUND('',#15264,.T.);
#15264=EDGE_LOOP('',(#15265,#15266,#15267));
#15265=ORIENTED_EDGE('',*,*,#15268,.T.);
#15266=ORIENTED_EDGE('',*,*,#15269,.T.);
#15267=ORIENTED_EDGE('',*,*,#15270,.T.);
#15268=EDGE_CURVE('',#823,#389,#15271,.F.);
#15269=EDGE_CURVE('',#389,#825,#15272,.T.);
#15270=EDGE_CURVE('',#825,#823,#15273,.T.);
#15271=LINE('',#822,#15274);
#15272=LINE('',#388,#15275);
#15273=LINE('',#824,#15276);
#15274=VECTOR('',#15277,1.0);
#15275=VECTOR('',#15278,1.0);
#15276=VECTOR('',#15279,1.0);
#15277=DIRECTION('',(0.19153492948357767,0.9814857975476369,-2.6046290026669254E-16));
#15278=DIRECTION('',(-0.18908831484106253,-0.9819600853347182,2.6002497150624024E-16));
#15279=DIRECTION('',(-0.5571315068177726,0.8304242795769873,-6.068763760753651E-17));
#15280=FACE_SURFACE('',(#15285),#15281,.T.);
#15281=PLANE('',#15282);
#15282=AXIS2_PLACEMENT_3D('',#426,#15283,#15284);
#15283=DIRECTION('',(0.5571084046574509,-0.8304397783464073,0));
#15284=DIRECTION('',(0,0,-1));
#15285=FACE_BOUND('',#15286,.T.);
#15286=EDGE_LOOP('',(#15287,#15288,#15289));
#15287=ORIENTED_EDGE('',*,*,#15290,.T.);
#15288=ORIENTED_EDGE('',*,*,#15291,.T.);
#15289=ORIENTED_EDGE('',*,*,#15292,.T.);
#15290=EDGE_CURVE('',#427,#575,#15293,.F.);
#15291=EDGE_CURVE('',#575,#573,#15294,.T.);
#15292=EDGE_CURVE('',#573,#427,#15295,.T.);
#15293=LINE('',#426,#15296);
#15294=LINE('',#574,#15297);
#15295=LINE('',#572,#15298);
#15296=VECTOR('',#15299,1.0);
#15297=VECTOR('',#15300,1.0);
#15298=VECTOR('',#15301,1.0);
#15299=DIRECTION('',(0,0,-1));
#15300=DIRECTION('',(0.8304397783464071,0.5571084046574509,-3.080931362825812E-16));
#15301=DIRECTION('',(-0.026320896082141117,-0.017657622873840057,0.999497583180609));
#15302=FACE_SURFACE('',(#15307),#15303,.T.);
#15303=PLANE('',#15304);
#15304=AXIS2_PLACEMENT_3D('',#834,#15305,#15306);
#15305=DIRECTION('',(-0.3256677024511265,0.9454842926142161,0));
#15306=DIRECTION('',(0,0,1));
#15307=FACE_BOUND('',#15308,.T.);
#15308=EDGE_LOOP('',(#15309,#15310,#15311));
#15309=ORIENTED_EDGE('',*,*,#15312,.T.);
#15310=ORIENTED_EDGE('',*,*,#15313,.T.);
#15311=ORIENTED_EDGE('',*,*,#15314,.T.);
#15312=EDGE_CURVE('',#835,#313,#15315,.F.);
#15313=EDGE_CURVE('',#313,#765,#15316,.T.);
#15314=EDGE_CURVE('',#765,#835,#15317,.T.);
#15315=LINE('',#834,#15318);
#15316=LINE('',#312,#15319);
#15317=LINE('',#764,#15320);
#15318=VECTOR('',#15321,1.0);
#15319=VECTOR('',#15322,1.0);
#15320=VECTOR('',#15323,1.0);
#15321=DIRECTION('',(0,0,1));
#15322=DIRECTION('',(0.029984960503960767,0.010328181305278565,-0.9994969888971658));
#15323=DIRECTION('',(-0.9454842926142162,-0.3256677024511265,2.8225244254394937E-16));
#15324=FACE_SURFACE('',(#15329),#15325,.T.);
#15325=PLANE('',#15326);
#15326=AXIS2_PLACEMENT_3D('',#598,#15327,#15328);
#15327=DIRECTION('',(-0.43883997608734004,0.8985652315706761,0));
#15328=DIRECTION('',(0,0,1));
#15329=FACE_BOUND('',#15330,.T.);
#15330=EDGE_LOOP('',(#15331,#15332,#15333));
#15331=ORIENTED_EDGE('',*,*,#15334,.T.);
#15332=ORIENTED_EDGE('',*,*,#15335,.T.);
#15333=ORIENTED_EDGE('',*,*,#15336,.T.);
#15334=EDGE_CURVE('',#599,#617,#15337,.F.);
#15335=EDGE_CURVE('',#617,#611,#15338,.T.);
#15336=EDGE_CURVE('',#611,#599,#15339,.T.);
#15337=LINE('',#598,#15340);
#15338=LINE('',#616,#15341);
#15339=LINE('',#610,#15342);
#15340=VECTOR('',#15343,1.0);
#15341=VECTOR('',#15344,1.0);
#15342=VECTOR('',#15345,1.0);
#15343=DIRECTION('',(0,0,1));
#15344=DIRECTION('',(0.8985652315706761,0.43883997608734,0));
#15345=DIRECTION('',(-0.028652236847366102,-0.013993137605567328,-0.9994914914213098));
#15346=FACE_SURFACE('',(#15351),#15347,.T.);
#15347=PLANE('',#15348);
#15348=AXIS2_PLACEMENT_3D('',#598,#15349,#15350);
#15349=DIRECTION('',(-0.43883997608734004,0.8985652315706761,0));
#15350=DIRECTION('',(0.028652236847366102,0.013993137605567328,0.9994914914213098));
#15351=FACE_BOUND('',#15352,.T.);
#15352=EDGE_LOOP('',(#15353,#15354,#15355));
#15353=ORIENTED_EDGE('',*,*,#15356,.T.);
#15354=ORIENTED_EDGE('',*,*,#15357,.T.);
#15355=ORIENTED_EDGE('',*,*,#15358,.T.);
#15356=EDGE_CURVE('',#599,#611,#15359,.F.);
#15357=EDGE_CURVE('',#611,#601,#15360,.T.);
#15358=EDGE_CURVE('',#601,#599,#15361,.T.);
#15359=LINE('',#598,#15362);
#15360=LINE('',#610,#15363);
#15361=LINE('',#600,#15364);
#15362=VECTOR('',#15365,1.0);
#15363=VECTOR('',#15366,1.0);
#15364=VECTOR('',#15367,1.0);
#15365=DIRECTION('',(0.028652236847366102,0.013993137605567328,0.9994914914213098));
#15366=DIRECTION('',(0,0,-1));
#15367=DIRECTION('',(-0.8985652315706761,-0.43883997608734,2.96965823489453E-16));
#15368=FACE_SURFACE('',(#15373),#15369,.T.);
#15369=PLANE('',#15370);
#15370=AXIS2_PLACEMENT_3D('',#174,#15371,#15372);
#15371=DIRECTION('',(0.19001376774760106,-0.98178142581043,0));
#15372=DIRECTION('',(0,0,-1));
#15373=FACE_BOUND('',#15374,.T.);
#15374=EDGE_LOOP('',(#15375,#15376,#15377));
#15375=ORIENTED_EDGE('',*,*,#15378,.T.);
#15376=ORIENTED_EDGE('',*,*,#15379,.T.);
#15377=ORIENTED_EDGE('',*,*,#15380,.T.);
#15378=EDGE_CURVE('',#175,#513,#15381,.F.);
#15379=EDGE_CURVE('',#513,#515,#15382,.T.);
#15380=EDGE_CURVE('',#515,#175,#15383,.T.);
#15381=LINE('',#174,#15384);
#15382=LINE('',#512,#15385);
#15383=LINE('',#514,#15386);
#15384=VECTOR('',#15387,1.0);
#15385=VECTOR('',#15388,1.0);
#15386=VECTOR('',#15389,1.0);
#15387=DIRECTION('',(0,0,-1));
#15388=DIRECTION('',(0.9817814258104299,0.19001376774760106,-2.601818590810974E-16));
#15389=DIRECTION('',(-0.03098533005248149,-0.0059968941695091845,0.9995018492138262));
#15390=FACE_SURFACE('',(#15395),#15391,.T.);
#15391=PLANE('',#15392);
#15392=AXIS2_PLACEMENT_3D('',#174,#15393,#15394);
#15393=DIRECTION('',(0.19001376774760106,-0.98178142581043,0));
#15394=DIRECTION('',(0.03098533005248149,0.0059968941695091845,-0.9995018492138262));
#15395=FACE_BOUND('',#15396,.T.);
#15396=EDGE_LOOP('',(#15397,#15398,#15399));
#15397=ORIENTED_EDGE('',*,*,#15400,.T.);
#15398=ORIENTED_EDGE('',*,*,#15401,.T.);
#15399=ORIENTED_EDGE('',*,*,#15402,.T.);
#15400=EDGE_CURVE('',#175,#515,#15403,.F.);
#15401=EDGE_CURVE('',#515,#179,#15404,.T.);
#15402=EDGE_CURVE('',#179,#175,#15405,.T.);
#15403=LINE('',#174,#15406);
#15404=LINE('',#514,#15407);
#15405=LINE('',#178,#15408);
#15406=VECTOR('',#15409,1.0);
#15407=VECTOR('',#15410,1.0);
#15408=VECTOR('',#15411,1.0);
#15409=DIRECTION('',(0.03098533005248149,0.0059968941695091845,-0.9995018492138262));
#15410=DIRECTION('',(0,0,1));
#15411=DIRECTION('',(-0.9817814258104299,-0.19001376774760106,0));
#15412=FACE_SURFACE('',(#15417),#15413,.T.);
#15413=PLANE('',#15414);
#15414=AXIS2_PLACEMENT_3D('',#764,#15415,#15416);
#15415=DIRECTION('',(-2.2204457334597579E-16,-2.2204469660590953E-16,-1));
#15416=DIRECTION('',(0.7331242900747411,-0.6800946811308017,-1.177485306423564E-17));
#15417=FACE_BOUND('',#15418,.T.);
#15418=EDGE_LOOP('',(#15419,#15420,#15421));
#15419=ORIENTED_EDGE('',*,*,#15422,.T.);
#15420=ORIENTED_EDGE('',*,*,#15423,.T.);
#15421=ORIENTED_EDGE('',*,*,#15424,.T.);
#15422=EDGE_CURVE('',#765,#75,#15425,.F.);
#15423=EDGE_CURVE('',#75,#835,#15426,.T.);
#15424=EDGE_CURVE('',#835,#765,#15427,.T.);
#15425=LINE('',#764,#15428);
#15426=LINE('',#74,#15429);
#15427=LINE('',#834,#15430);
#15428=VECTOR('',#15431,1.0);
#15429=VECTOR('',#15432,1.0);
#15430=VECTOR('',#15433,1.0);
#15431=DIRECTION('',(0.7331242900747411,-0.6800946811308017,-1.177485306423564E-17));
#15432=DIRECTION('',(-0.7407145242504952,0.671819911556931,1.5297592072900955E-17));
#15433=DIRECTION('',(0.9454842926142162,0.3256677024511265,-2.8225244254394937E-16));
#15434=FACE_SURFACE('',(#15439),#15435,.T.);
#15435=PLANE('',#15436);
#15436=AXIS2_PLACEMENT_3D('',#310,#15437,#15438);
#15437=DIRECTION('',(-0.19003098480468153,0.9817780934682556,0));
#15438=DIRECTION('',(0.03098406028125409,0.005997212127329576,-0.9995018866691485));
#15439=FACE_BOUND('',#15440,.T.);
#15440=EDGE_LOOP('',(#15441,#15442,#15443));
#15441=ORIENTED_EDGE('',*,*,#15444,.T.);
#15442=ORIENTED_EDGE('',*,*,#15445,.T.);
#15443=ORIENTED_EDGE('',*,*,#15446,.T.);
#15444=EDGE_CURVE('',#311,#835,#15447,.F.);
#15445=EDGE_CURVE('',#835,#729,#15448,.T.);
#15446=EDGE_CURVE('',#729,#311,#15449,.T.);
#15447=LINE('',#310,#15450);
#15448=LINE('',#834,#15451);
#15449=LINE('',#728,#15452);
#15450=VECTOR('',#15453,1.0);
#15451=VECTOR('',#15454,1.0);
#15452=VECTOR('',#15455,1.0);
#15453=DIRECTION('',(0.03098406028125409,0.005997212127329576,-0.9995018866691485));
#15454=DIRECTION('',(-0.9817780934682556,-0.19003098480468153,2.601961193481732E-16));
#15455=DIRECTION('',(0,0,1));
#15456=FACE_SURFACE('',(#15461),#15457,.T.);
#15457=PLANE('',#15458);
#15458=AXIS2_PLACEMENT_3D('',#516,#15459,#15460);
#15459=DIRECTION('',(0.07348666931640715,-0.997296199447677,0));
#15460=DIRECTION('',(0,0,1));
#15461=FACE_BOUND('',#15462,.T.);
#15462=EDGE_LOOP('',(#15463,#15464,#15465));
#15463=ORIENTED_EDGE('',*,*,#15466,.T.);
#15464=ORIENTED_EDGE('',*,*,#15467,.T.);
#15465=ORIENTED_EDGE('',*,*,#15468,.T.);
#15466=EDGE_CURVE('',#517,#181,#15469,.F.);
#15467=EDGE_CURVE('',#181,#515,#15470,.T.);
#15468=EDGE_CURVE('',#515,#517,#15471,.T.);
#15469=LINE('',#516,#15472);
#15470=LINE('',#180,#15473);
#15471=LINE('',#514,#15474);
#15472=VECTOR('',#15475,1.0);
#15473=VECTOR('',#15476,1.0);
#15474=VECTOR('',#15477,1.0);
#15475=DIRECTION('',(0,0,1));
#15476=DIRECTION('',(-0.031649851846411975,-0.002332147859220414,-0.9994962971239377));
#15477=DIRECTION('',(0.9972961994476772,0.07348666931640717,-2.377704513268507E-16));
#15478=FACE_SURFACE('',(#15483),#15479,.T.);
#15479=PLANE('',#15480);
#15480=AXIS2_PLACEMENT_3D('',#178,#15481,#15482);
#15481=DIRECTION('',(0.07348666931640715,-0.997296199447677,0));
#15482=DIRECTION('',(0,0,-1));
#15483=FACE_BOUND('',#15484,.T.);
#15484=EDGE_LOOP('',(#15485,#15486,#15487));
#15485=ORIENTED_EDGE('',*,*,#15488,.T.);
#15486=ORIENTED_EDGE('',*,*,#15489,.T.);
#15487=ORIENTED_EDGE('',*,*,#15490,.T.);
#15488=EDGE_CURVE('',#179,#515,#15491,.F.);
#15489=EDGE_CURVE('',#515,#181,#15492,.T.);
#15490=EDGE_CURVE('',#181,#179,#15493,.T.);
#15491=LINE('',#178,#15494);
#15492=LINE('',#514,#15495);
#15493=LINE('',#180,#15496);
#15494=VECTOR('',#15497,1.0);
#15495=VECTOR('',#15498,1.0);
#15496=VECTOR('',#15499,1.0);
#15497=DIRECTION('',(0,0,-1));
#15498=DIRECTION('',(0.031649851846411975,0.002332147859220414,0.9994962971239377));
#15499=DIRECTION('',(-0.9972961994476772,-0.07348666931640717,0));
#15500=FACE_SURFACE('',(#15505),#15501,.T.);
#15501=PLANE('',#15502);
#15502=AXIS2_PLACEMENT_3D('',#858,#15503,#15504);
#15503=DIRECTION('',(-0.43883997608733993,-0.8985652315706761,-0));
#15504=DIRECTION('',(0,0,-1));
#15505=FACE_BOUND('',#15506,.T.);
#15506=EDGE_LOOP('',(#15507,#15508,#15509));
#15507=ORIENTED_EDGE('',*,*,#15510,.T.);
#15508=ORIENTED_EDGE('',*,*,#15511,.T.);
#15509=ORIENTED_EDGE('',*,*,#15512,.T.);
#15510=EDGE_CURVE('',#859,#845,#15513,.F.);
#15511=EDGE_CURVE('',#845,#757,#15514,.T.);
#15512=EDGE_CURVE('',#757,#859,#15515,.T.);
#15513=LINE('',#858,#15516);
#15514=LINE('',#844,#15517);
#15515=LINE('',#756,#15518);
#15516=VECTOR('',#15519,1.0);
#15517=VECTOR('',#15520,1.0);
#15518=VECTOR('',#15521,1.0);
#15519=DIRECTION('',(0,0,-1));
#15520=DIRECTION('',(0.8985652315706761,-0.43883997608734,-1.020773001975071E-16));
#15521=DIRECTION('',(-0.02865223684736616,0.013993137605567358,0.9994914914213098));
#15522=FACE_SURFACE('',(#15527),#15523,.T.);
#15523=PLANE('',#15524);
#15524=AXIS2_PLACEMENT_3D('',#858,#15525,#15526);
#15525=DIRECTION('',(-0.43883997608733993,-0.8985652315706761,0));
#15526=DIRECTION('',(0.02865223684736616,-0.013993137605567358,-0.9994914914213098));
#15527=FACE_BOUND('',#15528,.T.);
#15528=EDGE_LOOP('',(#15529,#15530,#15531));
#15529=ORIENTED_EDGE('',*,*,#15532,.T.);
#15530=ORIENTED_EDGE('',*,*,#15533,.T.);
#15531=ORIENTED_EDGE('',*,*,#15534,.T.);
#15532=EDGE_CURVE('',#859,#757,#15535,.F.);
#15533=EDGE_CURVE('',#757,#709,#15536,.T.);
#15534=EDGE_CURVE('',#709,#859,#15537,.T.);
#15535=LINE('',#858,#15538);
#15536=LINE('',#756,#15539);
#15537=LINE('',#708,#15540);
#15538=VECTOR('',#15541,1.0);
#15539=VECTOR('',#15542,1.0);
#15540=VECTOR('',#15543,1.0);
#15541=DIRECTION('',(0.02865223684736616,-0.013993137605567358,-0.9994914914213098));
#15542=DIRECTION('',(0,0,1));
#15543=DIRECTION('',(-0.8985652315706761,0.43883997608734,0));
#15544=FACE_SURFACE('',(#15549),#15545,.T.);
#15545=PLANE('',#15546);
#15546=AXIS2_PLACEMENT_3D('',#728,#15547,#15548);
#15547=DIRECTION('',(-2.2204646128630424E-16,-2.220467781530595E-16,-1));
#15548=DIRECTION('',(0.9817780934682556,0.19003098480468153,-2.601961193481732E-16));
#15549=FACE_BOUND('',#15550,.T.);
#15550=EDGE_LOOP('',(#15551,#15552,#15553));
#15551=ORIENTED_EDGE('',*,*,#15554,.T.);
#15552=ORIENTED_EDGE('',*,*,#15555,.T.);
#15553=ORIENTED_EDGE('',*,*,#15556,.T.);
#15554=EDGE_CURVE('',#729,#835,#15557,.F.);
#15555=EDGE_CURVE('',#835,#75,#15558,.T.);
#15556=EDGE_CURVE('',#75,#729,#15559,.T.);
#15557=LINE('',#728,#15560);
#15558=LINE('',#834,#15561);
#15559=LINE('',#74,#15562);
#15560=VECTOR('',#15563,1.0);
#15561=VECTOR('',#15564,1.0);
#15562=VECTOR('',#15565,1.0);
#15563=DIRECTION('',(0.9817780934682556,0.19003098480468153,-2.601961193481732E-16));
#15564=DIRECTION('',(0.7407145242504952,-0.671819911556931,-1.5297592072900955E-17));
#15565=DIRECTION('',(-0.7474386984027229,0.6643307851741055,1.8453607532963413E-17));
#15566=FACE_SURFACE('',(#15571),#15567,.T.);
#15567=PLANE('',#15568);
#15568=AXIS2_PLACEMENT_3D('',#598,#15569,#15570);
#15569=DIRECTION('',(-0.3256677024511265,0.9454842926142161,0));
#15570=DIRECTION('',(-0.9454842926142162,-0.3256677024511265,2.822479933495651E-16));
#15571=FACE_BOUND('',#15572,.T.);
#15572=EDGE_LOOP('',(#15573,#15574,#15575));
#15573=ORIENTED_EDGE('',*,*,#15576,.T.);
#15574=ORIENTED_EDGE('',*,*,#15577,.T.);
#15575=ORIENTED_EDGE('',*,*,#15578,.T.);
#15576=EDGE_CURVE('',#599,#597,#15579,.F.);
#15577=EDGE_CURVE('',#597,#617,#15580,.T.);
#15578=EDGE_CURVE('',#617,#599,#15581,.T.);
#15579=LINE('',#598,#15582);
#15580=LINE('',#596,#15583);
#15581=LINE('',#616,#15584);
#15582=VECTOR('',#15585,1.0);
#15583=VECTOR('',#15586,1.0);
#15584=VECTOR('',#15587,1.0);
#15585=DIRECTION('',(-0.9454842926142162,-0.3256677024511265,2.822479933495651E-16));
#15586=DIRECTION('',(0.029984960503960847,0.010328181305278591,0.9994969888971658));
#15587=DIRECTION('',(0,0,-1));
#15588=FACE_SURFACE('',(#15593),#15589,.T.);
#15589=PLANE('',#15590);
#15590=AXIS2_PLACEMENT_3D('',#620,#15591,#15592);
#15591=DIRECTION('',(-0.3256677024511265,0.9454842926142161,0));
#15592=DIRECTION('',(0.9454842926142162,0.3256677024511265,0));
#15593=FACE_BOUND('',#15594,.T.);
#15594=EDGE_LOOP('',(#15595,#15596,#15597));
#15595=ORIENTED_EDGE('',*,*,#15598,.T.);
#15596=ORIENTED_EDGE('',*,*,#15599,.T.);
#15597=ORIENTED_EDGE('',*,*,#15600,.T.);
#15598=EDGE_CURVE('',#621,#617,#15601,.F.);
#15599=EDGE_CURVE('',#617,#597,#15602,.T.);
#15600=EDGE_CURVE('',#597,#621,#15603,.T.);
#15601=LINE('',#620,#15604);
#15602=LINE('',#616,#15605);
#15603=LINE('',#596,#15606);
#15604=VECTOR('',#15607,1.0);
#15605=VECTOR('',#15608,1.0);
#15606=VECTOR('',#15609,1.0);
#15607=DIRECTION('',(0.9454842926142162,0.3256677024511265,0));
#15608=DIRECTION('',(-0.029984960503960847,-0.010328181305278591,-0.9994969888971658));
#15609=DIRECTION('',(0,0,1));
#15610=FACE_SURFACE('',(#15615),#15611,.T.);
#15611=PLANE('',#15612);
#15612=AXIS2_PLACEMENT_3D('',#622,#15613,#15614);
#15613=DIRECTION('',(0.32566770245112653,-0.9454842926142162,0));
#15614=DIRECTION('',(0.9454842926142162,0.3256677024511265,-2.8225244254394937E-16));
#15615=FACE_BOUND('',#15616,.T.);
#15616=EDGE_LOOP('',(#15617,#15618,#15619));
#15617=ORIENTED_EDGE('',*,*,#15620,.T.);
#15618=ORIENTED_EDGE('',*,*,#15621,.T.);
#15619=ORIENTED_EDGE('',*,*,#15622,.T.);
#15620=EDGE_CURVE('',#623,#63,#15623,.F.);
#15621=EDGE_CURVE('',#63,#655,#15624,.T.);
#15622=EDGE_CURVE('',#655,#623,#15625,.T.);
#15623=LINE('',#622,#15626);
#15624=LINE('',#62,#15627);
#15625=LINE('',#654,#15628);
#15626=VECTOR('',#15629,1.0);
#15627=VECTOR('',#15630,1.0);
#15628=VECTOR('',#15631,1.0);
#15629=DIRECTION('',(0.9454842926142162,0.3256677024511265,-2.8225244254394937E-16));
#15630=DIRECTION('',(0,0,1));
#15631=DIRECTION('',(-0.0299849605039607,-0.01032818130527854,-0.9994969888971658));
#15632=FACE_SURFACE('',(#15637),#15633,.T.);
#15633=PLANE('',#15634);
#15634=AXIS2_PLACEMENT_3D('',#324,#15635,#15636);
#15635=DIRECTION('',(-0.06302694742222242,0.9980118255304575,0));
#15636=DIRECTION('',(0.9980118255304575,0.06302694742222241,0));
#15637=FACE_BOUND('',#15638,.T.);
#15638=EDGE_LOOP('',(#15639,#15640,#15641));
#15639=ORIENTED_EDGE('',*,*,#15642,.T.);
#15640=ORIENTED_EDGE('',*,*,#15643,.T.);
#15641=ORIENTED_EDGE('',*,*,#15644,.T.);
#15642=EDGE_CURVE('',#325,#311,#15645,.F.);
#15643=EDGE_CURVE('',#311,#729,#15646,.T.);
#15644=EDGE_CURVE('',#729,#325,#15647,.T.);
#15645=LINE('',#324,#15648);
#15646=LINE('',#310,#15649);
#15647=LINE('',#728,#15650);
#15648=VECTOR('',#15651,1.0);
#15649=VECTOR('',#15652,1.0);
#15650=VECTOR('',#15653,1.0);
#15651=DIRECTION('',(0.9980118255304575,0.06302694742222241,0));
#15652=DIRECTION('',(0,0,-1));
#15653=DIRECTION('',(-0.031651144343056416,-0.0019988490710545286,0.999496978316676));
#15654=FACE_SURFACE('',(#15659),#15655,.T.);
#15655=PLANE('',#15656);
#15656=AXIS2_PLACEMENT_3D('',#324,#15657,#15658);
#15657=DIRECTION('',(-0.06302694742222242,0.9980118255304575,0));
#15658=DIRECTION('',(0.031651144343056416,0.0019988490710545286,-0.999496978316676));
#15659=FACE_BOUND('',#15660,.T.);
#15660=EDGE_LOOP('',(#15661,#15662,#15663));
#15661=ORIENTED_EDGE('',*,*,#15664,.T.);
#15662=ORIENTED_EDGE('',*,*,#15665,.T.);
#15663=ORIENTED_EDGE('',*,*,#15666,.T.);
#15664=EDGE_CURVE('',#325,#729,#15667,.F.);
#15665=EDGE_CURVE('',#729,#725,#15668,.T.);
#15666=EDGE_CURVE('',#725,#325,#15669,.T.);
#15667=LINE('',#324,#15670);
#15668=LINE('',#728,#15671);
#15669=LINE('',#724,#15672);
#15670=VECTOR('',#15673,1.0);
#15671=VECTOR('',#15674,1.0);
#15672=VECTOR('',#15675,1.0);
#15673=DIRECTION('',(0.031651144343056416,0.0019988490710545286,-0.999496978316676));
#15674=DIRECTION('',(-0.9980118255304575,-0.06302694742222241,2.355957105766394E-16));
#15675=DIRECTION('',(0,0,1));
#15676=FACE_SURFACE('',(#15681),#15677,.T.);
#15677=PLANE('',#15678);
#15678=AXIS2_PLACEMENT_3D('',#708,#15679,#15680);
#15679=DIRECTION('',(-0.5571176804602537,-0.8304335555109672,-0));
#15680=DIRECTION('',(0,0,-1));
#15681=FACE_BOUND('',#15682,.T.);
#15682=EDGE_LOOP('',(#15683,#15684,#15685));
#15683=ORIENTED_EDGE('',*,*,#15686,.T.);
#15684=ORIENTED_EDGE('',*,*,#15687,.T.);
#15685=ORIENTED_EDGE('',*,*,#15688,.T.);
#15686=EDGE_CURVE('',#709,#757,#15689,.F.);
#15687=EDGE_CURVE('',#757,#711,#15690,.T.);
#15688=EDGE_CURVE('',#711,#709,#15691,.T.);
#15689=LINE('',#708,#15692);
#15690=LINE('',#756,#15693);
#15691=LINE('',#710,#15694);
#15692=VECTOR('',#15695,1.0);
#15693=VECTOR('',#15696,1.0);
#15694=VECTOR('',#15697,1.0);
#15695=DIRECTION('',(0,0,-1));
#15696=DIRECTION('',(0.8304335555109672,-0.5571176804602537,-6.068831549537491E-17));
#15697=DIRECTION('',(-0.026320261058918226,0.017657623169177447,0.9994975998979716));
#15698=FACE_SURFACE('',(#15703),#15699,.T.);
#15699=PLANE('',#15700);
#15700=AXIS2_PLACEMENT_3D('',#654,#15701,#15702);
#15701=DIRECTION('',(0.19002347171872735,-0.9817795476561744,0));
#15702=DIRECTION('',(0,0,-1));
#15703=FACE_BOUND('',#15704,.T.);
#15704=EDGE_LOOP('',(#15705,#15706,#15707));
#15705=ORIENTED_EDGE('',*,*,#15708,.T.);
#15706=ORIENTED_EDGE('',*,*,#15709,.T.);
#15707=ORIENTED_EDGE('',*,*,#15710,.T.);
#15708=EDGE_CURVE('',#655,#63,#15711,.F.);
#15709=EDGE_CURVE('',#63,#61,#15712,.T.);
#15710=EDGE_CURVE('',#61,#655,#15713,.T.);
#15711=LINE('',#654,#15714);
#15712=LINE('',#62,#15715);
#15713=LINE('',#60,#15716);
#15714=VECTOR('',#15717,1.0);
#15715=VECTOR('',#15718,1.0);
#15716=VECTOR('',#15719,1.0);
#15717=DIRECTION('',(0,0,-1));
#15718=DIRECTION('',(0.9817795476561741,0.19002347171872733,-2.601858322057283E-16));
#15719=DIRECTION('',(-0.030985329993440055,-0.005997211891162644,0.9995018473093134));
#15720=FACE_SURFACE('',(#15725),#15721,.T.);
#15721=PLANE('',#15722);
#15722=AXIS2_PLACEMENT_3D('',#180,#15723,#15724);
#15723=DIRECTION('',(-0.07348373445278193,-0.9972964157014067,-0));
#15724=DIRECTION('',(0,0,-1));
#15725=FACE_BOUND('',#15726,.T.);
#15726=EDGE_LOOP('',(#15727,#15728,#15729));
#15727=ORIENTED_EDGE('',*,*,#15730,.T.);
#15728=ORIENTED_EDGE('',*,*,#15731,.T.);
#15729=ORIENTED_EDGE('',*,*,#15732,.T.);
#15730=EDGE_CURVE('',#181,#517,#15733,.F.);
#15731=EDGE_CURVE('',#517,#159,#15734,.T.);
#15732=EDGE_CURVE('',#159,#181,#15735,.T.);
#15733=LINE('',#180,#15736);
#15734=LINE('',#516,#15737);
#15735=LINE('',#158,#15738);
#15736=VECTOR('',#15739,1.0);
#15737=VECTOR('',#15740,1.0);
#15738=VECTOR('',#15741,1.0);
#15739=DIRECTION('',(0,0,-1));
#15740=DIRECTION('',(0.031651121498496734,-0.00233214776540883,0.9994962569187978));
#15741=DIRECTION('',(-0.9972964157014067,0.07348373445278193,0));
#15742=FACE_SURFACE('',(#15747),#15743,.T.);
#15743=PLANE('',#15744);
#15744=AXIS2_PLACEMENT_3D('',#726,#15745,#15746);
#15745=DIRECTION('',(0.06302946826567105,0.9980116663296812,-0));
#15746=DIRECTION('',(0,0,1));
#15747=FACE_BOUND('',#15748,.T.);
#15748=EDGE_LOOP('',(#15749,#15750,#15751));
#15749=ORIENTED_EDGE('',*,*,#15752,.T.);
#15750=ORIENTED_EDGE('',*,*,#15753,.T.);
#15751=ORIENTED_EDGE('',*,*,#15754,.T.);
#15752=EDGE_CURVE('',#727,#339,#15755,.F.);
#15753=EDGE_CURVE('',#339,#325,#15756,.T.);
#15754=EDGE_CURVE('',#325,#727,#15757,.T.);
#15755=LINE('',#726,#15758);
#15756=LINE('',#338,#15759);
#15757=LINE('',#324,#15760);
#15758=VECTOR('',#15761,1.0);
#15759=VECTOR('',#15762,1.0);
#15760=VECTOR('',#15763,1.0);
#15761=DIRECTION('',(0,0,1));
#15762=DIRECTION('',(0.9980116663296811,-0.06302946826567105,0));
#15763=DIRECTION('',(-0.03164987469005711,0.0019988491514591547,-0.9994970185219031));
#15764=FACE_SURFACE('',(#15769),#15765,.T.);
#15765=PLANE('',#15766);
#15766=AXIS2_PLACEMENT_3D('',#726,#15767,#15768);
#15767=DIRECTION('',(0.06302946826567105,0.9980116663296812,0));
#15768=DIRECTION('',(0.03164987469005711,-0.0019988491514591547,0.9994970185219031));
#15769=FACE_BOUND('',#15770,.T.);
#15770=EDGE_LOOP('',(#15771,#15772,#15773));
#15771=ORIENTED_EDGE('',*,*,#15774,.T.);
#15772=ORIENTED_EDGE('',*,*,#15775,.T.);
#15773=ORIENTED_EDGE('',*,*,#15776,.T.);
#15774=EDGE_CURVE('',#727,#325,#15777,.F.);
#15775=EDGE_CURVE('',#325,#725,#15778,.T.);
#15776=EDGE_CURVE('',#725,#727,#15779,.T.);
#15777=LINE('',#726,#15780);
#15778=LINE('',#324,#15781);
#15779=LINE('',#724,#15782);
#15780=VECTOR('',#15783,1.0);
#15781=VECTOR('',#15784,1.0);
#15782=VECTOR('',#15785,1.0);
#15783=DIRECTION('',(0.03164987469005711,-0.0019988491514591547,0.9994970185219031));
#15784=DIRECTION('',(0,0,-1));
#15785=DIRECTION('',(-0.9980116663296811,0.06302946826567105,2.0761442676931976E-16));
#15786=FACE_SURFACE('',(#15791),#15787,.T.);
#15787=PLANE('',#15788);
#15788=AXIS2_PLACEMENT_3D('',#620,#15789,#15790);
#15789=DIRECTION('',(-0.1900175240402477,0.9817806988108974,0));
#15790=DIRECTION('',(0,0,-1));
#15791=FACE_BOUND('',#15792,.T.);
#15792=EDGE_LOOP('',(#15793,#15794,#15795));
#15793=ORIENTED_EDGE('',*,*,#15796,.T.);
#15794=ORIENTED_EDGE('',*,*,#15797,.T.);
#15795=ORIENTED_EDGE('',*,*,#15798,.T.);
#15796=EDGE_CURVE('',#621,#597,#15799,.F.);
#15797=EDGE_CURVE('',#597,#633,#15800,.T.);
#15798=EDGE_CURVE('',#633,#621,#15801,.T.);
#15799=LINE('',#620,#15802);
#15800=LINE('',#596,#15803);
#15801=LINE('',#632,#15804);
#15802=VECTOR('',#15805,1.0);
#15803=VECTOR('',#15806,1.0);
#15804=VECTOR('',#15807,1.0);
#15805=DIRECTION('',(0,0,-1));
#15806=DIRECTION('',(-0.030984695196406103,-0.005996894287587613,0.9995018688939452));
#15807=DIRECTION('',(0.9817806988108974,0.19001752404024772,0));
#15808=FACE_SURFACE('',(#15813),#15809,.T.);
#15809=PLANE('',#15810);
#15810=AXIS2_PLACEMENT_3D('',#602,#15811,#15812);
#15811=DIRECTION('',(-0.1900175240402477,0.9817806988108974,0));
#15812=DIRECTION('',(0,0,1));
#15813=FACE_BOUND('',#15814,.T.);
#15814=EDGE_LOOP('',(#15815,#15816,#15817));
#15815=ORIENTED_EDGE('',*,*,#15818,.T.);
#15816=ORIENTED_EDGE('',*,*,#15819,.T.);
#15817=ORIENTED_EDGE('',*,*,#15820,.T.);
#15818=EDGE_CURVE('',#603,#633,#15821,.F.);
#15819=EDGE_CURVE('',#633,#597,#15822,.T.);
#15820=EDGE_CURVE('',#597,#603,#15823,.T.);
#15821=LINE('',#602,#15824);
#15822=LINE('',#632,#15825);
#15823=LINE('',#596,#15826);
#15824=VECTOR('',#15827,1.0);
#15825=VECTOR('',#15828,1.0);
#15826=VECTOR('',#15829,1.0);
#15827=DIRECTION('',(0,0,1));
#15828=DIRECTION('',(0.030984695196406103,0.005996894287587613,-0.9995018688939452));
#15829=DIRECTION('',(-0.9817806988108974,-0.19001752404024772,2.601914734448363E-16));
#15830=FACE_SURFACE('',(#15835),#15831,.T.);
#15831=PLANE('',#15832);
#15832=AXIS2_PLACEMENT_3D('',#60,#15833,#15834);
#15833=DIRECTION('',(0.07348666931640717,-0.997296199447677,0));
#15834=DIRECTION('',(0.9972961994476772,0.07348666931640717,-2.3776711672498646E-16));
#15835=FACE_BOUND('',#15836,.T.);
#15836=EDGE_LOOP('',(#15837,#15838,#15839));
#15837=ORIENTED_EDGE('',*,*,#15840,.T.);
#15838=ORIENTED_EDGE('',*,*,#15841,.T.);
#15839=ORIENTED_EDGE('',*,*,#15842,.T.);
#15840=EDGE_CURVE('',#61,#69,#15843,.F.);
#15841=EDGE_CURVE('',#69,#663,#15844,.T.);
#15842=EDGE_CURVE('',#663,#61,#15845,.T.);
#15843=LINE('',#60,#15846);
#15844=LINE('',#68,#15847);
#15845=LINE('',#662,#15848);
#15846=VECTOR('',#15849,1.0);
#15847=VECTOR('',#15850,1.0);
#15848=VECTOR('',#15851,1.0);
#15849=DIRECTION('',(0.9972961994476772,0.07348666931640717,-2.3776711672498646E-16));
#15850=DIRECTION('',(0,0,1));
#15851=DIRECTION('',(-0.031649851846411906,-0.0023321478592204094,-0.9994962971239377));
#15852=FACE_SURFACE('',(#15857),#15853,.T.);
#15853=PLANE('',#15854);
#15854=AXIS2_PLACEMENT_3D('',#710,#15855,#15856);
#15855=DIRECTION('',(-0.6637125336103797,-0.7479877490497359,0));
#15856=DIRECTION('',(0.7479877490497359,-0.6637125336103797,-1.8721780549496146E-17));
#15857=FACE_BOUND('',#15858,.T.);
#15858=EDGE_LOOP('',(#15859,#15860,#15861));
#15859=ORIENTED_EDGE('',*,*,#15862,.T.);
#15860=ORIENTED_EDGE('',*,*,#15863,.T.);
#15861=ORIENTED_EDGE('',*,*,#15864,.T.);
#15862=EDGE_CURVE('',#711,#761,#15865,.F.);
#15863=EDGE_CURVE('',#761,#717,#15866,.T.);
#15864=EDGE_CURVE('',#717,#711,#15867,.T.);
#15865=LINE('',#710,#15868);
#15866=LINE('',#760,#15869);
#15867=LINE('',#716,#15870);
#15868=VECTOR('',#15871,1.0);
#15869=VECTOR('',#15872,1.0);
#15870=VECTOR('',#15873,1.0);
#15871=DIRECTION('',(0.7479877490497359,-0.6637125336103797,-1.8721780549496146E-17));
#15872=DIRECTION('',(0,0,1));
#15873=DIRECTION('',(-0.023654544588969508,0.020989404893984067,-0.9994998286155355));
#15874=FACE_SURFACE('',(#15879),#15875,.T.);
#15875=PLANE('',#15876);
#15876=AXIS2_PLACEMENT_3D('',#338,#15877,#15878);
#15877=DIRECTION('',(0.19002347171872733,0.9817795476561743,0));
#15878=DIRECTION('',(0,0,-1));
#15879=FACE_BOUND('',#15880,.T.);
#15880=EDGE_LOOP('',(#15881,#15882,#15883));
#15881=ORIENTED_EDGE('',*,*,#15884,.T.);
#15882=ORIENTED_EDGE('',*,*,#15885,.T.);
#15883=ORIENTED_EDGE('',*,*,#15886,.T.);
#15884=EDGE_CURVE('',#339,#727,#15887,.F.);
#15885=EDGE_CURVE('',#727,#79,#15888,.T.);
#15886=EDGE_CURVE('',#79,#339,#15889,.T.);
#15887=LINE('',#338,#15890);
#15888=LINE('',#726,#15891);
#15889=LINE('',#78,#15892);
#15890=VECTOR('',#15893,1.0);
#15891=VECTOR('',#15894,1.0);
#15892=VECTOR('',#15895,1.0);
#15893=DIRECTION('',(0,0,-1));
#15894=DIRECTION('',(-0.9817795476561741,0.19002347171872733,1.7579845879719299E-16));
#15895=DIRECTION('',(0.030985329993440124,-0.005997211891162657,0.9995018473093134));
#15896=FACE_SURFACE('',(#15901),#15897,.T.);
#15897=PLANE('',#15898);
#15898=AXIS2_PLACEMENT_3D('',#336,#15899,#15900);
#15899=DIRECTION('',(0.3256677024511265,0.9454842926142161,0));
#15900=DIRECTION('',(0.029984960503960767,-0.010328181305278565,-0.9994969888971658));
#15901=FACE_BOUND('',#15902,.T.);
#15902=EDGE_LOOP('',(#15903,#15904,#15905));
#15903=ORIENTED_EDGE('',*,*,#15906,.T.);
#15904=ORIENTED_EDGE('',*,*,#15907,.T.);
#15905=ORIENTED_EDGE('',*,*,#15908,.T.);
#15906=EDGE_CURVE('',#337,#79,#15909,.F.);
#15907=EDGE_CURVE('',#79,#91,#15910,.T.);
#15908=EDGE_CURVE('',#91,#337,#15911,.T.);
#15909=LINE('',#336,#15912);
#15910=LINE('',#78,#15913);
#15911=LINE('',#90,#15914);
#15912=VECTOR('',#15915,1.0);
#15913=VECTOR('',#15916,1.0);
#15914=VECTOR('',#15917,1.0);
#15915=DIRECTION('',(0.029984960503960767,-0.010328181305278565,-0.9994969888971658));
#15916=DIRECTION('',(-0.9454842926142162,0.3256677024511265,1.376269298887433E-16));
#15917=DIRECTION('',(0,0,1));
#15918=FACE_SURFACE('',(#15923),#15919,.T.);
#15919=PLANE('',#15920);
#15920=AXIS2_PLACEMENT_3D('',#70,#15921,#15922);
#15921=DIRECTION('',(-0.07348373445278195,-0.9972964157014067,0));
#15922=DIRECTION('',(0,0,1));
#15923=FACE_BOUND('',#15924,.T.);
#15924=EDGE_LOOP('',(#15925,#15926,#15927));
#15925=ORIENTED_EDGE('',*,*,#15928,.T.);
#15926=ORIENTED_EDGE('',*,*,#15929,.T.);
#15927=ORIENTED_EDGE('',*,*,#15930,.T.);
#15928=EDGE_CURVE('',#71,#861,#15931,.F.);
#15929=EDGE_CURVE('',#861,#69,#15932,.T.);
#15930=EDGE_CURVE('',#69,#71,#15933,.T.);
#15931=LINE('',#70,#15934);
#15932=LINE('',#860,#15935);
#15933=LINE('',#68,#15936);
#15934=VECTOR('',#15937,1.0);
#15935=VECTOR('',#15938,1.0);
#15936=VECTOR('',#15939,1.0);
#15937=DIRECTION('',(0,0,1));
#15938=DIRECTION('',(-0.031651121498496665,0.0023321477654088254,-0.9994962569187978));
#15939=DIRECTION('',(0.9972964157014067,-0.07348373445278193,-2.0512428736389574E-16));
#15940=FACE_SURFACE('',(#15945),#15941,.T.);
#15941=PLANE('',#15942);
#15942=AXIS2_PLACEMENT_3D('',#662,#15943,#15944);
#15943=DIRECTION('',(-0.07348373445278195,-0.9972964157014067,-0));
#15944=DIRECTION('',(0,0,-1));
#15945=FACE_BOUND('',#15946,.T.);
#15946=EDGE_LOOP('',(#15947,#15948,#15949));
#15947=ORIENTED_EDGE('',*,*,#15950,.T.);
#15948=ORIENTED_EDGE('',*,*,#15951,.T.);
#15949=ORIENTED_EDGE('',*,*,#15952,.T.);
#15950=EDGE_CURVE('',#663,#69,#15953,.F.);
#15951=EDGE_CURVE('',#69,#861,#15954,.T.);
#15952=EDGE_CURVE('',#861,#663,#15955,.T.);
#15953=LINE('',#662,#15956);
#15954=LINE('',#68,#15957);
#15955=LINE('',#860,#15958);
#15956=VECTOR('',#15959,1.0);
#15957=VECTOR('',#15960,1.0);
#15958=VECTOR('',#15961,1.0);
#15959=DIRECTION('',(0,0,-1));
#15960=DIRECTION('',(0.031651121498496665,-0.0023321477654088254,0.9994962569187978));
#15961=DIRECTION('',(-0.9972964157014067,0.07348373445278193,0));
#15962=FACE_SURFACE('',(#15967),#15963,.T.);
#15963=PLANE('',#15964);
#15964=AXIS2_PLACEMENT_3D('',#200,#15965,#15966);
#15965=DIRECTION('',(-0.06302820781879141,0.9980117459324571,0));
#15966=DIRECTION('',(0.9980117459324571,0.06302820781879141,0));
#15967=FACE_BOUND('',#15968,.T.);
#15968=EDGE_LOOP('',(#15969,#15970,#15971));
#15969=ORIENTED_EDGE('',*,*,#15972,.T.);
#15970=ORIENTED_EDGE('',*,*,#15973,.T.);
#15971=ORIENTED_EDGE('',*,*,#15974,.T.);
#15972=EDGE_CURVE('',#201,#633,#15975,.F.);
#15973=EDGE_CURVE('',#633,#603,#15976,.T.);
#15974=EDGE_CURVE('',#603,#201,#15977,.T.);
#15975=LINE('',#200,#15978);
#15976=LINE('',#632,#15979);
#15977=LINE('',#602,#15980);
#15978=VECTOR('',#15981,1.0);
#15979=VECTOR('',#15982,1.0);
#15980=VECTOR('',#15983,1.0);
#15981=DIRECTION('',(0.9980117459324571,0.06302820781879141,0));
#15982=DIRECTION('',(0,0,-1));
#15983=DIRECTION('',(-0.031650509516576004,-0.0019988491112572495,0.9994969984194908));
#15984=FACE_SURFACE('',(#15989),#15985,.T.);
#15985=PLANE('',#15986);
#15986=AXIS2_PLACEMENT_3D('',#762,#15987,#15988);
#15987=DIRECTION('',(-0.7479921748987279,-0.6637075457536027,0));
#15988=DIRECTION('',(0,0,1));
#15989=FACE_BOUND('',#15990,.T.);
#15990=EDGE_LOOP('',(#15991,#15992,#15993));
#15991=ORIENTED_EDGE('',*,*,#15994,.T.);
#15992=ORIENTED_EDGE('',*,*,#15995,.T.);
#15993=ORIENTED_EDGE('',*,*,#15996,.T.);
#15994=EDGE_CURVE('',#763,#863,#15997,.F.);
#15995=EDGE_CURVE('',#863,#761,#15998,.T.);
#15996=EDGE_CURVE('',#761,#763,#15999,.T.);
#15997=LINE('',#762,#16000);
#15998=LINE('',#862,#16001);
#15999=LINE('',#760,#16002);
#16000=VECTOR('',#16003,1.0);
#16001=VECTOR('',#16004,1.0);
#16002=VECTOR('',#16005,1.0);
#16003=DIRECTION('',(0,0,1));
#16004=DIRECTION('',(-0.0209894047362305,0.023654862143621322,-0.9994998211034282));
#16005=DIRECTION('',(0.6637075457536028,-0.747992174898728,1.8721639853705033E-17));
#16006=FACE_SURFACE('',(#16011),#16007,.T.);
#16007=PLANE('',#16008);
#16008=AXIS2_PLACEMENT_3D('',#716,#16009,#16010);
#16009=DIRECTION('',(-0.7479921748987279,-0.6637075457536027,-0));
#16010=DIRECTION('',(0,0,-1));
#16011=FACE_BOUND('',#16012,.T.);
#16012=EDGE_LOOP('',(#16013,#16014,#16015));
#16013=ORIENTED_EDGE('',*,*,#16016,.T.);
#16014=ORIENTED_EDGE('',*,*,#16017,.T.);
#16015=ORIENTED_EDGE('',*,*,#16018,.T.);
#16016=EDGE_CURVE('',#717,#761,#16019,.F.);
#16017=EDGE_CURVE('',#761,#863,#16020,.T.);
#16018=EDGE_CURVE('',#863,#717,#16021,.T.);
#16019=LINE('',#716,#16022);
#16020=LINE('',#760,#16023);
#16021=LINE('',#862,#16024);
#16022=VECTOR('',#16025,1.0);
#16023=VECTOR('',#16026,1.0);
#16024=VECTOR('',#16027,1.0);
#16025=DIRECTION('',(0,0,-1));
#16026=DIRECTION('',(0.0209894047362305,-0.023654862143621322,0.9994998211034282));
#16027=DIRECTION('',(-0.6637075457536028,0.747992174898728,0));
#16028=FACE_SURFACE('',(#16033),#16029,.T.);
#16029=PLANE('',#16030);
#16030=AXIS2_PLACEMENT_3D('',#72,#16031,#16032);
#16031=DIRECTION('',(-0.19003098480468153,-0.9817780934682556,0));
#16032=DIRECTION('',(0,0,1));
#16033=FACE_BOUND('',#16034,.T.);
#16034=EDGE_LOOP('',(#16035,#16036,#16037));
#16035=ORIENTED_EDGE('',*,*,#16038,.T.);
#16036=ORIENTED_EDGE('',*,*,#16039,.T.);
#16037=ORIENTED_EDGE('',*,*,#16040,.T.);
#16038=EDGE_CURVE('',#73,#865,#16041,.F.);
#16039=EDGE_CURVE('',#865,#71,#16042,.T.);
#16040=EDGE_CURVE('',#71,#73,#16043,.T.);
#16041=LINE('',#72,#16044);
#16042=LINE('',#864,#16045);
#16043=LINE('',#70,#16046);
#16044=VECTOR('',#16047,1.0);
#16045=VECTOR('',#16048,1.0);
#16046=VECTOR('',#16049,1.0);
#16047=DIRECTION('',(0,0,1));
#16048=DIRECTION('',(-0.03098406028125402,0.005997212127329563,-0.9995018866691485));
#16049=DIRECTION('',(0.9817780934682556,-0.19003098480468153,-1.758087627324735E-16));
#16050=FACE_SURFACE('',(#16055),#16051,.T.);
#16051=PLANE('',#16052);
#16052=AXIS2_PLACEMENT_3D('',#860,#16053,#16054);
#16053=DIRECTION('',(-0.19003098480468153,-0.9817780934682556,-0));
#16054=DIRECTION('',(0,0,-1));
#16055=FACE_BOUND('',#16056,.T.);
#16056=EDGE_LOOP('',(#16057,#16058,#16059));
#16057=ORIENTED_EDGE('',*,*,#16060,.T.);
#16058=ORIENTED_EDGE('',*,*,#16061,.T.);
#16059=ORIENTED_EDGE('',*,*,#16062,.T.);
#16060=EDGE_CURVE('',#861,#71,#16063,.F.);
#16061=EDGE_CURVE('',#71,#865,#16064,.T.);
#16062=EDGE_CURVE('',#865,#861,#16065,.T.);
#16063=LINE('',#860,#16066);
#16064=LINE('',#70,#16067);
#16065=LINE('',#864,#16068);
#16066=VECTOR('',#16069,1.0);
#16067=VECTOR('',#16070,1.0);
#16068=VECTOR('',#16071,1.0);
#16069=DIRECTION('',(0,0,-1));
#16070=DIRECTION('',(0.03098406028125402,-0.005997212127329563,0.9995018866691485));
#16071=DIRECTION('',(-0.9817780934682556,0.19003098480468153,0));
#16072=FACE_SURFACE('',(#16077),#16073,.T.);
#16073=PLANE('',#16074);
#16074=AXIS2_PLACEMENT_3D('',#746,#16075,#16076);
#16075=DIRECTION('',(-0.8304335555109672,-0.5571176804602537,0));
#16076=DIRECTION('',(0,0,1));
#16077=FACE_BOUND('',#16078,.T.);
#16078=EDGE_LOOP('',(#16079,#16080,#16081));
#16079=ORIENTED_EDGE('',*,*,#16082,.T.);
#16080=ORIENTED_EDGE('',*,*,#16083,.T.);
#16081=ORIENTED_EDGE('',*,*,#16084,.T.);
#16082=EDGE_CURVE('',#747,#855,#16085,.F.);
#16083=EDGE_CURVE('',#855,#763,#16086,.T.);
#16084=EDGE_CURVE('',#763,#747,#16087,.T.);
#16085=LINE('',#746,#16088);
#16086=LINE('',#854,#16089);
#16087=LINE('',#762,#16090);
#16088=VECTOR('',#16091,1.0);
#16089=VECTOR('',#16092,1.0);
#16090=VECTOR('',#16093,1.0);
#16091=DIRECTION('',(0,0,1));
#16092=DIRECTION('',(-0.017657623169177447,0.026320261058918226,-0.9994975998979716));
#16093=DIRECTION('',(0.5571176804602537,-0.8304335555109672,6.068831549537491E-17));
#16094=FACE_SURFACE('',(#16099),#16095,.T.);
#16095=PLANE('',#16096);
#16096=AXIS2_PLACEMENT_3D('',#862,#16097,#16098);
#16097=DIRECTION('',(-0.8304335555109672,-0.5571176804602537,-0));
#16098=DIRECTION('',(0,0,-1));
#16099=FACE_BOUND('',#16100,.T.);
#16100=EDGE_LOOP('',(#16101,#16102,#16103));
#16101=ORIENTED_EDGE('',*,*,#16104,.T.);
#16102=ORIENTED_EDGE('',*,*,#16105,.T.);
#16103=ORIENTED_EDGE('',*,*,#16106,.T.);
#16104=EDGE_CURVE('',#863,#763,#16107,.F.);
#16105=EDGE_CURVE('',#763,#855,#16108,.T.);
#16106=EDGE_CURVE('',#855,#863,#16109,.T.);
#16107=LINE('',#862,#16110);
#16108=LINE('',#762,#16111);
#16109=LINE('',#854,#16112);
#16110=VECTOR('',#16113,1.0);
#16111=VECTOR('',#16114,1.0);
#16112=VECTOR('',#16115,1.0);
#16113=DIRECTION('',(0,0,-1));
#16114=DIRECTION('',(0.017657623169177447,-0.026320261058918226,0.9994975998979716));
#16115=DIRECTION('',(-0.5571176804602537,0.8304335555109672,0));
#16116=FACE_SURFACE('',(#16121),#16117,.T.);
#16117=PLANE('',#16118);
#16118=AXIS2_PLACEMENT_3D('',#132,#16119,#16120);
#16119=DIRECTION('',(1,0,0));
#16120=DIRECTION('',(0,0,-1));
#16121=FACE_BOUND('',#16122,.T.);
#16122=EDGE_LOOP('',(#16123,#16124,#16125));
#16123=ORIENTED_EDGE('',*,*,#16126,.T.);
#16124=ORIENTED_EDGE('',*,*,#16127,.T.);
#16125=ORIENTED_EDGE('',*,*,#16128,.T.);
#16126=EDGE_CURVE('',#133,#211,#16129,.F.);
#16127=EDGE_CURVE('',#211,#187,#16130,.T.);
#16128=EDGE_CURVE('',#187,#133,#16131,.T.);
#16129=LINE('',#132,#16132);
#16130=LINE('',#210,#16133);
#16131=LINE('',#186,#16134);
#16132=VECTOR('',#16135,1.0);
#16133=VECTOR('',#16136,1.0);
#16134=VECTOR('',#16137,1.0);
#16135=DIRECTION('',(0,0,-1));
#16136=DIRECTION('',(0,1,-2.220446293492808E-16));
#16137=DIRECTION('',(0,-0.9744101327832669,0.2247774302044047));
#16138=FACE_SURFACE('',(#16143),#16139,.T.);
#16139=PLANE('',#16140);
#16140=AXIS2_PLACEMENT_3D('',#132,#16141,#16142);
#16141=DIRECTION('',(1,-0,0));
#16142=DIRECTION('',(0,0.9744101327832669,-0.2247774302044047));
#16143=FACE_BOUND('',#16144,.T.);
#16144=EDGE_LOOP('',(#16145,#16146,#16147));
#16145=ORIENTED_EDGE('',*,*,#16148,.T.);
#16146=ORIENTED_EDGE('',*,*,#16149,.T.);
#16147=ORIENTED_EDGE('',*,*,#16150,.T.);
#16148=EDGE_CURVE('',#133,#187,#16151,.F.);
#16149=EDGE_CURVE('',#187,#551,#16152,.T.);
#16150=EDGE_CURVE('',#551,#133,#16153,.T.);
#16151=LINE('',#132,#16154);
#16152=LINE('',#186,#16155);
#16153=LINE('',#550,#16156);
#16154=VECTOR('',#16157,1.0);
#16155=VECTOR('',#16158,1.0);
#16156=VECTOR('',#16159,1.0);
#16157=DIRECTION('',(0,0.9744101327832669,-0.2247774302044047));
#16158=DIRECTION('',(0,0,1));
#16159=DIRECTION('',(0,-1,0));
#16160=FACE_SURFACE('',(#16165),#16161,.T.);
#16161=PLANE('',#16162);
#16162=AXIS2_PLACEMENT_3D('',#72,#16163,#16164);
#16163=DIRECTION('',(-0.32566770245112653,-0.9454842926142162,0));
#16164=DIRECTION('',(0.9454842926142162,-0.3256677024511265,-1.376269298887433E-16));
#16165=FACE_BOUND('',#16166,.T.);
#16166=EDGE_LOOP('',(#16167,#16168,#16169));
#16167=ORIENTED_EDGE('',*,*,#16170,.T.);
#16168=ORIENTED_EDGE('',*,*,#16171,.T.);
#16169=ORIENTED_EDGE('',*,*,#16172,.T.);
#16170=EDGE_CURVE('',#73,#661,#16173,.F.);
#16171=EDGE_CURVE('',#661,#865,#16174,.T.);
#16172=EDGE_CURVE('',#865,#73,#16175,.T.);
#16173=LINE('',#72,#16176);
#16174=LINE('',#660,#16177);
#16175=LINE('',#864,#16178);
#16176=VECTOR('',#16179,1.0);
#16177=VECTOR('',#16180,1.0);
#16178=VECTOR('',#16181,1.0);
#16179=DIRECTION('',(0.9454842926142162,-0.3256677024511265,-1.376269298887433E-16));
#16180=DIRECTION('',(-0.0299849605039607,0.01032818130527854,0.9994969888971658));
#16181=DIRECTION('',(0,0,-1));
#16182=FACE_SURFACE('',(#16187),#16183,.T.);
#16183=PLANE('',#16184);
#16184=AXIS2_PLACEMENT_3D('',#346,#16185,#16186);
#16185=DIRECTION('',(0.4388397890843248,0.8985653228989118,0));
#16186=DIRECTION('',(0.8985653228989117,-0.43883978908432475,0));
#16187=FACE_BOUND('',#16188,.T.);
#16188=EDGE_LOOP('',(#16189,#16190,#16191));
#16189=ORIENTED_EDGE('',*,*,#16192,.T.);
#16190=ORIENTED_EDGE('',*,*,#16193,.T.);
#16191=ORIENTED_EDGE('',*,*,#16194,.T.);
#16192=EDGE_CURVE('',#347,#337,#16195,.F.);
#16193=EDGE_CURVE('',#337,#95,#16196,.T.);
#16194=EDGE_CURVE('',#95,#347,#16197,.T.);
#16195=LINE('',#346,#16198);
#16196=LINE('',#336,#16199);
#16197=LINE('',#94,#16200);
#16198=VECTOR('',#16201,1.0);
#16199=VECTOR('',#16202,1.0);
#16200=VECTOR('',#16203,1.0);
#16201=DIRECTION('',(0.8985653228989117,-0.43883978908432475,0));
#16202=DIRECTION('',(-0.02865160203683773,0.013992820192760085,-0.9994915140629137));
#16203=DIRECTION('',(0,0,1));
#16204=FACE_SURFACE('',(#16209),#16205,.T.);
#16205=PLANE('',#16206);
#16206=AXIS2_PLACEMENT_3D('',#212,#16207,#16208);
#16207=DIRECTION('',(0.06302694742222242,0.9980118255304575,-0));
#16208=DIRECTION('',(0,0,1));
#16209=FACE_BOUND('',#16210,.T.);
#16210=EDGE_LOOP('',(#16211,#16212,#16213));
#16211=ORIENTED_EDGE('',*,*,#16214,.T.);
#16212=ORIENTED_EDGE('',*,*,#16215,.T.);
#16213=ORIENTED_EDGE('',*,*,#16216,.T.);
#16214=EDGE_CURVE('',#213,#127,#16217,.F.);
#16215=EDGE_CURVE('',#127,#201,#16218,.T.);
#16216=EDGE_CURVE('',#201,#213,#16219,.T.);
#16217=LINE('',#212,#16220);
#16218=LINE('',#126,#16221);
#16219=LINE('',#200,#16222);
#16220=VECTOR('',#16223,1.0);
#16221=VECTOR('',#16224,1.0);
#16222=VECTOR('',#16225,1.0);
#16223=DIRECTION('',(0,0,1));
#16224=DIRECTION('',(0.9980118255304575,-0.06302694742222241,0));
#16225=DIRECTION('',(-0.031651144343056506,0.001998849071054534,-0.999496978316676));
#16226=FACE_SURFACE('',(#16231),#16227,.T.);
#16227=PLANE('',#16228);
#16228=AXIS2_PLACEMENT_3D('',#496,#16229,#16230);
#16229=DIRECTION('',(-1,0,-0));
#16230=DIRECTION('',(0,0,-1));
#16231=FACE_BOUND('',#16232,.T.);
#16232=EDGE_LOOP('',(#16233,#16234,#16235));
#16233=ORIENTED_EDGE('',*,*,#16236,.T.);
#16234=ORIENTED_EDGE('',*,*,#16237,.T.);
#16235=ORIENTED_EDGE('',*,*,#16238,.T.);
#16236=EDGE_CURVE('',#497,#89,#16239,.F.);
#16237=EDGE_CURVE('',#89,#149,#16240,.T.);
#16238=EDGE_CURVE('',#149,#497,#16241,.T.);
#16239=LINE('',#496,#16242);
#16240=LINE('',#88,#16243);
#16241=LINE('',#148,#16244);
#16242=VECTOR('',#16245,1.0);
#16243=VECTOR('',#16246,1.0);
#16244=VECTOR('',#16247,1.0);
#16245=DIRECTION('',(0,0,-1));
#16246=DIRECTION('',(0,-1,2.2204456421794888E-16));
#16247=DIRECTION('',(0,0.9744101327832669,0.2247774302044047));
#16248=FACE_SURFACE('',(#16253),#16249,.T.);
#16249=PLANE('',#16250);
#16250=AXIS2_PLACEMENT_3D('',#496,#16251,#16252);
#16251=DIRECTION('',(-1,-0,0));
#16252=DIRECTION('',(0,-0.9744101327832669,-0.2247774302044047));
#16253=FACE_BOUND('',#16254,.T.);
#16254=EDGE_LOOP('',(#16255,#16256,#16257));
#16255=ORIENTED_EDGE('',*,*,#16258,.T.);
#16256=ORIENTED_EDGE('',*,*,#16259,.T.);
#16257=ORIENTED_EDGE('',*,*,#16260,.T.);
#16258=EDGE_CURVE('',#497,#149,#16261,.F.);
#16259=EDGE_CURVE('',#149,#539,#16262,.T.);
#16260=EDGE_CURVE('',#539,#497,#16263,.T.);
#16261=LINE('',#496,#16264);
#16262=LINE('',#148,#16265);
#16263=LINE('',#538,#16266);
#16264=VECTOR('',#16267,1.0);
#16265=VECTOR('',#16268,1.0);
#16266=VECTOR('',#16269,1.0);
#16267=DIRECTION('',(0,-0.9744101327832669,-0.2247774302044047));
#16268=DIRECTION('',(0,0,1));
#16269=DIRECTION('',(0,1,0));
#16270=FACE_SURFACE('',(#16275),#16271,.T.);
#16271=PLANE('',#16272);
#16272=AXIS2_PLACEMENT_3D('',#746,#16273,#16274);
#16273=DIRECTION('',(-0.8985593833181306,-0.43885195072021804,0));
#16274=DIRECTION('',(0.4388519507202181,-0.8985593833181307,1.0207776779278844E-16));
#16275=FACE_BOUND('',#16276,.T.);
#16276=EDGE_LOOP('',(#16277,#16278,#16279));
#16277=ORIENTED_EDGE('',*,*,#16280,.T.);
#16278=ORIENTED_EDGE('',*,*,#16281,.T.);
#16279=ORIENTED_EDGE('',*,*,#16282,.T.);
#16280=EDGE_CURVE('',#747,#749,#16283,.F.);
#16281=EDGE_CURVE('',#749,#855,#16284,.T.);
#16282=EDGE_CURVE('',#855,#747,#16285,.T.);
#16283=LINE('',#746,#16286);
#16284=LINE('',#748,#16287);
#16285=LINE('',#854,#16288);
#16286=VECTOR('',#16289,1.0);
#16287=VECTOR('',#16290,1.0);
#16288=VECTOR('',#16291,1.0);
#16289=DIRECTION('',(0.4388519507202181,-0.8985593833181307,1.0207776779278844E-16));
#16290=DIRECTION('',(-0.013993455400530593,0.028651919251025098,0.9994914960764728));
#16291=DIRECTION('',(0,0,-1));
#16292=FACE_SURFACE('',(#16297),#16293,.T.);
#16293=PLANE('',#16294);
#16294=AXIS2_PLACEMENT_3D('',#650,#16295,#16296);
#16295=DIRECTION('',(-0.557126956502431,0.8304273323646918,0));
#16296=DIRECTION('',(0,0,1));
#16297=FACE_BOUND('',#16298,.T.);
#16298=EDGE_LOOP('',(#16299,#16300,#16301));
#16299=ORIENTED_EDGE('',*,*,#16302,.T.);
#16300=ORIENTED_EDGE('',*,*,#16303,.T.);
#16301=ORIENTED_EDGE('',*,*,#16304,.T.);
#16302=EDGE_CURVE('',#651,#483,#16305,.F.);
#16303=EDGE_CURVE('',#483,#487,#16306,.T.);
#16304=EDGE_CURVE('',#487,#651,#16307,.T.);
#16305=LINE('',#650,#16308);
#16306=LINE('',#482,#16309);
#16307=LINE('',#486,#16310);
#16308=VECTOR('',#16311,1.0);
#16309=VECTOR('',#16312,1.0);
#16310=VECTOR('',#16313,1.0);
#16311=DIRECTION('',(0,0,1));
#16312=DIRECTION('',(0.8304273323646918,0.557126956502431,0));
#16313=DIRECTION('',(-0.026319626035663107,-0.01765762346450748,-0.9994976166149314));
#16314=FACE_SURFACE('',(#16319),#16315,.T.);
#16315=PLANE('',#16316);
#16316=AXIS2_PLACEMENT_3D('',#546,#16317,#16318);
#16317=DIRECTION('',(1,0,0));
#16318=DIRECTION('',(0,0,-1));
#16319=FACE_BOUND('',#16320,.T.);
#16320=EDGE_LOOP('',(#16321,#16322,#16323));
#16321=ORIENTED_EDGE('',*,*,#16324,.T.);
#16322=ORIENTED_EDGE('',*,*,#16325,.T.);
#16323=ORIENTED_EDGE('',*,*,#16326,.T.);
#16324=EDGE_CURVE('',#547,#447,#16327,.F.);
#16325=EDGE_CURVE('',#447,#143,#16328,.T.);
#16326=EDGE_CURVE('',#143,#547,#16329,.T.);
#16327=LINE('',#546,#16330);
#16328=LINE('',#446,#16331);
#16329=LINE('',#142,#16332);
#16330=VECTOR('',#16333,1.0);
#16331=VECTOR('',#16334,1.0);
#16332=VECTOR('',#16335,1.0);
#16333=DIRECTION('',(0,0,-1));
#16334=DIRECTION('',(0,1,-2.2204456421794888E-16));
#16335=DIRECTION('',(0,-0.9744101327832669,0.22477743020440502));
#16336=FACE_SURFACE('',(#16341),#16337,.T.);
#16337=PLANE('',#16338);
#16338=AXIS2_PLACEMENT_3D('',#546,#16339,#16340);
#16339=DIRECTION('',(1,-0,0));
#16340=DIRECTION('',(0,0.9744101327832669,-0.22477743020440502));
#16341=FACE_BOUND('',#16342,.T.);
#16342=EDGE_LOOP('',(#16343,#16344,#16345));
#16343=ORIENTED_EDGE('',*,*,#16346,.T.);
#16344=ORIENTED_EDGE('',*,*,#16347,.T.);
#16345=ORIENTED_EDGE('',*,*,#16348,.T.);
#16346=EDGE_CURVE('',#547,#143,#16349,.F.);
#16347=EDGE_CURVE('',#143,#555,#16350,.T.);
#16348=EDGE_CURVE('',#555,#547,#16351,.T.);
#16349=LINE('',#546,#16352);
#16350=LINE('',#142,#16353);
#16351=LINE('',#554,#16354);
#16352=VECTOR('',#16355,1.0);
#16353=VECTOR('',#16356,1.0);
#16354=VECTOR('',#16357,1.0);
#16355=DIRECTION('',(0,0.9744101327832669,-0.22477743020440502));
#16356=DIRECTION('',(0,0,1));
#16357=DIRECTION('',(0,-1,0));
#16358=FACE_SURFACE('',(#16363),#16359,.T.);
#16359=PLANE('',#16360);
#16360=AXIS2_PLACEMENT_3D('',#90,#16361,#16362);
#16361=DIRECTION('',(0.4388397890843248,0.8985653228989118,-0));
#16362=DIRECTION('',(-0.8985653228989117,0.43883978908432475,1.0208399968910028E-16));
#16363=FACE_BOUND('',#16364,.T.);
#16364=EDGE_LOOP('',(#16365,#16366,#16367));
#16365=ORIENTED_EDGE('',*,*,#16368,.T.);
#16366=ORIENTED_EDGE('',*,*,#16369,.T.);
#16367=ORIENTED_EDGE('',*,*,#16370,.T.);
#16368=EDGE_CURVE('',#91,#95,#16371,.F.);
#16369=EDGE_CURVE('',#95,#337,#16372,.T.);
#16370=EDGE_CURVE('',#337,#91,#16373,.T.);
#16371=LINE('',#90,#16374);
#16372=LINE('',#94,#16375);
#16373=LINE('',#336,#16376);
#16374=VECTOR('',#16377,1.0);
#16375=VECTOR('',#16378,1.0);
#16376=VECTOR('',#16379,1.0);
#16377=DIRECTION('',(-0.8985653228989117,0.43883978908432475,1.0208399968910028E-16));
#16378=DIRECTION('',(0.02865160203683773,-0.013992820192760085,0.9994915140629137));
#16379=DIRECTION('',(0,0,-1));
#16380=FACE_SURFACE('',(#16385),#16381,.T.);
#16381=PLANE('',#16382);
#16382=AXIS2_PLACEMENT_3D('',#226,#16383,#16384);
#16383=DIRECTION('',(-0.43883211779917664,0.8985690693474205,0));
#16384=DIRECTION('',(0.8985690693474205,0.43883211779917664,0));
#16385=FACE_BOUND('',#16386,.T.);
#16386=EDGE_LOOP('',(#16387,#16388,#16389));
#16387=ORIENTED_EDGE('',*,*,#16390,.T.);
#16388=ORIENTED_EDGE('',*,*,#16391,.T.);
#16389=ORIENTED_EDGE('',*,*,#16392,.T.);
#16390=EDGE_CURVE('',#227,#483,#16393,.F.);
#16391=EDGE_CURVE('',#483,#651,#16394,.T.);
#16392=EDGE_CURVE('',#651,#227,#16395,.T.);
#16393=LINE('',#226,#16396);
#16394=LINE('',#482,#16397);
#16395=LINE('',#650,#16398);
#16396=VECTOR('',#16399,1.0);
#16397=VECTOR('',#16400,1.0);
#16398=VECTOR('',#16401,1.0);
#16399=DIRECTION('',(0.8985690693474205,0.43883211779917664,0));
#16400=DIRECTION('',(0,0,-1));
#16401=DIRECTION('',(-0.028652871785244213,-0.013993137350786652,0.9994914732230288));
#16402=FACE_SURFACE('',(#16407),#16403,.T.);
#16403=PLANE('',#16404);
#16404=AXIS2_PLACEMENT_3D('',#126,#16405,#16406);
#16405=DIRECTION('',(0.19002128047862832,0.9817799717682484,0));
#16406=DIRECTION('',(0,0,-1));
#16407=FACE_BOUND('',#16408,.T.);
#16408=EDGE_LOOP('',(#16409,#16410,#16411));
#16409=ORIENTED_EDGE('',*,*,#16412,.T.);
#16410=ORIENTED_EDGE('',*,*,#16413,.T.);
#16411=ORIENTED_EDGE('',*,*,#16414,.T.);
#16412=EDGE_CURVE('',#127,#213,#16415,.F.);
#16413=EDGE_CURVE('',#213,#293,#16416,.T.);
#16414=EDGE_CURVE('',#293,#127,#16417,.T.);
#16415=LINE('',#126,#16418);
#16416=LINE('',#212,#16419);
#16417=LINE('',#292,#16420);
#16418=VECTOR('',#16421,1.0);
#16419=VECTOR('',#16422,1.0);
#16420=VECTOR('',#16423,1.0);
#16421=DIRECTION('',(0,0,-1));
#16422=DIRECTION('',(-0.9817799717682484,0.19002128047862832,1.758012747638222E-16));
#16423=DIRECTION('',(0.03098406034029313,-0.0059968944056636095,0.9995018885736617));
#16424=FACE_SURFACE('',(#16429),#16425,.T.);
#16425=PLANE('',#16426);
#16426=AXIS2_PLACEMENT_3D('',#414,#16427,#16428);
#16427=DIRECTION('',(-1,0,-0));
#16428=DIRECTION('',(0,0,-1));
#16429=FACE_BOUND('',#16430,.T.);
#16430=EDGE_LOOP('',(#16431,#16432,#16433));
#16431=ORIENTED_EDGE('',*,*,#16434,.T.);
#16432=ORIENTED_EDGE('',*,*,#16435,.T.);
#16433=ORIENTED_EDGE('',*,*,#16436,.T.);
#16434=EDGE_CURVE('',#415,#141,#16437,.F.);
#16435=EDGE_CURVE('',#141,#479,#16438,.T.);
#16436=EDGE_CURVE('',#479,#415,#16439,.T.);
#16437=LINE('',#414,#16440);
#16438=LINE('',#140,#16441);
#16439=LINE('',#478,#16442);
#16440=VECTOR('',#16443,1.0);
#16441=VECTOR('',#16444,1.0);
#16442=VECTOR('',#16445,1.0);
#16443=DIRECTION('',(0,0,-1));
#16444=DIRECTION('',(0,-1,2.2204459678361482E-16));
#16445=DIRECTION('',(0,0.9744101327832669,0.22477743020440502));
#16446=FACE_SURFACE('',(#16451),#16447,.T.);
#16447=PLANE('',#16448);
#16448=AXIS2_PLACEMENT_3D('',#414,#16449,#16450);
#16449=DIRECTION('',(-1,-0,0));
#16450=DIRECTION('',(0,-0.9744101327832669,-0.22477743020440502));
#16451=FACE_BOUND('',#16452,.T.);
#16452=EDGE_LOOP('',(#16453,#16454,#16455));
#16453=ORIENTED_EDGE('',*,*,#16456,.T.);
#16454=ORIENTED_EDGE('',*,*,#16457,.T.);
#16455=ORIENTED_EDGE('',*,*,#16458,.T.);
#16456=EDGE_CURVE('',#415,#479,#16459,.F.);
#16457=EDGE_CURVE('',#479,#371,#16460,.T.);
#16458=EDGE_CURVE('',#371,#415,#16461,.T.);
#16459=LINE('',#414,#16462);
#16460=LINE('',#478,#16463);
#16461=LINE('',#370,#16464);
#16462=VECTOR('',#16465,1.0);
#16463=VECTOR('',#16466,1.0);
#16464=VECTOR('',#16467,1.0);
#16465=DIRECTION('',(0,-0.9744101327832669,-0.22477743020440502));
#16466=DIRECTION('',(0,0,1));
#16467=DIRECTION('',(0,1,0));
#16468=FACE_SURFACE('',(#16473),#16469,.T.);
#16469=PLANE('',#16470);
#16470=AXIS2_PLACEMENT_3D('',#96,#16471,#16472);
#16471=DIRECTION('',(0.5571084046574509,0.8304397783464071,0));
#16472=DIRECTION('',(0.026320896082141176,-0.0176576228738401,0.999497583180609));
#16473=FACE_BOUND('',#16474,.T.);
#16474=EDGE_LOOP('',(#16475,#16476,#16477));
#16475=ORIENTED_EDGE('',*,*,#16478,.T.);
#16476=ORIENTED_EDGE('',*,*,#16479,.T.);
#16477=ORIENTED_EDGE('',*,*,#16480,.T.);
#16478=EDGE_CURVE('',#97,#347,#16481,.F.);
#16479=EDGE_CURVE('',#347,#95,#16482,.T.);
#16480=EDGE_CURVE('',#95,#97,#16483,.T.);
#16481=LINE('',#96,#16484);
#16482=LINE('',#346,#16485);
#16483=LINE('',#94,#16486);
#16484=VECTOR('',#16487,1.0);
#16485=VECTOR('',#16488,1.0);
#16486=VECTOR('',#16489,1.0);
#16487=DIRECTION('',(0.026320896082141176,-0.0176576228738401,0.999497583180609));
#16488=DIRECTION('',(0,0,-1));
#16489=DIRECTION('',(-0.8304397783464071,0.5571084046574509,6.068730505742489E-17));
#16490=FACE_SURFACE('',(#16495),#16491,.T.);
#16491=PLANE('',#16492);
#16492=AXIS2_PLACEMENT_3D('',#380,#16493,#16494);
#16493=DIRECTION('',(1,0,0));
#16494=DIRECTION('',(0,0,-1));
#16495=FACE_BOUND('',#16496,.T.);
#16496=EDGE_LOOP('',(#16497,#16498,#16499));
#16497=ORIENTED_EDGE('',*,*,#16500,.T.);
#16498=ORIENTED_EDGE('',*,*,#16501,.T.);
#16499=ORIENTED_EDGE('',*,*,#16502,.T.);
#16500=EDGE_CURVE('',#381,#109,#16503,.F.);
#16501=EDGE_CURVE('',#109,#477,#16504,.T.);
#16502=EDGE_CURVE('',#477,#381,#16505,.T.);
#16503=LINE('',#380,#16506);
#16504=LINE('',#108,#16507);
#16505=LINE('',#476,#16508);
#16506=VECTOR('',#16509,1.0);
#16507=VECTOR('',#16510,1.0);
#16508=VECTOR('',#16511,1.0);
#16509=DIRECTION('',(0,0,-1));
#16510=DIRECTION('',(0,1,-2.2204459678361482E-16));
#16511=DIRECTION('',(0,-0.9744101327832668,0.2247774302044053));
#16512=FACE_SURFACE('',(#16517),#16513,.T.);
#16513=PLANE('',#16514);
#16514=AXIS2_PLACEMENT_3D('',#380,#16515,#16516);
#16515=DIRECTION('',(1,-0,0));
#16516=DIRECTION('',(0,0.9744101327832668,-0.2247774302044053));
#16517=FACE_BOUND('',#16518,.T.);
#16518=EDGE_LOOP('',(#16519,#16520,#16521));
#16519=ORIENTED_EDGE('',*,*,#16522,.T.);
#16520=ORIENTED_EDGE('',*,*,#16523,.T.);
#16521=ORIENTED_EDGE('',*,*,#16524,.T.);
#16522=EDGE_CURVE('',#381,#477,#16525,.F.);
#16523=EDGE_CURVE('',#477,#369,#16526,.T.);
#16524=EDGE_CURVE('',#369,#381,#16527,.T.);
#16525=LINE('',#380,#16528);
#16526=LINE('',#476,#16529);
#16527=LINE('',#368,#16530);
#16528=VECTOR('',#16531,1.0);
#16529=VECTOR('',#16532,1.0);
#16530=VECTOR('',#16533,1.0);
#16531=DIRECTION('',(0,0.9744101327832668,-0.2247774302044053));
#16532=DIRECTION('',(0,0,1));
#16533=DIRECTION('',(0,-1,0));
#16534=FACE_SURFACE('',(#16539),#16535,.T.);
#16535=PLANE('',#16536);
#16536=AXIS2_PLACEMENT_3D('',#866,#16537,#16538);
#16537=DIRECTION('',(-0.9972963075777806,0.07348520185537084,0));
#16538=DIRECTION('',(0.07348520185537083,0.9972963075777806,0));
#16539=FACE_BOUND('',#16540,.T.);
#16540=EDGE_LOOP('',(#16541,#16542,#16543));
#16541=ORIENTED_EDGE('',*,*,#16544,.T.);
#16542=ORIENTED_EDGE('',*,*,#16545,.T.);
#16543=ORIENTED_EDGE('',*,*,#16546,.T.);
#16544=EDGE_CURVE('',#867,#249,#16547,.F.);
#16545=EDGE_CURVE('',#249,#687,#16548,.T.);
#16546=EDGE_CURVE('',#687,#867,#16549,.T.);
#16547=LINE('',#866,#16550);
#16548=LINE('',#248,#16551);
#16549=LINE('',#686,#16552);
#16550=VECTOR('',#16553,1.0);
#16551=VECTOR('',#16554,1.0);
#16552=VECTOR('',#16555,1.0);
#16553=DIRECTION('',(0.07348520185537083,0.9972963075777806,0));
#16554=DIRECTION('',(-0.0023321478123150864,-0.03165048667247344,-0.999496277021569));
#16555=DIRECTION('',(0,0,1));
#16556=FACE_SURFACE('',(#16561),#16557,.T.);
#16557=PLANE('',#16558);
#16558=AXIS2_PLACEMENT_3D('',#688,#16559,#16560);
#16559=DIRECTION('',(-0.9972963075777806,0.07348520185537084,0));
#16560=DIRECTION('',(-0.07348520185537083,-0.9972963075777806,2.3776236873487123E-16));
#16561=FACE_BOUND('',#16562,.T.);
#16562=EDGE_LOOP('',(#16563,#16564,#16565));
#16563=ORIENTED_EDGE('',*,*,#16566,.T.);
#16564=ORIENTED_EDGE('',*,*,#16567,.T.);
#16565=ORIENTED_EDGE('',*,*,#16568,.T.);
#16566=EDGE_CURVE('',#689,#687,#16569,.F.);
#16567=EDGE_CURVE('',#687,#249,#16570,.T.);
#16568=EDGE_CURVE('',#249,#689,#16571,.T.);
#16569=LINE('',#688,#16572);
#16570=LINE('',#686,#16573);
#16571=LINE('',#248,#16574);
#16572=VECTOR('',#16575,1.0);
#16573=VECTOR('',#16576,1.0);
#16574=VECTOR('',#16577,1.0);
#16575=DIRECTION('',(-0.07348520185537083,-0.9972963075777806,2.3776236873487123E-16));
#16576=DIRECTION('',(0.0023321478123150864,0.03165048667247344,0.999496277021569));
#16577=DIRECTION('',(0,0,-1));
#16578=FACE_SURFACE('',(#16583),#16579,.T.);
#16579=PLANE('',#16580);
#16580=AXIS2_PLACEMENT_3D('',#776,#16581,#16582);
#16581=DIRECTION('',(-0.19003098480468156,0.9817780934682557,0));
#16582=DIRECTION('',(-0.9817780934682556,-0.19003098480468153,2.601961193481732E-16));
#16583=FACE_BOUND('',#16584,.T.);
#16584=EDGE_LOOP('',(#16585,#16586,#16587));
#16585=ORIENTED_EDGE('',*,*,#16588,.T.);
#16586=ORIENTED_EDGE('',*,*,#16589,.T.);
#16587=ORIENTED_EDGE('',*,*,#16590,.T.);
#16588=EDGE_CURVE('',#777,#733,#16591,.F.);
#16589=EDGE_CURVE('',#733,#637,#16592,.T.);
#16590=EDGE_CURVE('',#637,#777,#16593,.T.);
#16591=LINE('',#776,#16594);
#16592=LINE('',#732,#16595);
#16593=LINE('',#636,#16596);
#16594=VECTOR('',#16597,1.0);
#16595=VECTOR('',#16598,1.0);
#16596=VECTOR('',#16599,1.0);
#16597=DIRECTION('',(-0.9817780934682556,-0.19003098480468153,2.601961193481732E-16));
#16598=DIRECTION('',(0.030984060281254236,0.005997212127329604,0.9995018866691485));
#16599=DIRECTION('',(0,0,-1));
#16600=FACE_SURFACE('',(#16605),#16601,.T.);
#16601=PLANE('',#16602);
#16602=AXIS2_PLACEMENT_3D('',#738,#16603,#16604);
#16603=DIRECTION('',(-0.19003098480468156,0.9817780934682557,0));
#16604=DIRECTION('',(0.9817780934682556,0.19003098480468153,0));
#16605=FACE_BOUND('',#16606,.T.);
#16606=EDGE_LOOP('',(#16607,#16608,#16609));
#16607=ORIENTED_EDGE('',*,*,#16610,.T.);
#16608=ORIENTED_EDGE('',*,*,#16611,.T.);
#16609=ORIENTED_EDGE('',*,*,#16612,.T.);
#16610=EDGE_CURVE('',#739,#637,#16613,.F.);
#16611=EDGE_CURVE('',#637,#733,#16614,.T.);
#16612=EDGE_CURVE('',#733,#739,#16615,.T.);
#16613=LINE('',#738,#16616);
#16614=LINE('',#636,#16617);
#16615=LINE('',#732,#16618);
#16616=VECTOR('',#16619,1.0);
#16617=VECTOR('',#16620,1.0);
#16618=VECTOR('',#16621,1.0);
#16619=DIRECTION('',(0.9817780934682556,0.19003098480468153,0));
#16620=DIRECTION('',(-0.030984060281254236,-0.005997212127329604,-0.9995018866691485));
#16621=DIRECTION('',(0,0,1));
#16622=FACE_SURFACE('',(#16627),#16623,.T.);
#16623=PLANE('',#16624);
#16624=AXIS2_PLACEMENT_3D('',#308,#16625,#16626);
#16625=DIRECTION('',(-1,0,-0));
#16626=DIRECTION('',(0,0,-1));
#16627=FACE_BOUND('',#16628,.T.);
#16628=EDGE_LOOP('',(#16629,#16630,#16631));
#16629=ORIENTED_EDGE('',*,*,#16632,.T.);
#16630=ORIENTED_EDGE('',*,*,#16633,.T.);
#16631=ORIENTED_EDGE('',*,*,#16634,.T.);
#16632=EDGE_CURVE('',#309,#591,#16635,.F.);
#16633=EDGE_CURVE('',#591,#259,#16636,.T.);
#16634=EDGE_CURVE('',#259,#309,#16637,.T.);
#16635=LINE('',#308,#16638);
#16636=LINE('',#590,#16639);
#16637=LINE('',#258,#16640);
#16638=VECTOR('',#16641,1.0);
#16639=VECTOR('',#16642,1.0);
#16640=VECTOR('',#16643,1.0);
#16641=DIRECTION('',(0,0,-1));
#16642=DIRECTION('',(0,-1,2.220446130664478E-16));
#16643=DIRECTION('',(0,0.9744101327832668,0.2247774302044053));
#16644=FACE_SURFACE('',(#16649),#16645,.T.);
#16645=PLANE('',#16646);
#16646=AXIS2_PLACEMENT_3D('',#308,#16647,#16648);
#16647=DIRECTION('',(-1,-0,0));
#16648=DIRECTION('',(0,-0.9744101327832668,-0.2247774302044053));
#16649=FACE_BOUND('',#16650,.T.);
#16650=EDGE_LOOP('',(#16651,#16652,#16653));
#16651=ORIENTED_EDGE('',*,*,#16654,.T.);
#16652=ORIENTED_EDGE('',*,*,#16655,.T.);
#16653=ORIENTED_EDGE('',*,*,#16656,.T.);
#16654=EDGE_CURVE('',#309,#259,#16657,.F.);
#16655=EDGE_CURVE('',#259,#287,#16658,.T.);
#16656=EDGE_CURVE('',#287,#309,#16659,.T.);
#16657=LINE('',#308,#16660);
#16658=LINE('',#258,#16661);
#16659=LINE('',#286,#16662);
#16660=VECTOR('',#16663,1.0);
#16661=VECTOR('',#16664,1.0);
#16662=VECTOR('',#16665,1.0);
#16663=DIRECTION('',(0,-0.9744101327832668,-0.2247774302044053));
#16664=DIRECTION('',(0,0,1));
#16665=DIRECTION('',(0,1,0));
#16666=FACE_SURFACE('',(#16671),#16667,.T.);
#16667=PLANE('',#16668);
#16668=AXIS2_PLACEMENT_3D('',#106,#16669,#16670);
#16669=DIRECTION('',(0.6637181547720364,0.7479827611823704,-0));
#16670=DIRECTION('',(0,0,1));
#16671=FACE_BOUND('',#16672,.T.);
#16672=EDGE_LOOP('',(#16673,#16674,#16675));
#16673=ORIENTED_EDGE('',*,*,#16676,.T.);
#16674=ORIENTED_EDGE('',*,*,#16677,.T.);
#16675=ORIENTED_EDGE('',*,*,#16678,.T.);
#16676=EDGE_CURVE('',#107,#357,#16679,.F.);
#16677=EDGE_CURVE('',#357,#97,#16680,.T.);
#16678=EDGE_CURVE('',#97,#107,#16681,.T.);
#16679=LINE('',#106,#16682);
#16680=LINE('',#356,#16683);
#16681=LINE('',#96,#16684);
#16682=VECTOR('',#16685,1.0);
#16683=VECTOR('',#16686,1.0);
#16684=VECTOR('',#16687,1.0);
#16685=DIRECTION('',(0,0,1));
#16686=DIRECTION('',(0.023654544431215695,-0.020989722486440737,-0.999499821949806));
#16687=DIRECTION('',(-0.7479827611823705,0.6637181547720366,1.871273213274242E-17));
#16688=FACE_SURFACE('',(#16693),#16689,.T.);
#16689=PLANE('',#16690);
#16690=AXIS2_PLACEMENT_3D('',#866,#16691,#16692);
#16691=DIRECTION('',(-0.9817769422679222,0.19003693228172544,0));
#16692=DIRECTION('',(0,0,-1));
#16693=FACE_BOUND('',#16694,.T.);
#16694=EDGE_LOOP('',(#16695,#16696,#16697));
#16695=ORIENTED_EDGE('',*,*,#16698,.T.);
#16696=ORIENTED_EDGE('',*,*,#16699,.T.);
#16697=ORIENTED_EDGE('',*,*,#16700,.T.);
#16698=EDGE_CURVE('',#867,#687,#16701,.F.);
#16699=EDGE_CURVE('',#687,#869,#16702,.T.);
#16700=EDGE_CURVE('',#869,#867,#16703,.T.);
#16701=LINE('',#866,#16704);
#16702=LINE('',#686,#16705);
#16703=LINE('',#868,#16706);
#16704=VECTOR('',#16707,1.0);
#16705=VECTOR('',#16708,1.0);
#16706=VECTOR('',#16709,1.0);
#16707=DIRECTION('',(0,0,-1));
#16708=DIRECTION('',(-0.0059975297309052215,-0.030984695078322494,0.9995018650848183));
#16709=DIRECTION('',(0.1900369322817254,0.9817769422679222,0));
#16710=FACE_SURFACE('',(#16715),#16711,.T.);
#16711=PLANE('',#16712);
#16712=AXIS2_PLACEMENT_3D('',#644,#16713,#16714);
#16713=DIRECTION('',(-0.9817769422679222,0.19003693228172544,0));
#16714=DIRECTION('',(0,0,1));
#16715=FACE_BOUND('',#16716,.T.);
#16716=EDGE_LOOP('',(#16717,#16718,#16719));
#16717=ORIENTED_EDGE('',*,*,#16720,.T.);
#16718=ORIENTED_EDGE('',*,*,#16721,.T.);
#16719=ORIENTED_EDGE('',*,*,#16722,.T.);
#16720=EDGE_CURVE('',#645,#869,#16723,.F.);
#16721=EDGE_CURVE('',#869,#687,#16724,.T.);
#16722=EDGE_CURVE('',#687,#645,#16725,.T.);
#16723=LINE('',#644,#16726);
#16724=LINE('',#868,#16727);
#16725=LINE('',#686,#16728);
#16726=VECTOR('',#16729,1.0);
#16727=VECTOR('',#16730,1.0);
#16728=VECTOR('',#16731,1.0);
#16729=DIRECTION('',(0,0,1));
#16730=DIRECTION('',(0.0059975297309052215,0.030984695078322494,-0.9995018650848183));
#16731=DIRECTION('',(-0.1900369322817254,-0.9817769422679222,2.6019047788599823E-16));
#16732=FACE_SURFACE('',(#16737),#16733,.T.);
#16733=PLANE('',#16734);
#16734=AXIS2_PLACEMENT_3D('',#210,#16735,#16736);
#16735=DIRECTION('',(0,1,0));
#16736=DIRECTION('',(0,0,1));
#16737=FACE_BOUND('',#16738,.T.);
#16738=EDGE_LOOP('',(#16739,#16740,#16741));
#16739=ORIENTED_EDGE('',*,*,#16742,.T.);
#16740=ORIENTED_EDGE('',*,*,#16743,.T.);
#16741=ORIENTED_EDGE('',*,*,#16744,.T.);
#16742=EDGE_CURVE('',#211,#133,#16745,.F.);
#16743=EDGE_CURVE('',#133,#539,#16746,.T.);
#16744=EDGE_CURVE('',#539,#211,#16747,.T.);
#16745=LINE('',#210,#16748);
#16746=LINE('',#132,#16749);
#16747=LINE('',#538,#16750);
#16748=VECTOR('',#16751,1.0);
#16749=VECTOR('',#16752,1.0);
#16750=VECTOR('',#16753,1.0);
#16751=DIRECTION('',(0,0,1));
#16752=DIRECTION('',(1,0,0));
#16753=DIRECTION('',(-0.9743987730190702,0,-0.224826669100733));
#16754=FACE_SURFACE('',(#16759),#16755,.T.);
#16755=PLANE('',#16756);
#16756=AXIS2_PLACEMENT_3D('',#210,#16757,#16758);
#16757=DIRECTION('',(-0,1,0));
#16758=DIRECTION('',(0.9743987730190702,0,0.224826669100733));
#16759=FACE_BOUND('',#16760,.T.);
#16760=EDGE_LOOP('',(#16761,#16762,#16763));
#16761=ORIENTED_EDGE('',*,*,#16764,.T.);
#16762=ORIENTED_EDGE('',*,*,#16765,.T.);
#16763=ORIENTED_EDGE('',*,*,#16766,.T.);
#16764=EDGE_CURVE('',#211,#539,#16767,.F.);
#16765=EDGE_CURVE('',#539,#149,#16768,.T.);
#16766=EDGE_CURVE('',#149,#211,#16769,.T.);
#16767=LINE('',#210,#16770);
#16768=LINE('',#538,#16771);
#16769=LINE('',#148,#16772);
#16770=VECTOR('',#16773,1.0);
#16771=VECTOR('',#16774,1.0);
#16772=VECTOR('',#16775,1.0);
#16773=DIRECTION('',(0.9743987730190702,0,0.224826669100733));
#16774=DIRECTION('',(0,0,-1));
#16775=DIRECTION('',(-1,0,2.220446537848004E-16));
#16776=FACE_SURFACE('',(#16781),#16777,.T.);
#16777=PLANE('',#16778);
#16778=AXIS2_PLACEMENT_3D('',#730,#16779,#16780);
#16779=DIRECTION('',(-0.06302694742222241,0.9980118255304575,0));
#16780=DIRECTION('',(0.031651144343056575,0.0019988490710545386,0.999496978316676));
#16781=FACE_BOUND('',#16782,.T.);
#16782=EDGE_LOOP('',(#16783,#16784,#16785));
#16783=ORIENTED_EDGE('',*,*,#16786,.T.);
#16784=ORIENTED_EDGE('',*,*,#16787,.T.);
#16785=ORIENTED_EDGE('',*,*,#16788,.T.);
#16786=EDGE_CURVE('',#731,#739,#16789,.F.);
#16787=EDGE_CURVE('',#739,#733,#16790,.T.);
#16788=EDGE_CURVE('',#733,#731,#16791,.T.);
#16789=LINE('',#730,#16792);
#16790=LINE('',#738,#16793);
#16791=LINE('',#732,#16794);
#16792=VECTOR('',#16795,1.0);
#16793=VECTOR('',#16796,1.0);
#16794=VECTOR('',#16797,1.0);
#16795=DIRECTION('',(0.031651144343056575,0.0019988490710545386,0.999496978316676));
#16796=DIRECTION('',(0,0,-1));
#16797=DIRECTION('',(-0.9980118255304575,-0.06302694742222241,2.3560905801930986E-16));
#16798=FACE_SURFACE('',(#16803),#16799,.T.);
#16799=PLANE('',#16800);
#16800=AXIS2_PLACEMENT_3D('',#684,#16801,#16802);
#16801=DIRECTION('',(0.43883997608734,0.8985652315706761,-0));
#16802=DIRECTION('',(0,0,1));
#16803=FACE_BOUND('',#16804,.T.);
#16804=EDGE_LOOP('',(#16805,#16806,#16807));
#16805=ORIENTED_EDGE('',*,*,#16808,.T.);
#16806=ORIENTED_EDGE('',*,*,#16809,.T.);
#16807=ORIENTED_EDGE('',*,*,#16810,.T.);
#16808=EDGE_CURVE('',#685,#199,#16811,.F.);
#16809=EDGE_CURVE('',#199,#203,#16812,.T.);
#16810=EDGE_CURVE('',#203,#685,#16813,.T.);
#16811=LINE('',#684,#16814);
#16812=LINE('',#198,#16815);
#16813=LINE('',#202,#16816);
#16814=VECTOR('',#16817,1.0);
#16815=VECTOR('',#16818,1.0);
#16816=VECTOR('',#16819,1.0);
#16817=DIRECTION('',(0,0,1));
#16818=DIRECTION('',(0.8985652315706761,-0.43883997608734,0));
#16819=DIRECTION('',(-0.028652236847366102,0.013993137605567328,-0.9994914914213097));
#16820=FACE_SURFACE('',(#16825),#16821,.T.);
#16821=PLANE('',#16822);
#16822=AXIS2_PLACEMENT_3D('',#446,#16823,#16824);
#16823=DIRECTION('',(0,1,0));
#16824=DIRECTION('',(0,0,1));
#16825=FACE_BOUND('',#16826,.T.);
#16826=EDGE_LOOP('',(#16827,#16828,#16829));
#16827=ORIENTED_EDGE('',*,*,#16830,.T.);
#16828=ORIENTED_EDGE('',*,*,#16831,.T.);
#16829=ORIENTED_EDGE('',*,*,#16832,.T.);
#16830=EDGE_CURVE('',#447,#547,#16833,.F.);
#16831=EDGE_CURVE('',#547,#371,#16834,.T.);
#16832=EDGE_CURVE('',#371,#447,#16835,.T.);
#16833=LINE('',#446,#16836);
#16834=LINE('',#546,#16837);
#16835=LINE('',#370,#16838);
#16836=VECTOR('',#16839,1.0);
#16837=VECTOR('',#16840,1.0);
#16838=VECTOR('',#16841,1.0);
#16839=DIRECTION('',(0,0,1));
#16840=DIRECTION('',(1,0,0));
#16841=DIRECTION('',(-0.9743987730190702,0,-0.22482666910073332));
#16842=FACE_SURFACE('',(#16847),#16843,.T.);
#16843=PLANE('',#16844);
#16844=AXIS2_PLACEMENT_3D('',#446,#16845,#16846);
#16845=DIRECTION('',(-0,1,0));
#16846=DIRECTION('',(0.9743987730190702,0,0.22482666910073332));
#16847=FACE_BOUND('',#16848,.T.);
#16848=EDGE_LOOP('',(#16849,#16850,#16851));
#16849=ORIENTED_EDGE('',*,*,#16852,.T.);
#16850=ORIENTED_EDGE('',*,*,#16853,.T.);
#16851=ORIENTED_EDGE('',*,*,#16854,.T.);
#16852=EDGE_CURVE('',#447,#371,#16855,.F.);
#16853=EDGE_CURVE('',#371,#479,#16856,.T.);
#16854=EDGE_CURVE('',#479,#447,#16857,.T.);
#16855=LINE('',#446,#16858);
#16856=LINE('',#370,#16859);
#16857=LINE('',#478,#16860);
#16858=VECTOR('',#16861,1.0);
#16859=VECTOR('',#16862,1.0);
#16860=VECTOR('',#16863,1.0);
#16861=DIRECTION('',(0.9743987730190702,0,0.22482666910073332));
#16862=DIRECTION('',(0,0,-1));
#16863=DIRECTION('',(-1,0,2.2204458863844162E-16));
#16864=FACE_SURFACE('',(#16869),#16865,.T.);
#16865=PLANE('',#16866);
#16866=AXIS2_PLACEMENT_3D('',#372,#16867,#16868);
#16867=DIRECTION('',(-0.9454904622716918,0.3256497900402563,0));
#16868=DIRECTION('',(0.3256497900402563,0.9454904622716916,0));
#16869=FACE_BOUND('',#16870,.T.);
#16870=EDGE_LOOP('',(#16871,#16872,#16873));
#16871=ORIENTED_EDGE('',*,*,#16874,.T.);
#16872=ORIENTED_EDGE('',*,*,#16875,.T.);
#16873=ORIENTED_EDGE('',*,*,#16876,.T.);
#16874=EDGE_CURVE('',#373,#869,#16877,.F.);
#16875=EDGE_CURVE('',#869,#647,#16878,.T.);
#16876=EDGE_CURVE('',#647,#373,#16879,.T.);
#16877=LINE('',#372,#16880);
#16878=LINE('',#868,#16881);
#16879=LINE('',#646,#16882);
#16880=VECTOR('',#16883,1.0);
#16881=VECTOR('',#16884,1.0);
#16882=VECTOR('',#16885,1.0);
#16883=DIRECTION('',(0.3256497900402563,0.9454904622716916,0));
#16884=DIRECTION('',(-0.01032754590998622,-0.029984960700751278,-0.9994969954568406));
#16885=DIRECTION('',(0,0,1));
#16886=FACE_SURFACE('',(#16891),#16887,.T.);
#16887=PLANE('',#16888);
#16888=AXIS2_PLACEMENT_3D('',#644,#16889,#16890);
#16889=DIRECTION('',(-0.9454904622716918,0.3256497900402563,0));
#16890=DIRECTION('',(-0.3256497900402563,-0.9454904622716916,2.822542843523281E-16));
#16891=FACE_BOUND('',#16892,.T.);
#16892=EDGE_LOOP('',(#16893,#16894,#16895));
#16893=ORIENTED_EDGE('',*,*,#16896,.T.);
#16894=ORIENTED_EDGE('',*,*,#16897,.T.);
#16895=ORIENTED_EDGE('',*,*,#16898,.T.);
#16896=EDGE_CURVE('',#645,#647,#16899,.F.);
#16897=EDGE_CURVE('',#647,#869,#16900,.T.);
#16898=EDGE_CURVE('',#869,#645,#16901,.T.);
#16899=LINE('',#644,#16902);
#16900=LINE('',#646,#16903);
#16901=LINE('',#868,#16904);
#16902=VECTOR('',#16905,1.0);
#16903=VECTOR('',#16906,1.0);
#16904=VECTOR('',#16907,1.0);
#16905=DIRECTION('',(-0.3256497900402563,-0.9454904622716916,2.822542843523281E-16));
#16906=DIRECTION('',(0.01032754590998622,0.029984960700751278,0.9994969954568406));
#16907=DIRECTION('',(0,0,-1));
#16908=FACE_SURFACE('',(#16913),#16909,.T.);
#16909=PLANE('',#16910);
#16910=AXIS2_PLACEMENT_3D('',#104,#16911,#16912);
#16911=DIRECTION('',(0.7479877490497359,0.6637125336103797,-0));
#16912=DIRECTION('',(0,0,1));
#16913=FACE_BOUND('',#16914,.T.);
#16914=EDGE_LOOP('',(#16915,#16916,#16917));
#16915=ORIENTED_EDGE('',*,*,#16918,.T.);
#16916=ORIENTED_EDGE('',*,*,#16919,.T.);
#16917=ORIENTED_EDGE('',*,*,#16920,.T.);
#16918=EDGE_CURVE('',#105,#379,#16921,.F.);
#16919=EDGE_CURVE('',#379,#357,#16922,.T.);
#16920=EDGE_CURVE('',#357,#105,#16923,.T.);
#16921=LINE('',#104,#16924);
#16922=LINE('',#378,#16925);
#16923=LINE('',#356,#16926);
#16924=VECTOR('',#16927,1.0);
#16925=VECTOR('',#16928,1.0);
#16926=VECTOR('',#16929,1.0);
#16927=DIRECTION('',(0,0,1));
#16928=DIRECTION('',(0.6637125336103797,-0.7479877490497359,0));
#16929=DIRECTION('',(-0.020989404893983966,0.023654544588969397,-0.9994998286155355));
#16930=FACE_SURFACE('',(#16935),#16931,.T.);
#16931=PLANE('',#16932);
#16932=AXIS2_PLACEMENT_3D('',#104,#16933,#16934);
#16933=DIRECTION('',(0.7479877490497359,0.6637125336103797,0));
#16934=DIRECTION('',(0.020989404893983966,-0.023654544588969397,0.9994998286155355));
#16935=FACE_BOUND('',#16936,.T.);
#16936=EDGE_LOOP('',(#16937,#16938,#16939));
#16937=ORIENTED_EDGE('',*,*,#16940,.T.);
#16938=ORIENTED_EDGE('',*,*,#16941,.T.);
#16939=ORIENTED_EDGE('',*,*,#16942,.T.);
#16940=EDGE_CURVE('',#105,#357,#16943,.F.);
#16941=EDGE_CURVE('',#357,#107,#16944,.T.);
#16942=EDGE_CURVE('',#107,#105,#16945,.T.);
#16943=LINE('',#104,#16946);
#16944=LINE('',#356,#16947);
#16945=LINE('',#106,#16948);
#16946=VECTOR('',#16949,1.0);
#16947=VECTOR('',#16950,1.0);
#16948=VECTOR('',#16951,1.0);
#16949=DIRECTION('',(0.020989404893983966,-0.023654544588969397,0.9994998286155355));
#16950=DIRECTION('',(0,0,-1));
#16951=DIRECTION('',(-0.6637125336103797,0.7479877490497359,-1.871285691720373E-17));
#16952=FACE_SURFACE('',(#16957),#16953,.T.);
#16953=PLANE('',#16954);
#16954=AXIS2_PLACEMENT_3D('',#108,#16955,#16956);
#16955=DIRECTION('',(0,1,0));
#16956=DIRECTION('',(0,0,1));
#16957=FACE_BOUND('',#16958,.T.);
#16958=EDGE_LOOP('',(#16959,#16960,#16961));
#16959=ORIENTED_EDGE('',*,*,#16962,.T.);
#16960=ORIENTED_EDGE('',*,*,#16963,.T.);
#16961=ORIENTED_EDGE('',*,*,#16964,.T.);
#16962=EDGE_CURVE('',#109,#381,#16965,.F.);
#16963=EDGE_CURVE('',#381,#287,#16966,.T.);
#16964=EDGE_CURVE('',#287,#109,#16967,.T.);
#16965=LINE('',#108,#16968);
#16966=LINE('',#380,#16969);
#16967=LINE('',#286,#16970);
#16968=VECTOR('',#16971,1.0);
#16969=VECTOR('',#16972,1.0);
#16970=VECTOR('',#16973,1.0);
#16971=DIRECTION('',(0,0,1));
#16972=DIRECTION('',(1,0,0));
#16973=DIRECTION('',(-0.9743949865785422,0,-0.22484307890304908));
#16974=FACE_SURFACE('',(#16979),#16975,.T.);
#16975=PLANE('',#16976);
#16976=AXIS2_PLACEMENT_3D('',#108,#16977,#16978);
#16977=DIRECTION('',(-0,1,0));
#16978=DIRECTION('',(0.9743949865785422,0,0.22484307890304908));
#16979=FACE_BOUND('',#16980,.T.);
#16980=EDGE_LOOP('',(#16981,#16982,#16983));
#16981=ORIENTED_EDGE('',*,*,#16984,.T.);
#16982=ORIENTED_EDGE('',*,*,#16985,.T.);
#16983=ORIENTED_EDGE('',*,*,#16986,.T.);
#16984=EDGE_CURVE('',#109,#287,#16987,.F.);
#16985=EDGE_CURVE('',#287,#259,#16988,.T.);
#16986=EDGE_CURVE('',#259,#109,#16989,.T.);
#16987=LINE('',#108,#16990);
#16988=LINE('',#286,#16991);
#16989=LINE('',#258,#16992);
#16990=VECTOR('',#16993,1.0);
#16991=VECTOR('',#16994,1.0);
#16992=VECTOR('',#16995,1.0);
#16993=DIRECTION('',(0.9743949865785422,0,0.22484307890304908));
#16994=DIRECTION('',(0,0,-1));
#16995=DIRECTION('',(-1,0,2.2204458863718958E-16));
#16996=FACE_SURFACE('',(#17001),#16997,.T.);
#16997=PLANE('',#16998);
#16998=AXIS2_PLACEMENT_3D('',#372,#16999,#17000);
#16999=DIRECTION('',(-0.8985672418541736,0.4388358598229904,0));
#17000=DIRECTION('',(0,0,-1));
#17001=FACE_BOUND('',#17002,.T.);
#17002=EDGE_LOOP('',(#17003,#17004,#17005));
#17003=ORIENTED_EDGE('',*,*,#17006,.T.);
#17004=ORIENTED_EDGE('',*,*,#17007,.T.);
#17005=ORIENTED_EDGE('',*,*,#17008,.T.);
#17006=EDGE_CURVE('',#373,#647,#17009,.F.);
#17007=EDGE_CURVE('',#647,#375,#17010,.T.);
#17008=EDGE_CURVE('',#375,#373,#17011,.T.);
#17009=LINE('',#372,#17012);
#17010=LINE('',#646,#17013);
#17011=LINE('',#374,#17014);
#17012=VECTOR('',#17015,1.0);
#17013=VECTOR('',#17016,1.0);
#17014=VECTOR('',#17017,1.0);
#17015=DIRECTION('',(0,0,-1));
#17016=DIRECTION('',(-0.43883585982299034,-0.8985672418541735,2.969642496173347E-16));
#17017=DIRECTION('',(0.013992820065376164,0.028651919505799872,0.9994915049640247));
#17018=FACE_SURFACE('',(#17023),#17019,.T.);
#17019=PLANE('',#17020);
#17020=AXIS2_PLACEMENT_3D('',#88,#17021,#17022);
#17021=DIRECTION('',(0,-1,0));
#17022=DIRECTION('',(0,0,1));
#17023=FACE_BOUND('',#17024,.T.);
#17024=EDGE_LOOP('',(#17025,#17026,#17027));
#17025=ORIENTED_EDGE('',*,*,#17028,.T.);
#17026=ORIENTED_EDGE('',*,*,#17029,.T.);
#17027=ORIENTED_EDGE('',*,*,#17030,.T.);
#17028=EDGE_CURVE('',#89,#497,#17031,.F.);
#17029=EDGE_CURVE('',#497,#551,#17032,.T.);
#17030=EDGE_CURVE('',#551,#89,#17033,.T.);
#17031=LINE('',#88,#17034);
#17032=LINE('',#496,#17035);
#17033=LINE('',#550,#17036);
#17034=VECTOR('',#17037,1.0);
#17035=VECTOR('',#17038,1.0);
#17036=VECTOR('',#17039,1.0);
#17037=DIRECTION('',(0,0,1));
#17038=DIRECTION('',(-1,0,0));
#17039=DIRECTION('',(0.9743987730190701,0,-0.2248266691007334));
#17040=FACE_SURFACE('',(#17045),#17041,.T.);
#17041=PLANE('',#17042);
#17042=AXIS2_PLACEMENT_3D('',#88,#17043,#17044);
#17043=DIRECTION('',(0,-1,0));
#17044=DIRECTION('',(-0.9743987730190701,0,0.2248266691007334));
#17045=FACE_BOUND('',#17046,.T.);
#17046=EDGE_LOOP('',(#17047,#17048,#17049));
#17047=ORIENTED_EDGE('',*,*,#17050,.T.);
#17048=ORIENTED_EDGE('',*,*,#17051,.T.);
#17049=ORIENTED_EDGE('',*,*,#17052,.T.);
#17050=EDGE_CURVE('',#89,#551,#17053,.F.);
#17051=EDGE_CURVE('',#551,#187,#17054,.T.);
#17052=EDGE_CURVE('',#187,#89,#17055,.T.);
#17053=LINE('',#88,#17056);
#17054=LINE('',#550,#17057);
#17055=LINE('',#186,#17058);
#17056=VECTOR('',#17059,1.0);
#17057=VECTOR('',#17060,1.0);
#17058=VECTOR('',#17061,1.0);
#17059=DIRECTION('',(-0.9743987730190701,0,0.2248266691007334));
#17060=DIRECTION('',(0,0,-1));
#17061=DIRECTION('',(1,0,-2.2204458863844162E-16));
#17062=FACE_SURFACE('',(#17067),#17063,.T.);
#17063=PLANE('',#17064);
#17064=AXIS2_PLACEMENT_3D('',#778,#17065,#17066);
#17065=DIRECTION('',(0.19003098480468153,0.9817780934682557,-0));
#17066=DIRECTION('',(0,0,1));
#17067=FACE_BOUND('',#17068,.T.);
#17068=EDGE_LOOP('',(#17069,#17070,#17071));
#17069=ORIENTED_EDGE('',*,*,#17072,.T.);
#17070=ORIENTED_EDGE('',*,*,#17073,.T.);
#17071=ORIENTED_EDGE('',*,*,#17074,.T.);
#17072=EDGE_CURVE('',#779,#639,#17075,.F.);
#17073=EDGE_CURVE('',#639,#743,#17076,.T.);
#17074=EDGE_CURVE('',#743,#779,#17077,.T.);
#17075=LINE('',#778,#17078);
#17076=LINE('',#638,#17079);
#17077=LINE('',#742,#17080);
#17078=VECTOR('',#17081,1.0);
#17079=VECTOR('',#17082,1.0);
#17080=VECTOR('',#17083,1.0);
#17081=DIRECTION('',(0,0,1));
#17082=DIRECTION('',(0.03098406028125424,-0.005997212127329605,-0.9995018866691485));
#17083=DIRECTION('',(-0.9817780934682556,0.19003098480468153,1.758009384282454E-16));
#17084=FACE_SURFACE('',(#17089),#17085,.T.);
#17085=PLANE('',#17086);
#17086=AXIS2_PLACEMENT_3D('',#218,#17087,#17088);
#17087=DIRECTION('',(-0.8304242795769872,0.5571315068177725,0));
#17088=DIRECTION('',(0.01765825843449465,0.026320260763579024,-0.9994975886826329));
#17089=FACE_BOUND('',#17090,.T.);
#17090=EDGE_LOOP('',(#17091,#17092,#17093));
#17091=ORIENTED_EDGE('',*,*,#17094,.T.);
#17092=ORIENTED_EDGE('',*,*,#17095,.T.);
#17093=ORIENTED_EDGE('',*,*,#17096,.T.);
#17094=EDGE_CURVE('',#219,#375,#17097,.F.);
#17095=EDGE_CURVE('',#375,#649,#17098,.T.);
#17096=EDGE_CURVE('',#649,#219,#17099,.T.);
#17097=LINE('',#218,#17100);
#17098=LINE('',#374,#17101);
#17099=LINE('',#648,#17102);
#17100=VECTOR('',#17103,1.0);
#17101=VECTOR('',#17104,1.0);
#17102=VECTOR('',#17105,1.0);
#17103=DIRECTION('',(0.01765825843449465,0.026320260763579024,-0.9994975886826329));
#17104=DIRECTION('',(-0.5571315068177726,-0.8304242795769873,3.0809482455011525E-16));
#17105=DIRECTION('',(0,0,1));
#17106=FACE_SURFACE('',(#17111),#17107,.T.);
#17107=PLANE('',#17108);
#17108=AXIS2_PLACEMENT_3D('',#140,#17109,#17110);
#17109=DIRECTION('',(0,-1,0));
#17110=DIRECTION('',(0,0,1));
#17111=FACE_BOUND('',#17112,.T.);
#17112=EDGE_LOOP('',(#17113,#17114,#17115));
#17113=ORIENTED_EDGE('',*,*,#17116,.T.);
#17114=ORIENTED_EDGE('',*,*,#17117,.T.);
#17115=ORIENTED_EDGE('',*,*,#17118,.T.);
#17116=EDGE_CURVE('',#141,#415,#17119,.F.);
#17117=EDGE_CURVE('',#415,#555,#17120,.T.);
#17118=EDGE_CURVE('',#555,#141,#17121,.T.);
#17119=LINE('',#140,#17122);
#17120=LINE('',#414,#17123);
#17121=LINE('',#554,#17124);
#17122=VECTOR('',#17125,1.0);
#17123=VECTOR('',#17126,1.0);
#17124=VECTOR('',#17127,1.0);
#17125=DIRECTION('',(0,0,1));
#17126=DIRECTION('',(-1,0,0));
#17127=DIRECTION('',(0.97439877301907,0,-0.22482666910073368));
#17128=FACE_SURFACE('',(#17133),#17129,.T.);
#17129=PLANE('',#17130);
#17130=AXIS2_PLACEMENT_3D('',#140,#17131,#17132);
#17131=DIRECTION('',(0,-1,0));
#17132=DIRECTION('',(-0.97439877301907,0,0.22482666910073368));
#17133=FACE_BOUND('',#17134,.T.);
#17134=EDGE_LOOP('',(#17135,#17136,#17137));
#17135=ORIENTED_EDGE('',*,*,#17138,.T.);
#17136=ORIENTED_EDGE('',*,*,#17139,.T.);
#17137=ORIENTED_EDGE('',*,*,#17140,.T.);
#17138=EDGE_CURVE('',#141,#555,#17141,.F.);
#17139=EDGE_CURVE('',#555,#143,#17142,.T.);
#17140=EDGE_CURVE('',#143,#141,#17143,.T.);
#17141=LINE('',#140,#17144);
#17142=LINE('',#554,#17145);
#17143=LINE('',#142,#17146);
#17144=VECTOR('',#17147,1.0);
#17145=VECTOR('',#17148,1.0);
#17146=VECTOR('',#17149,1.0);
#17147=DIRECTION('',(-0.97439877301907,0,0.22482666910073368));
#17148=DIRECTION('',(0,0,-1));
#17149=DIRECTION('',(1,0,-2.22044621211621E-16));
#17150=FACE_SURFACE('',(#17155),#17151,.T.);
#17151=PLANE('',#17152);
#17152=AXIS2_PLACEMENT_3D('',#128,#17153,#17154);
#17153=DIRECTION('',(0.8985672418541736,0.43883585982299034,-0));
#17154=DIRECTION('',(0,0,1));
#17155=FACE_BOUND('',#17156,.T.);
#17156=EDGE_LOOP('',(#17157,#17158,#17159));
#17157=ORIENTED_EDGE('',*,*,#17160,.T.);
#17158=ORIENTED_EDGE('',*,*,#17161,.T.);
#17159=ORIENTED_EDGE('',*,*,#17162,.T.);
#17160=EDGE_CURVE('',#129,#403,#17163,.F.);
#17161=EDGE_CURVE('',#403,#121,#17164,.T.);
#17162=EDGE_CURVE('',#121,#129,#17165,.T.);
#17163=LINE('',#128,#17166);
#17164=LINE('',#402,#17167);
#17165=LINE('',#120,#17168);
#17166=VECTOR('',#17169,1.0);
#17167=VECTOR('',#17170,1.0);
#17168=VECTOR('',#17171,1.0);
#17169=DIRECTION('',(0,0,1));
#17170=DIRECTION('',(0.013992820065376195,-0.028651919505799935,-0.9994915049640247));
#17171=DIRECTION('',(-0.43883585982299034,0.8985672418541735,-1.0208308565458742E-16));
#17172=FACE_SURFACE('',(#17177),#17173,.T.);
#17173=PLANE('',#17174);
#17174=AXIS2_PLACEMENT_3D('',#638,#17175,#17176);
#17175=DIRECTION('',(0.3256677024511264,0.945484292614216,0));
#17176=DIRECTION('',(0,0,-1));
#17177=FACE_BOUND('',#17178,.T.);
#17178=EDGE_LOOP('',(#17179,#17180,#17181));
#17179=ORIENTED_EDGE('',*,*,#17182,.T.);
#17180=ORIENTED_EDGE('',*,*,#17183,.T.);
#17181=ORIENTED_EDGE('',*,*,#17184,.T.);
#17182=EDGE_CURVE('',#639,#779,#17185,.F.);
#17183=EDGE_CURVE('',#779,#39,#17186,.T.);
#17184=EDGE_CURVE('',#39,#639,#17187,.T.);
#17185=LINE('',#638,#17188);
#17186=LINE('',#778,#17189);
#17187=LINE('',#38,#17190);
#17188=VECTOR('',#17191,1.0);
#17189=VECTOR('',#17192,1.0);
#17190=VECTOR('',#17193,1.0);
#17191=DIRECTION('',(0,0,-1));
#17192=DIRECTION('',(-0.029984960503960913,0.010328181305278615,0.9994969888971658));
#17193=DIRECTION('',(0.9454842926142162,-0.3256677024511265,0));
#17194=FACE_SURFACE('',(#17199),#17195,.T.);
#17195=PLANE('',#17196);
#17196=AXIS2_PLACEMENT_3D('',#800,#17197,#17198);
#17197=DIRECTION('',(0.3256677024511264,0.945484292614216,-0));
#17198=DIRECTION('',(0,0,1));
#17199=FACE_BOUND('',#17200,.T.);
#17200=EDGE_LOOP('',(#17201,#17202,#17203));
#17201=ORIENTED_EDGE('',*,*,#17204,.T.);
#17202=ORIENTED_EDGE('',*,*,#17205,.T.);
#17203=ORIENTED_EDGE('',*,*,#17206,.T.);
#17204=EDGE_CURVE('',#801,#39,#17207,.F.);
#17205=EDGE_CURVE('',#39,#779,#17208,.T.);
#17206=EDGE_CURVE('',#779,#801,#17209,.T.);
#17207=LINE('',#800,#17210);
#17208=LINE('',#38,#17211);
#17209=LINE('',#778,#17212);
#17210=VECTOR('',#17213,1.0);
#17211=VECTOR('',#17214,1.0);
#17212=VECTOR('',#17215,1.0);
#17213=DIRECTION('',(0,0,1));
#17214=DIRECTION('',(0.029984960503960913,-0.010328181305278615,-0.9994969888971658));
#17215=DIRECTION('',(-0.9454842926142162,0.3256677024511265,1.3764027747189612E-16));
#17216=FACE_SURFACE('',(#17221),#17217,.T.);
#17217=PLANE('',#17218);
#17218=AXIS2_PLACEMENT_3D('',#218,#17219,#17220);
#17219=DIRECTION('',(-0.747992174898728,0.6637075457536028,0));
#17220=DIRECTION('',(0,0,-1));
#17221=FACE_BOUND('',#17222,.T.);
#17222=EDGE_LOOP('',(#17223,#17224,#17225));
#17223=ORIENTED_EDGE('',*,*,#17226,.T.);
#17224=ORIENTED_EDGE('',*,*,#17227,.T.);
#17225=ORIENTED_EDGE('',*,*,#17228,.T.);
#17226=EDGE_CURVE('',#219,#649,#17229,.F.);
#17227=EDGE_CURVE('',#649,#215,#17230,.T.);
#17228=EDGE_CURVE('',#215,#219,#17231,.T.);
#17229=LINE('',#218,#17232);
#17230=LINE('',#648,#17233);
#17231=LINE('',#214,#17234);
#17232=VECTOR('',#17235,1.0);
#17233=VECTOR('',#17236,1.0);
#17234=VECTOR('',#17237,1.0);
#17235=DIRECTION('',(0,0,-1));
#17236=DIRECTION('',(-0.020989404736230358,-0.02365486214362116,0.9994998211034282));
#17237=DIRECTION('',(0.6637075457536028,0.747992174898728,0));
#17238=FACE_SURFACE('',(#17243),#17239,.T.);
#17239=PLANE('',#17240);
#17240=AXIS2_PLACEMENT_3D('',#590,#17241,#17242);
#17241=DIRECTION('',(0,-1,0));
#17242=DIRECTION('',(0,0,1));
#17243=FACE_BOUND('',#17244,.T.);
#17244=EDGE_LOOP('',(#17245,#17246,#17247));
#17245=ORIENTED_EDGE('',*,*,#17248,.T.);
#17246=ORIENTED_EDGE('',*,*,#17249,.T.);
#17247=ORIENTED_EDGE('',*,*,#17250,.T.);
#17248=EDGE_CURVE('',#591,#309,#17251,.F.);
#17249=EDGE_CURVE('',#309,#369,#17252,.T.);
#17250=EDGE_CURVE('',#369,#591,#17253,.T.);
#17251=LINE('',#590,#17254);
#17252=LINE('',#308,#17255);
#17253=LINE('',#368,#17256);
#17254=VECTOR('',#17257,1.0);
#17255=VECTOR('',#17258,1.0);
#17256=VECTOR('',#17259,1.0);
#17257=DIRECTION('',(0,0,1));
#17258=DIRECTION('',(-1,0,0));
#17259=DIRECTION('',(0.9743949865785421,0,-0.2248430789030495));
#17260=FACE_SURFACE('',(#17265),#17261,.T.);
#17261=PLANE('',#17262);
#17262=AXIS2_PLACEMENT_3D('',#590,#17263,#17264);
#17263=DIRECTION('',(0,-1,0));
#17264=DIRECTION('',(-0.9743949865785421,0,0.2248430789030495));
#17265=FACE_BOUND('',#17266,.T.);
#17266=EDGE_LOOP('',(#17267,#17268,#17269));
#17267=ORIENTED_EDGE('',*,*,#17270,.T.);
#17268=ORIENTED_EDGE('',*,*,#17271,.T.);
#17269=ORIENTED_EDGE('',*,*,#17272,.T.);
#17270=EDGE_CURVE('',#591,#369,#17273,.F.);
#17271=EDGE_CURVE('',#369,#477,#17274,.T.);
#17272=EDGE_CURVE('',#477,#591,#17275,.T.);
#17273=LINE('',#590,#17276);
#17274=LINE('',#368,#17277);
#17275=LINE('',#476,#17278);
#17276=VECTOR('',#17279,1.0);
#17277=VECTOR('',#17280,1.0);
#17278=VECTOR('',#17281,1.0);
#17279=DIRECTION('',(-0.9743949865785421,0,0.2248430789030495));
#17280=DIRECTION('',(0,0,-1));
#17281=DIRECTION('',(1,0,-2.220446049250313E-16));
#17282=FACE_SURFACE('',(#17287),#17283,.T.);
#17283=PLANE('',#17284);
#17284=AXIS2_PLACEMENT_3D('',#402,#17285,#17286);
#17285=DIRECTION('',(0.9454904622716915,0.3256497900402563,0));
#17286=DIRECTION('',(0,0,-1));
#17287=FACE_BOUND('',#17288,.T.);
#17288=EDGE_LOOP('',(#17289,#17290,#17291));
#17289=ORIENTED_EDGE('',*,*,#17292,.T.);
#17290=ORIENTED_EDGE('',*,*,#17293,.T.);
#17291=ORIENTED_EDGE('',*,*,#17294,.T.);
#17292=EDGE_CURVE('',#403,#129,#17295,.F.);
#17293=EDGE_CURVE('',#129,#131,#17296,.T.);
#17294=EDGE_CURVE('',#131,#403,#17297,.T.);
#17295=LINE('',#402,#17298);
#17296=LINE('',#128,#17299);
#17297=LINE('',#130,#17300);
#17298=VECTOR('',#17301,1.0);
#17299=VECTOR('',#17302,1.0);
#17300=VECTOR('',#17303,1.0);
#17301=DIRECTION('',(0,0,-1));
#17302=DIRECTION('',(-0.3256497900402563,0.9454904622716916,-1.3762782795867787E-16));
#17303=DIRECTION('',(0.010327545909986243,-0.029984960700751344,0.9994969954568406));
#17304=FACE_SURFACE('',(#17309),#17305,.T.);
#17305=PLANE('',#17306);
#17306=AXIS2_PLACEMENT_3D('',#456,#17307,#17308);
#17307=DIRECTION('',(0.9817769422679222,0.1900369322817254,-0));
#17308=DIRECTION('',(0,0,1));
#17309=FACE_BOUND('',#17310,.T.);
#17310=EDGE_LOOP('',(#17311,#17312,#17313));
#17311=ORIENTED_EDGE('',*,*,#17314,.T.);
#17312=ORIENTED_EDGE('',*,*,#17315,.T.);
#17313=ORIENTED_EDGE('',*,*,#17316,.T.);
#17314=EDGE_CURVE('',#457,#413,#17317,.F.);
#17315=EDGE_CURVE('',#413,#131,#17318,.T.);
#17316=EDGE_CURVE('',#131,#457,#17319,.T.);
#17317=LINE('',#456,#17320);
#17318=LINE('',#412,#17321);
#17319=LINE('',#130,#17322);
#17320=VECTOR('',#17323,1.0);
#17321=VECTOR('',#17324,1.0);
#17322=VECTOR('',#17325,1.0);
#17323=DIRECTION('',(0,0,1));
#17324=DIRECTION('',(0.005997529730905235,-0.030984695078322563,-0.9995018650848183));
#17325=DIRECTION('',(-0.1900369322817254,0.9817769422679222,-1.758015977207254E-16));
#17326=FACE_SURFACE('',(#17331),#17327,.T.);
#17327=PLANE('',#17328);
#17328=AXIS2_PLACEMENT_3D('',#800,#17329,#17330);
#17329=DIRECTION('',(0.4388397890843248,0.8985653228989117,-0));
#17330=DIRECTION('',(-0.8985653228989117,0.43883978908432475,1.0207957452980907E-16));
#17331=FACE_BOUND('',#17332,.T.);
#17332=EDGE_LOOP('',(#17333,#17334,#17335));
#17333=ORIENTED_EDGE('',*,*,#17336,.T.);
#17334=ORIENTED_EDGE('',*,*,#17337,.T.);
#17335=ORIENTED_EDGE('',*,*,#17338,.T.);
#17336=EDGE_CURVE('',#801,#799,#17339,.F.);
#17337=EDGE_CURVE('',#799,#39,#17340,.T.);
#17338=EDGE_CURVE('',#39,#801,#17341,.T.);
#17339=LINE('',#800,#17342);
#17340=LINE('',#798,#17343);
#17341=LINE('',#38,#17344);
#17342=VECTOR('',#17345,1.0);
#17343=VECTOR('',#17346,1.0);
#17344=VECTOR('',#17347,1.0);
#17345=DIRECTION('',(-0.8985653228989117,0.43883978908432475,1.0207957452980907E-16));
#17346=DIRECTION('',(0.028651602036837868,-0.013992820192760155,0.9994915140629137));
#17347=DIRECTION('',(0,0,-1));
#17348=FACE_SURFACE('',(#17353),#17349,.T.);
#17349=PLANE('',#17350);
#17350=AXIS2_PLACEMENT_3D('',#798,#17351,#17352);
#17351=DIRECTION('',(0.4388397890843248,0.8985653228989117,-0));
#17352=DIRECTION('',(0,0,1));
#17353=FACE_BOUND('',#17354,.T.);
#17354=EDGE_LOOP('',(#17355,#17356,#17357));
#17355=ORIENTED_EDGE('',*,*,#17358,.T.);
#17356=ORIENTED_EDGE('',*,*,#17359,.T.);
#17357=ORIENTED_EDGE('',*,*,#17360,.T.);
#17358=EDGE_CURVE('',#799,#35,#17361,.F.);
#17359=EDGE_CURVE('',#35,#39,#17362,.T.);
#17360=EDGE_CURVE('',#39,#799,#17363,.T.);
#17361=LINE('',#798,#17364);
#17362=LINE('',#34,#17365);
#17363=LINE('',#38,#17366);
#17364=VECTOR('',#17367,1.0);
#17365=VECTOR('',#17368,1.0);
#17366=VECTOR('',#17369,1.0);
#17367=DIRECTION('',(0,0,1));
#17368=DIRECTION('',(0.8985653228989117,-0.43883978908432475,0));
#17369=DIRECTION('',(-0.028651602036837868,0.013992820192760155,-0.9994915140629137));
#17370=FACE_SURFACE('',(#17375),#17371,.T.);
#17371=PLANE('',#17372);
#17372=AXIS2_PLACEMENT_3D('',#456,#17373,#17374);
#17373=DIRECTION('',(0.9980136758814915,0.06299764085672659,-0));
#17374=DIRECTION('',(-0.06299764085672659,0.9980136758814916,-2.0760859229493935E-16));
#17375=FACE_BOUND('',#17376,.T.);
#17376=EDGE_LOOP('',(#17377,#17378,#17379));
#17377=ORIENTED_EDGE('',*,*,#17380,.T.);
#17378=ORIENTED_EDGE('',*,*,#17381,.T.);
#17379=ORIENTED_EDGE('',*,*,#17382,.T.);
#17380=EDGE_CURVE('',#457,#261,#17383,.F.);
#17381=EDGE_CURVE('',#261,#413,#17384,.T.);
#17382=EDGE_CURVE('',#413,#457,#17385,.T.);
#17383=LINE('',#456,#17386);
#17384=LINE('',#260,#17387);
#17385=LINE('',#412,#17388);
#17386=VECTOR('',#17389,1.0);
#17387=VECTOR('',#17390,1.0);
#17388=VECTOR('',#17391,1.0);
#17389=DIRECTION('',(-0.06299764085672659,0.9980136758814916,-2.0760859229493935E-16));
#17390=DIRECTION('',(0.0019978959003545227,-0.03165082699011065,0.9994969902720134));
#17391=DIRECTION('',(0,0,-1));
#17392=FACE_SURFACE('',(#17397),#17393,.T.);
#17393=PLANE('',#17394);
#17394=AXIS2_PLACEMENT_3D('',#416,#17395,#17396);
#17395=DIRECTION('',(0.9980136758814915,0.06299764085672659,0));
#17396=DIRECTION('',(0.06299764085672659,-0.9980136758814916,0));
#17397=FACE_BOUND('',#17398,.T.);
#17398=EDGE_LOOP('',(#17399,#17400,#17401));
#17399=ORIENTED_EDGE('',*,*,#17402,.T.);
#17400=ORIENTED_EDGE('',*,*,#17403,.T.);
#17401=ORIENTED_EDGE('',*,*,#17404,.T.);
#17402=EDGE_CURVE('',#417,#413,#17405,.F.);
#17403=EDGE_CURVE('',#413,#261,#17406,.T.);
#17404=EDGE_CURVE('',#261,#417,#17407,.T.);
#17405=LINE('',#416,#17408);
#17406=LINE('',#412,#17409);
#17407=LINE('',#260,#17410);
#17408=VECTOR('',#17411,1.0);
#17409=VECTOR('',#17412,1.0);
#17410=VECTOR('',#17413,1.0);
#17411=DIRECTION('',(0.06299764085672659,-0.9980136758814916,0));
#17412=DIRECTION('',(-0.0019978959003545227,0.03165082699011065,-0.9994969902720134));
#17413=DIRECTION('',(0,0,1));
#17414=FACE_SURFACE('',(#17419),#17415,.T.);
#17415=PLANE('',#17416);
#17416=AXIS2_PLACEMENT_3D('',#274,#17417,#17418);
#17417=DIRECTION('',(0.998013636119618,-0.06299827076435198,0));
#17418=DIRECTION('',(0,0,1));
#17419=FACE_BOUND('',#17420,.T.);
#17420=EDGE_LOOP('',(#17421,#17422,#17423));
#17421=ORIENTED_EDGE('',*,*,#17424,.T.);
#17422=ORIENTED_EDGE('',*,*,#17425,.T.);
#17423=ORIENTED_EDGE('',*,*,#17426,.T.);
#17424=EDGE_CURVE('',#275,#527,#17427,.F.);
#17425=EDGE_CURVE('',#527,#261,#17428,.T.);
#17426=EDGE_CURVE('',#261,#275,#17429,.T.);
#17427=LINE('',#274,#17430);
#17428=LINE('',#526,#17431);
#17429=LINE('',#260,#17432);
#17430=VECTOR('',#17433,1.0);
#17431=VECTOR('',#17434,1.0);
#17432=VECTOR('',#17435,1.0);
#17433=DIRECTION('',(0,0,1));
#17434=DIRECTION('',(-0.001997895920446194,-0.03165050957686501,-0.9994970003233706));
#17435=DIRECTION('',(0.06299827076435198,0.998013636119618,-2.3560086817471797E-16));
#17436=FACE_SURFACE('',(#17441),#17437,.T.);
#17437=PLANE('',#17438);
#17438=AXIS2_PLACEMENT_3D('',#232,#17439,#17440);
#17439=DIRECTION('',(-0.8985672418541736,-0.4388358598229904,0));
#17440=DIRECTION('',(0.013992820065376164,-0.028651919505799872,-0.9994915049640247));
#17441=FACE_BOUND('',#17442,.T.);
#17442=EDGE_LOOP('',(#17443,#17444,#17445));
#17443=ORIENTED_EDGE('',*,*,#17446,.T.);
#17444=ORIENTED_EDGE('',*,*,#17447,.T.);
#17445=ORIENTED_EDGE('',*,*,#17448,.T.);
#17446=EDGE_CURVE('',#233,#665,#17449,.F.);
#17447=EDGE_CURVE('',#665,#231,#17450,.T.);
#17448=EDGE_CURVE('',#231,#233,#17451,.T.);
#17449=LINE('',#232,#17452);
#17450=LINE('',#664,#17453);
#17451=LINE('',#230,#17454);
#17452=VECTOR('',#17455,1.0);
#17453=VECTOR('',#17456,1.0);
#17454=VECTOR('',#17457,1.0);
#17455=DIRECTION('',(0.013992820065376164,-0.028651919505799872,-0.9994915049640247));
#17456=DIRECTION('',(0,0,1));
#17457=DIRECTION('',(-0.43883585982299034,0.8985672418541735,0));
#17458=FACE_SURFACE('',(#17463),#17459,.T.);
#17459=PLANE('',#17460);
#17460=AXIS2_PLACEMENT_3D('',#34,#17461,#17462);
#17461=DIRECTION('',(0.5571084046574509,0.8304397783464073,0));
#17462=DIRECTION('',(0,0,-1));
#17463=FACE_BOUND('',#17464,.T.);
#17464=EDGE_LOOP('',(#17465,#17466,#17467));
#17465=ORIENTED_EDGE('',*,*,#17468,.T.);
#17466=ORIENTED_EDGE('',*,*,#17469,.T.);
#17467=ORIENTED_EDGE('',*,*,#17470,.T.);
#17468=EDGE_CURVE('',#35,#799,#17471,.F.);
#17469=EDGE_CURVE('',#799,#41,#17472,.T.);
#17470=EDGE_CURVE('',#41,#35,#17473,.T.);
#17471=LINE('',#34,#17474);
#17472=LINE('',#798,#17475);
#17473=LINE('',#40,#17476);
#17474=VECTOR('',#17477,1.0);
#17475=VECTOR('',#17478,1.0);
#17476=VECTOR('',#17479,1.0);
#17477=DIRECTION('',(0,0,-1));
#17478=DIRECTION('',(-0.026320896082141304,0.017657622873840182,0.999497583180609));
#17479=DIRECTION('',(0.8304397783464071,-0.5571084046574509,0));
#17480=FACE_SURFACE('',(#17485),#17481,.T.);
#17481=PLANE('',#17482);
#17482=AXIS2_PLACEMENT_3D('',#796,#17483,#17484);
#17483=DIRECTION('',(0.5571084046574509,0.8304397783464073,-0));
#17484=DIRECTION('',(0,0,1));
#17485=FACE_BOUND('',#17486,.T.);
#17486=EDGE_LOOP('',(#17487,#17488,#17489));
#17487=ORIENTED_EDGE('',*,*,#17490,.T.);
#17488=ORIENTED_EDGE('',*,*,#17491,.T.);
#17489=ORIENTED_EDGE('',*,*,#17492,.T.);
#17490=EDGE_CURVE('',#797,#41,#17493,.F.);
#17491=EDGE_CURVE('',#41,#799,#17494,.T.);
#17492=EDGE_CURVE('',#799,#797,#17495,.T.);
#17493=LINE('',#796,#17496);
#17494=LINE('',#40,#17497);
#17495=LINE('',#798,#17498);
#17496=VECTOR('',#17499,1.0);
#17497=VECTOR('',#17500,1.0);
#17498=VECTOR('',#17501,1.0);
#17499=DIRECTION('',(0,0,1));
#17500=DIRECTION('',(0.026320896082141304,-0.017657622873840182,-0.999497583180609));
#17501=DIRECTION('',(-0.8304397783464071,0.5571084046574509,6.068730505742489E-17));
#17502=FACE_SURFACE('',(#17507),#17503,.T.);
#17503=PLANE('',#17504);
#17504=AXIS2_PLACEMENT_3D('',#230,#17505,#17506);
#17505=DIRECTION('',(-0.9454904622716918,-0.3256497900402563,-0));
#17506=DIRECTION('',(0,0,-1));
#17507=FACE_BOUND('',#17508,.T.);
#17508=EDGE_LOOP('',(#17509,#17510,#17511));
#17509=ORIENTED_EDGE('',*,*,#17512,.T.);
#17510=ORIENTED_EDGE('',*,*,#17513,.T.);
#17511=ORIENTED_EDGE('',*,*,#17514,.T.);
#17512=EDGE_CURVE('',#231,#665,#17515,.F.);
#17513=EDGE_CURVE('',#665,#247,#17516,.T.);
#17514=EDGE_CURVE('',#247,#231,#17517,.T.);
#17515=LINE('',#230,#17518);
#17516=LINE('',#664,#17519);
#17517=LINE('',#246,#17520);
#17518=VECTOR('',#17521,1.0);
#17519=VECTOR('',#17522,1.0);
#17520=VECTOR('',#17523,1.0);
#17521=DIRECTION('',(0,0,-1));
#17522=DIRECTION('',(0.01032754590998622,-0.029984960700751278,0.9994969954568406));
#17523=DIRECTION('',(-0.3256497900402563,0.9454904622716916,0));
#17524=FACE_SURFACE('',(#17529),#17525,.T.);
#17525=PLANE('',#17526);
#17526=AXIS2_PLACEMENT_3D('',#246,#17527,#17528);
#17527=DIRECTION('',(-0.9817769422679222,-0.19003693228172544,0));
#17528=DIRECTION('',(0.0059975297309052215,-0.030984695078322494,-0.9995018650848183));
#17529=FACE_BOUND('',#17530,.T.);
#17530=EDGE_LOOP('',(#17531,#17532,#17533));
#17531=ORIENTED_EDGE('',*,*,#17534,.T.);
#17532=ORIENTED_EDGE('',*,*,#17535,.T.);
#17533=ORIENTED_EDGE('',*,*,#17536,.T.);
#17534=EDGE_CURVE('',#247,#691,#17537,.F.);
#17535=EDGE_CURVE('',#691,#245,#17538,.T.);
#17536=EDGE_CURVE('',#245,#247,#17539,.T.);
#17537=LINE('',#246,#17540);
#17538=LINE('',#690,#17541);
#17539=LINE('',#244,#17542);
#17540=VECTOR('',#17543,1.0);
#17541=VECTOR('',#17544,1.0);
#17542=VECTOR('',#17545,1.0);
#17543=DIRECTION('',(0.0059975297309052215,-0.030984695078322494,-0.9995018650848183));
#17544=DIRECTION('',(0,0,1));
#17545=DIRECTION('',(-0.1900369322817254,0.9817769422679222,0));
#17546=FACE_SURFACE('',(#17551),#17547,.T.);
#17547=PLANE('',#17548);
#17548=AXIS2_PLACEMENT_3D('',#794,#17549,#17550);
#17549=DIRECTION('',(0.6637181547720366,0.7479827611823704,-0));
#17550=DIRECTION('',(0,0,1));
#17551=FACE_BOUND('',#17552,.T.);
#17552=EDGE_LOOP('',(#17553,#17554,#17555));
#17553=ORIENTED_EDGE('',*,*,#17556,.T.);
#17554=ORIENTED_EDGE('',*,*,#17557,.T.);
#17555=ORIENTED_EDGE('',*,*,#17558,.T.);
#17556=EDGE_CURVE('',#795,#43,#17559,.F.);
#17557=EDGE_CURVE('',#43,#41,#17560,.T.);
#17558=EDGE_CURVE('',#41,#795,#17561,.T.);
#17559=LINE('',#794,#17562);
#17560=LINE('',#42,#17563);
#17561=LINE('',#40,#17564);
#17562=VECTOR('',#17565,1.0);
#17563=VECTOR('',#17566,1.0);
#17564=VECTOR('',#17567,1.0);
#17565=DIRECTION('',(0,0,1));
#17566=DIRECTION('',(0.7479827611823705,-0.6637181547720366,0));
#17567=DIRECTION('',(-0.023654544431215813,0.02098972248644084,-0.999499821949806));
#17568=FACE_SURFACE('',(#17573),#17569,.T.);
#17569=PLANE('',#17570);
#17570=AXIS2_PLACEMENT_3D('',#794,#17571,#17572);
#17571=DIRECTION('',(0.6637181547720366,0.7479827611823704,0));
#17572=DIRECTION('',(0.023654544431215813,-0.02098972248644084,0.999499821949806));
#17573=FACE_BOUND('',#17574,.T.);
#17574=EDGE_LOOP('',(#17575,#17576,#17577));
#17575=ORIENTED_EDGE('',*,*,#17578,.T.);
#17576=ORIENTED_EDGE('',*,*,#17579,.T.);
#17577=ORIENTED_EDGE('',*,*,#17580,.T.);
#17578=EDGE_CURVE('',#795,#41,#17581,.F.);
#17579=EDGE_CURVE('',#41,#797,#17582,.T.);
#17580=EDGE_CURVE('',#797,#795,#17583,.T.);
#17581=LINE('',#794,#17584);
#17582=LINE('',#40,#17585);
#17583=LINE('',#796,#17586);
#17584=VECTOR('',#17587,1.0);
#17585=VECTOR('',#17588,1.0);
#17586=VECTOR('',#17589,1.0);
#17587=DIRECTION('',(0.023654544431215813,-0.02098972248644084,0.999499821949806));
#17588=DIRECTION('',(0,0,-1));
#17589=DIRECTION('',(-0.7479827611823705,0.6637181547720366,1.870380855995618E-17));
#17590=FACE_SURFACE('',(#17595),#17591,.T.);
#17591=PLANE('',#17592);
#17592=AXIS2_PLACEMENT_3D('',#688,#17593,#17594);
#17593=DIRECTION('',(-0.9972963616404034,-0.07348446814677068,0));
#17594=DIRECTION('',(0,0,1));
#17595=FACE_BOUND('',#17596,.T.);
#17596=EDGE_LOOP('',(#17597,#17598,#17599));
#17597=ORIENTED_EDGE('',*,*,#17600,.T.);
#17598=ORIENTED_EDGE('',*,*,#17601,.T.);
#17599=ORIENTED_EDGE('',*,*,#17602,.T.);
#17600=EDGE_CURVE('',#689,#249,#17603,.F.);
#17601=EDGE_CURVE('',#249,#691,#17604,.T.);
#17602=EDGE_CURVE('',#691,#689,#17605,.T.);
#17603=LINE('',#688,#17606);
#17604=LINE('',#248,#17607);
#17605=LINE('',#690,#17608);
#17606=VECTOR('',#17609,1.0);
#17607=VECTOR('',#17610,1.0);
#17608=VECTOR('',#17611,1.0);
#17609=DIRECTION('',(0,0,1));
#17610=DIRECTION('',(-0.0023321477888620734,0.03165080408548984,-0.9994962669702337));
#17611=DIRECTION('',(0.07348446814677068,-0.9972963616404034,2.0512633541517817E-16));
#17612=FACE_SURFACE('',(#17617),#17613,.T.);
#17613=PLANE('',#17614);
#17614=AXIS2_PLACEMENT_3D('',#244,#17615,#17616);
#17615=DIRECTION('',(-0.9972963616404034,-0.07348446814677068,-0));
#17616=DIRECTION('',(0,0,-1));
#17617=FACE_BOUND('',#17618,.T.);
#17618=EDGE_LOOP('',(#17619,#17620,#17621));
#17619=ORIENTED_EDGE('',*,*,#17622,.T.);
#17620=ORIENTED_EDGE('',*,*,#17623,.T.);
#17621=ORIENTED_EDGE('',*,*,#17624,.T.);
#17622=EDGE_CURVE('',#245,#691,#17625,.F.);
#17623=EDGE_CURVE('',#691,#249,#17626,.T.);
#17624=EDGE_CURVE('',#249,#245,#17627,.T.);
#17625=LINE('',#244,#17628);
#17626=LINE('',#690,#17629);
#17627=LINE('',#248,#17630);
#17628=VECTOR('',#17631,1.0);
#17629=VECTOR('',#17632,1.0);
#17630=VECTOR('',#17633,1.0);
#17631=DIRECTION('',(0,0,-1));
#17632=DIRECTION('',(0.0023321477888620734,-0.03165080408548984,0.9994962669702337));
#17633=DIRECTION('',(-0.07348446814677068,0.9972963616404034,0));
#17634=FACE_SURFACE('',(#17639),#17635,.T.);
#17635=PLANE('',#17636);
#17636=AXIS2_PLACEMENT_3D('',#660,#17637,#17638);
#17637=DIRECTION('',(-0.32566770245112653,-0.9454842926142162,0));
#17638=DIRECTION('',(0,0,1));
#17639=FACE_BOUND('',#17640,.T.);
#17640=EDGE_LOOP('',(#17641,#17642,#17643));
#17641=ORIENTED_EDGE('',*,*,#17644,.T.);
#17642=ORIENTED_EDGE('',*,*,#17645,.T.);
#17643=ORIENTED_EDGE('',*,*,#17646,.T.);
#17644=EDGE_CURVE('',#661,#467,#17647,.F.);
#17645=EDGE_CURVE('',#467,#865,#17648,.T.);
#17646=EDGE_CURVE('',#865,#661,#17649,.T.);
#17647=LINE('',#660,#17650);
#17648=LINE('',#466,#17651);
#17649=LINE('',#864,#17652);
#17650=VECTOR('',#17653,1.0);
#17651=VECTOR('',#17654,1.0);
#17652=VECTOR('',#17655,1.0);
#17653=DIRECTION('',(0,0,1));
#17654=DIRECTION('',(-0.9454842926142162,0.3256677024511265,0));
#17655=DIRECTION('',(0.0299849605039607,-0.01032818130527854,-0.9994969888971658));
#17656=FACE_SURFACE('',(#17661),#17657,.T.);
#17657=PLANE('',#17658);
#17658=AXIS2_PLACEMENT_3D('',#42,#17659,#17660);
#17659=DIRECTION('',(0.7479877490497359,0.6637125336103799,0));
#17660=DIRECTION('',(0,0,-1));
#17661=FACE_BOUND('',#17662,.T.);
#17662=EDGE_LOOP('',(#17663,#17664,#17665));
#17663=ORIENTED_EDGE('',*,*,#17666,.T.);
#17664=ORIENTED_EDGE('',*,*,#17667,.T.);
#17665=ORIENTED_EDGE('',*,*,#17668,.T.);
#17666=EDGE_CURVE('',#43,#795,#17669,.F.);
#17667=EDGE_CURVE('',#795,#773,#17670,.T.);
#17668=EDGE_CURVE('',#773,#43,#17671,.T.);
#17669=LINE('',#42,#17672);
#17670=LINE('',#794,#17673);
#17671=LINE('',#772,#17674);
#17672=VECTOR('',#17675,1.0);
#17673=VECTOR('',#17676,1.0);
#17674=VECTOR('',#17677,1.0);
#17675=DIRECTION('',(0,0,-1));
#17676=DIRECTION('',(-0.6637125336103797,0.7479877490497359,-1.8703933284911308E-17));
#17677=DIRECTION('',(0.020989404893984067,-0.023654544588969508,0.9994998286155354));
#17678=FACE_SURFACE('',(#17683),#17679,.T.);
#17679=PLANE('',#17680);
#17680=AXIS2_PLACEMENT_3D('',#466,#17681,#17682);
#17681=DIRECTION('',(-0.4388240724108126,-0.8985729984106967,-0));
#17682=DIRECTION('',(0,0,-1));
#17683=FACE_BOUND('',#17684,.T.);
#17684=EDGE_LOOP('',(#17685,#17686,#17687));
#17685=ORIENTED_EDGE('',*,*,#17688,.T.);
#17686=ORIENTED_EDGE('',*,*,#17689,.T.);
#17687=ORIENTED_EDGE('',*,*,#17690,.T.);
#17688=EDGE_CURVE('',#467,#661,#17691,.F.);
#17689=EDGE_CURVE('',#661,#465,#17692,.T.);
#17690=EDGE_CURVE('',#465,#467,#17693,.T.);
#17691=LINE('',#466,#17694);
#17692=LINE('',#660,#17695);
#17693=LINE('',#464,#17696);
#17694=VECTOR('',#17697,1.0);
#17695=VECTOR('',#17698,1.0);
#17696=VECTOR('',#17699,1.0);
#17697=DIRECTION('',(0,0,-1));
#17698=DIRECTION('',(0.8985729984106967,-0.4388240724108126,-1.0207813113713985E-16));
#17699=DIRECTION('',(-0.028652871912634475,0.013992819683216038,0.9994914776667538));
#17700=FACE_SURFACE('',(#17705),#17701,.T.);
#17701=PLANE('',#17702);
#17702=AXIS2_PLACEMENT_3D('',#792,#17703,#17704);
#17703=DIRECTION('',(0.8304242795769872,0.5571315068177726,-0));
#17704=DIRECTION('',(0,0,1));
#17705=FACE_BOUND('',#17706,.T.);
#17706=EDGE_LOOP('',(#17707,#17708,#17709));
#17707=ORIENTED_EDGE('',*,*,#17710,.T.);
#17708=ORIENTED_EDGE('',*,*,#17711,.T.);
#17709=ORIENTED_EDGE('',*,*,#17712,.T.);
#17710=EDGE_CURVE('',#793,#47,#17713,.F.);
#17711=EDGE_CURVE('',#47,#773,#17714,.T.);
#17712=EDGE_CURVE('',#773,#793,#17715,.T.);
#17713=LINE('',#792,#17716);
#17714=LINE('',#46,#17717);
#17715=LINE('',#772,#17718);
#17716=VECTOR('',#17719,1.0);
#17717=VECTOR('',#17720,1.0);
#17718=VECTOR('',#17721,1.0);
#17719=DIRECTION('',(0,0,1));
#17720=DIRECTION('',(0.017658258434494777,-0.026320260763579212,-0.9994975886826329));
#17721=DIRECTION('',(-0.5571315068177726,0.8304242795769873,-6.068763760753651E-17));
#17722=FACE_SURFACE('',(#17727),#17723,.T.);
#17723=PLANE('',#17724);
#17724=AXIS2_PLACEMENT_3D('',#424,#17725,#17726);
#17725=DIRECTION('',(-0.7479877490497358,-0.6637125336103797,0));
#17726=DIRECTION('',(0,0,1));
#17727=FACE_BOUND('',#17728,.T.);
#17728=EDGE_LOOP('',(#17729,#17730,#17731));
#17729=ORIENTED_EDGE('',*,*,#17732,.T.);
#17730=ORIENTED_EDGE('',*,*,#17733,.T.);
#17731=ORIENTED_EDGE('',*,*,#17734,.T.);
#17732=EDGE_CURVE('',#425,#277,#17735,.F.);
#17733=EDGE_CURVE('',#277,#263,#17736,.T.);
#17734=EDGE_CURVE('',#263,#425,#17737,.T.);
#17735=LINE('',#424,#17738);
#17736=LINE('',#276,#17739);
#17737=LINE('',#262,#17740);
#17738=VECTOR('',#17741,1.0);
#17739=VECTOR('',#17742,1.0);
#17740=VECTOR('',#17743,1.0);
#17741=DIRECTION('',(0,0,1));
#17742=DIRECTION('',(-0.6637125336103797,0.7479877490497359,0));
#17743=DIRECTION('',(0.020989404893983918,-0.02365454458896934,-0.9994998286155354));
#17744=FACE_SURFACE('',(#17749),#17745,.T.);
#17745=PLANE('',#17746);
#17746=AXIS2_PLACEMENT_3D('',#46,#17747,#17748);
#17747=DIRECTION('',(0.8985672418541735,0.43883585982299034,0));
#17748=DIRECTION('',(0,0,-1));
#17749=FACE_BOUND('',#17750,.T.);
#17750=EDGE_LOOP('',(#17751,#17752,#17753));
#17751=ORIENTED_EDGE('',*,*,#17754,.T.);
#17752=ORIENTED_EDGE('',*,*,#17755,.T.);
#17753=ORIENTED_EDGE('',*,*,#17756,.T.);
#17754=EDGE_CURVE('',#47,#793,#17757,.F.);
#17755=EDGE_CURVE('',#793,#49,#17758,.T.);
#17756=EDGE_CURVE('',#49,#47,#17759,.T.);
#17757=LINE('',#46,#17760);
#17758=LINE('',#792,#17761);
#17759=LINE('',#48,#17762);
#17760=VECTOR('',#17763,1.0);
#17761=VECTOR('',#17764,1.0);
#17762=VECTOR('',#17765,1.0);
#17763=DIRECTION('',(0,0,-1));
#17764=DIRECTION('',(-0.013992820065376263,0.028651919505800073,0.9994915049640247));
#17765=DIRECTION('',(0.43883585982299034,-0.8985672418541735,0));
#17766=FACE_SURFACE('',(#17771),#17767,.T.);
#17767=PLANE('',#17768);
#17768=AXIS2_PLACEMENT_3D('',#790,#17769,#17770);
#17769=DIRECTION('',(0.8985672418541735,0.43883585982299034,-0));
#17770=DIRECTION('',(0,0,1));
#17771=FACE_BOUND('',#17772,.T.);
#17772=EDGE_LOOP('',(#17773,#17774,#17775));
#17773=ORIENTED_EDGE('',*,*,#17776,.T.);
#17774=ORIENTED_EDGE('',*,*,#17777,.T.);
#17775=ORIENTED_EDGE('',*,*,#17778,.T.);
#17776=EDGE_CURVE('',#791,#49,#17779,.F.);
#17777=EDGE_CURVE('',#49,#793,#17780,.T.);
#17778=EDGE_CURVE('',#793,#791,#17781,.T.);
#17779=LINE('',#790,#17782);
#17780=LINE('',#48,#17783);
#17781=LINE('',#792,#17784);
#17782=VECTOR('',#17785,1.0);
#17783=VECTOR('',#17786,1.0);
#17784=VECTOR('',#17787,1.0);
#17785=DIRECTION('',(0,0,1));
#17786=DIRECTION('',(0.013992820065376263,-0.028651919505800073,-0.9994915049640247));
#17787=DIRECTION('',(-0.43883585982299034,0.8985672418541735,-1.0207866053491797E-16));
#17788=FACE_SURFACE('',(#17793),#17789,.T.);
#17789=PLANE('',#17790);
#17790=AXIS2_PLACEMENT_3D('',#392,#17791,#17792);
#17791=DIRECTION('',(0,-0,1));
#17792=DIRECTION('',(0.3256497900402563,0.9454904622716916,0));
#17793=FACE_BOUND('',#17794,.T.);
#17794=EDGE_LOOP('',(#17795,#17796,#17797));
#17795=ORIENTED_EDGE('',*,*,#17798,.T.);
#17796=ORIENTED_EDGE('',*,*,#17799,.T.);
#17797=ORIENTED_EDGE('',*,*,#17800,.T.);
#17798=EDGE_CURVE('',#393,#399,#17801,.F.);
#17799=EDGE_CURVE('',#399,#369,#17802,.T.);
#17800=EDGE_CURVE('',#369,#393,#17803,.T.);
#17801=LINE('',#392,#17804);
#17802=LINE('',#398,#17805);
#17803=LINE('',#368,#17806);
#17804=VECTOR('',#17807,1.0);
#17805=VECTOR('',#17808,1.0);
#17806=VECTOR('',#17809,1.0);
#17807=DIRECTION('',(0.3256497900402563,0.9454904622716916,0));
#17808=DIRECTION('',(-0.9355696260008499,-0.3531422870524426,0));
#17809=DIRECTION('',(0.9367775515371898,0.3499254476827712,0));
#17810=FACE_SURFACE('',(#17815),#17811,.T.);
#17811=PLANE('',#17812);
#17812=AXIS2_PLACEMENT_3D('',#474,#17813,#17814);
#17813=DIRECTION('',(0,0,1));
#17814=DIRECTION('',(-0.9974573504038529,0.07126593944743663,0));
#17815=FACE_BOUND('',#17816,.T.);
#17816=EDGE_LOOP('',(#17817,#17818,#17819));
#17817=ORIENTED_EDGE('',*,*,#17820,.T.);
#17818=ORIENTED_EDGE('',*,*,#17821,.T.);
#17819=ORIENTED_EDGE('',*,*,#17822,.T.);
#17820=EDGE_CURVE('',#475,#57,#17823,.F.);
#17821=EDGE_CURVE('',#57,#427,#17824,.T.);
#17822=EDGE_CURVE('',#427,#475,#17825,.T.);
#17823=LINE('',#474,#17826);
#17824=LINE('',#56,#17827);
#17825=LINE('',#426,#17828);
#17826=VECTOR('',#17829,1.0);
#17827=VECTOR('',#17830,1.0);
#17828=VECTOR('',#17831,1.0);
#17829=DIRECTION('',(-0.9974573504038529,0.07126593944743663,0));
#17830=DIRECTION('',(0.9973986452835122,-0.07208288553196723,0));
#17831=DIRECTION('',(0.8304397783464071,0.5571084046574509,0));
#17832=FACE_SURFACE('',(#17837),#17833,.T.);
#17833=PLANE('',#17834);
#17834=AXIS2_PLACEMENT_3D('',#654,#17835,#17836);
#17835=DIRECTION('',(0,0,1));
#17836=DIRECTION('',(-0.997541526766652,0.07007783084583169,0));
#17837=FACE_BOUND('',#17838,.T.);
#17838=EDGE_LOOP('',(#17839,#17840,#17841));
#17839=ORIENTED_EDGE('',*,*,#17842,.T.);
#17840=ORIENTED_EDGE('',*,*,#17843,.T.);
#17841=ORIENTED_EDGE('',*,*,#17844,.T.);
#17842=EDGE_CURVE('',#655,#57,#17845,.F.);
#17843=EDGE_CURVE('',#57,#473,#17846,.T.);
#17844=EDGE_CURVE('',#473,#655,#17847,.T.);
#17845=LINE('',#654,#17848);
#17846=LINE('',#56,#17849);
#17847=LINE('',#472,#17850);
#17848=VECTOR('',#17851,1.0);
#17849=VECTOR('',#17852,1.0);
#17850=VECTOR('',#17853,1.0);
#17851=DIRECTION('',(-0.997541526766652,0.07007783084583169,0));
#17852=DIRECTION('',(0.9975049399504073,-0.07059670512519886,0));
#17853=DIRECTION('',(0.9454842926142162,0.3256677024511265,0));
#17854=FACE_SURFACE('',(#17859),#17855,.T.);
#17855=PLANE('',#17856);
#17856=AXIS2_PLACEMENT_3D('',#658,#17857,#17858);
#17857=DIRECTION('',(0,-0,1));
#17858=DIRECTION('',(0.758262483394194,0.6519493893523252,0));
#17859=FACE_BOUND('',#17860,.T.);
#17860=EDGE_LOOP('',(#17861,#17862,#17863));
#17861=ORIENTED_EDGE('',*,*,#17864,.T.);
#17862=ORIENTED_EDGE('',*,*,#17865,.T.);
#17863=ORIENTED_EDGE('',*,*,#17866,.T.);
#17864=EDGE_CURVE('',#659,#53,#17867,.F.);
#17865=EDGE_CURVE('',#53,#655,#17868,.T.);
#17866=EDGE_CURVE('',#655,#659,#17869,.T.);
#17867=LINE('',#658,#17870);
#17868=LINE('',#52,#17871);
#17869=LINE('',#654,#17872);
#17870=VECTOR('',#17873,1.0);
#17871=VECTOR('',#17874,1.0);
#17872=VECTOR('',#17875,1.0);
#17873=DIRECTION('',(0.758262483394194,0.6519493893523252,0));
#17874=DIRECTION('',(-0.7621969630797952,-0.6473451857177416,0));
#17875=DIRECTION('',(0.9817795476561741,0.19002347171872733,0));
#17876=FACE_SURFACE('',(#17881),#17877,.T.);
#17877=PLANE('',#17878);
#17878=AXIS2_PLACEMENT_3D('',#364,#17879,#17880);
#17879=DIRECTION('',(0,-0,1));
#17880=DIRECTION('',(0.06299764085672659,0.9980136758814916,0));
#17881=FACE_BOUND('',#17882,.T.);
#17882=EDGE_LOOP('',(#17883,#17884,#17885));
#17883=ORIENTED_EDGE('',*,*,#17886,.T.);
#17884=ORIENTED_EDGE('',*,*,#17887,.T.);
#17885=ORIENTED_EDGE('',*,*,#17888,.T.);
#17886=EDGE_CURVE('',#365,#391,#17889,.F.);
#17887=EDGE_CURVE('',#391,#369,#17890,.T.);
#17888=EDGE_CURVE('',#369,#365,#17891,.T.);
#17889=LINE('',#364,#17892);
#17890=LINE('',#390,#17893);
#17891=LINE('',#368,#17894);
#17892=VECTOR('',#17895,1.0);
#17893=VECTOR('',#17896,1.0);
#17894=VECTOR('',#17897,1.0);
#17895=DIRECTION('',(0.06299764085672659,0.9980136758814916,0));
#17896=DIRECTION('',(-0.9381004576187086,-0.3463632939784028,0));
#17897=DIRECTION('',(0.9395125774934032,0.34251440368501584,0));
#17898=FACE_SURFACE('',(#17903),#17899,.T.);
#17899=PLANE('',#17900);
#17900=AXIS2_PLACEMENT_3D('',#562,#17901,#17902);
#17901=DIRECTION('',(-0,-0,1));
#17902=DIRECTION('',(0.9244929235304488,-0.38119920558957604,0));
#17903=FACE_BOUND('',#17904,.T.);
#17904=EDGE_LOOP('',(#17905,#17906,#17907));
#17905=ORIENTED_EDGE('',*,*,#17908,.T.);
#17906=ORIENTED_EDGE('',*,*,#17909,.T.);
#17907=ORIENTED_EDGE('',*,*,#17910,.T.);
#17908=EDGE_CURVE('',#563,#497,#17911,.F.);
#17909=EDGE_CURVE('',#497,#675,#17912,.T.);
#17910=EDGE_CURVE('',#675,#563,#17913,.T.);
#17911=LINE('',#562,#17914);
#17912=LINE('',#496,#17915);
#17913=LINE('',#674,#17916);
#17914=VECTOR('',#17917,1.0);
#17915=VECTOR('',#17918,1.0);
#17916=VECTOR('',#17919,1.0);
#17917=DIRECTION('',(0.9244929235304488,-0.38119920558957604,0));
#17918=DIRECTION('',(-0.9234883004170114,0.3836265879639989,0));
#17919=DIRECTION('',(0.5571176804602537,-0.8304335555109672,0));
#17920=FACE_SURFACE('',(#17925),#17921,.T.);
#17921=PLANE('',#17922);
#17922=AXIS2_PLACEMENT_3D('',#498,#17923,#17924);
#17923=DIRECTION('',(-0,0,1));
#17924=DIRECTION('',(0.9318242490845913,-0.3629098632139081,0));
#17925=FACE_BOUND('',#17926,.T.);
#17926=EDGE_LOOP('',(#17927,#17928,#17929));
#17927=ORIENTED_EDGE('',*,*,#17930,.T.);
#17928=ORIENTED_EDGE('',*,*,#17931,.T.);
#17929=ORIENTED_EDGE('',*,*,#17932,.T.);
#17930=EDGE_CURVE('',#499,#497,#17933,.F.);
#17931=EDGE_CURVE('',#497,#595,#17934,.T.);
#17932=EDGE_CURVE('',#595,#499,#17935,.T.);
#17933=LINE('',#498,#17936);
#17934=LINE('',#496,#17937);
#17935=LINE('',#594,#17938);
#17936=VECTOR('',#17939,1.0);
#17937=VECTOR('',#17940,1.0);
#17938=VECTOR('',#17941,1.0);
#17939=DIRECTION('',(0.9318242490845913,-0.3629098632139081,0));
#17940=DIRECTION('',(-0.9301525009433675,0.36717342631078104,0));
#17941=DIRECTION('',(-0.06303818679913344,-0.998011115672104,0));
#17942=FACE_SURFACE('',(#17947),#17943,.T.);
#17943=PLANE('',#17944);
#17944=AXIS2_PLACEMENT_3D('',#552,#17945,#17946);
#17945=DIRECTION('',(-0,0,1));
#17946=DIRECTION('',(0.6164084647099809,-0.7874265709473387,0));
#17947=FACE_BOUND('',#17948,.T.);
#17948=EDGE_LOOP('',(#17949,#17950,#17951));
#17949=ORIENTED_EDGE('',*,*,#17952,.T.);
#17950=ORIENTED_EDGE('',*,*,#17953,.T.);
#17951=ORIENTED_EDGE('',*,*,#17954,.T.);
#17952=EDGE_CURVE('',#553,#551,#17955,.F.);
#17953=EDGE_CURVE('',#551,#495,#17956,.T.);
#17954=EDGE_CURVE('',#495,#553,#17957,.T.);
#17955=LINE('',#552,#17958);
#17956=LINE('',#550,#17959);
#17957=LINE('',#494,#17960);
#17958=VECTOR('',#17961,1.0);
#17959=VECTOR('',#17962,1.0);
#17960=VECTOR('',#17963,1.0);
#17961=DIRECTION('',(0.6164084647099809,-0.7874265709473387,0));
#17962=DIRECTION('',(-0.6093428793990102,0.7929068389954292,0));
#17963=DIRECTION('',(-0.3256677024511265,-0.9454842926142162,0));
#17964=FACE_SURFACE('',(#17969),#17965,.T.);
#17965=PLANE('',#17966);
#17966=AXIS2_PLACEMENT_3D('',#614,#17967,#17968);
#17967=DIRECTION('',(-0,0,1));
#17968=DIRECTION('',(0.6320567790632746,-0.7749220786893085,0));
#17969=FACE_BOUND('',#17970,.T.);
#17970=EDGE_LOOP('',(#17971,#17972,#17973));
#17971=ORIENTED_EDGE('',*,*,#17974,.T.);
#17972=ORIENTED_EDGE('',*,*,#17975,.T.);
#17973=ORIENTED_EDGE('',*,*,#17976,.T.);
#17974=EDGE_CURVE('',#615,#551,#17977,.F.);
#17975=EDGE_CURVE('',#551,#549,#17978,.T.);
#17976=EDGE_CURVE('',#549,#615,#17979,.T.);
#17977=LINE('',#614,#17980);
#17978=LINE('',#550,#17981);
#17979=LINE('',#548,#17982);
#17980=VECTOR('',#17983,1.0);
#17981=VECTOR('',#17984,1.0);
#17982=VECTOR('',#17985,1.0);
#17983=DIRECTION('',(0.6320567790632746,-0.7749220786893085,0));
#17984=DIRECTION('',(-0.6240464872882794,0.7813872162399121,0));
#17985=DIRECTION('',(-0.5571176804602537,-0.8304335555109672,0));
#17986=FACE_SURFACE('',(#17991),#17987,.T.);
#17987=PLANE('',#17988);
#17988=AXIS2_PLACEMENT_3D('',#56,#17989,#17990);
#17989=DIRECTION('',(0,0,1));
#17990=DIRECTION('',(0.8035403160554528,-0.5952503342909631,0));
#17991=FACE_BOUND('',#17992,.T.);
#17992=EDGE_LOOP('',(#17993,#17994,#17995));
#17993=ORIENTED_EDGE('',*,*,#17996,.T.);
#17994=ORIENTED_EDGE('',*,*,#17997,.T.);
#17995=ORIENTED_EDGE('',*,*,#17998,.T.);
#17996=EDGE_CURVE('',#57,#781,#17999,.F.);
#17997=EDGE_CURVE('',#781,#785,#18000,.T.);
#17998=EDGE_CURVE('',#785,#57,#18001,.T.);
#17999=LINE('',#56,#18002);
#18000=LINE('',#780,#18003);
#18001=LINE('',#784,#18004);
#18002=VECTOR('',#18005,1.0);
#18003=VECTOR('',#18006,1.0);
#18004=VECTOR('',#18007,1.0);
#18005=DIRECTION('',(0.8035403160554528,-0.5952503342909631,0));
#18006=DIRECTION('',(0.9972964157014067,0.07348373445278193,0));
#18007=DIRECTION('',(-0.8078835542949017,0.5893421440045133,0));
#18008=FACE_SURFACE('',(#18013),#18009,.T.);
#18009=PLANE('',#18010);
#18010=AXIS2_PLACEMENT_3D('',#56,#18011,#18012);
#18011=DIRECTION('',(0,0,1));
#18012=DIRECTION('',(0.8078835542949017,-0.5893421440045133,0));
#18013=FACE_BOUND('',#18014,.T.);
#18014=EDGE_LOOP('',(#18015,#18016,#18017));
#18015=ORIENTED_EDGE('',*,*,#18018,.T.);
#18016=ORIENTED_EDGE('',*,*,#18019,.T.);
#18017=ORIENTED_EDGE('',*,*,#18020,.T.);
#18018=EDGE_CURVE('',#57,#785,#18021,.F.);
#18019=EDGE_CURVE('',#785,#827,#18022,.T.);
#18020=EDGE_CURVE('',#827,#57,#18023,.T.);
#18021=LINE('',#56,#18024);
#18022=LINE('',#784,#18025);
#18023=LINE('',#826,#18026);
#18024=VECTOR('',#18027,1.0);
#18025=VECTOR('',#18028,1.0);
#18026=VECTOR('',#18029,1.0);
#18027=DIRECTION('',(0.8078835542949017,-0.5893421440045133,0));
#18028=DIRECTION('',(0.9972963075777806,-0.07348520185537083,0));
#18029=DIRECTION('',(-0.8113348744002786,0.5845816637407335,0));
#18030=FACE_SURFACE('',(#18035),#18031,.T.);
#18031=PLANE('',#18032);
#18032=AXIS2_PLACEMENT_3D('',#56,#18033,#18034);
#18033=DIRECTION('',(0,0,1));
#18034=DIRECTION('',(0.8113348744002786,-0.5845816637407335,0));
#18035=FACE_BOUND('',#18036,.T.);
#18036=EDGE_LOOP('',(#18037,#18038,#18039));
#18037=ORIENTED_EDGE('',*,*,#18040,.T.);
#18038=ORIENTED_EDGE('',*,*,#18041,.T.);
#18039=ORIENTED_EDGE('',*,*,#18042,.T.);
#18040=EDGE_CURVE('',#57,#827,#18043,.F.);
#18041=EDGE_CURVE('',#827,#469,#18044,.T.);
#18042=EDGE_CURVE('',#469,#57,#18045,.T.);
#18043=LINE('',#56,#18046);
#18044=LINE('',#826,#18047);
#18045=LINE('',#468,#18048);
#18046=VECTOR('',#18049,1.0);
#18047=VECTOR('',#18050,1.0);
#18048=VECTOR('',#18051,1.0);
#18049=DIRECTION('',(0.8113348744002786,-0.5845816637407335,0));
#18050=DIRECTION('',(0.9817788205837752,-0.19002722818883444,0));
#18051=DIRECTION('',(-0.8140146979545834,0.5808442747534905,0));
#18052=FACE_SURFACE('',(#18057),#18053,.T.);
#18053=PLANE('',#18054);
#18054=AXIS2_PLACEMENT_3D('',#830,#18055,#18056);
#18055=DIRECTION('',(0,0,1));
#18056=DIRECTION('',(0.8304273323646918,-0.557126956502431,0));
#18057=FACE_BOUND('',#18058,.T.);
#18058=EDGE_LOOP('',(#18059,#18060,#18061));
#18059=ORIENTED_EDGE('',*,*,#18062,.T.);
#18060=ORIENTED_EDGE('',*,*,#18063,.T.);
#18061=ORIENTED_EDGE('',*,*,#18064,.T.);
#18062=EDGE_CURVE('',#831,#837,#18065,.F.);
#18063=EDGE_CURVE('',#837,#427,#18066,.T.);
#18064=EDGE_CURVE('',#427,#831,#18067,.T.);
#18065=LINE('',#830,#18068);
#18066=LINE('',#836,#18069);
#18067=LINE('',#426,#18070);
#18068=VECTOR('',#18071,1.0);
#18069=VECTOR('',#18072,1.0);
#18070=VECTOR('',#18073,1.0);
#18071=DIRECTION('',(0.8304273323646918,-0.557126956502431,0));
#18072=DIRECTION('',(1,0,0));
#18073=DIRECTION('',(-0.9999996573039533,0.0008278840352221905,0));
#18074=FACE_SURFACE('',(#18079),#18075,.T.);
#18075=PLANE('',#18076);
#18076=AXIS2_PLACEMENT_3D('',#836,#18077,#18078);
#18077=DIRECTION('',(-0,0,1));
#18078=DIRECTION('',(0.7479916128714834,-0.6637081791524925,0));
#18079=FACE_BOUND('',#18080,.T.);
#18080=EDGE_LOOP('',(#18081,#18082,#18083));
#18081=ORIENTED_EDGE('',*,*,#18084,.T.);
#18082=ORIENTED_EDGE('',*,*,#18085,.T.);
#18083=ORIENTED_EDGE('',*,*,#18086,.T.);
#18084=EDGE_CURVE('',#837,#429,#18087,.F.);
#18085=EDGE_CURVE('',#429,#427,#18088,.T.);
#18086=EDGE_CURVE('',#427,#837,#18089,.T.);
#18087=LINE('',#836,#18090);
#18088=LINE('',#428,#18091);
#18089=LINE('',#426,#18092);
#18090=VECTOR('',#18093,1.0);
#18091=VECTOR('',#18094,1.0);
#18092=VECTOR('',#18095,1.0);
#18093=DIRECTION('',(0.7479916128714834,-0.6637081791524925,0));
#18094=DIRECTION('',(0.9999995134880185,0.000986419650167081,0));
#18095=DIRECTION('',(-1,0,0));
#18096=FACE_SURFACE('',(#18101),#18097,.T.);
#18097=PLANE('',#18098);
#18098=AXIS2_PLACEMENT_3D('',#832,#18099,#18100);
#18099=DIRECTION('',(-0,-0,1));
#18100=DIRECTION('',(0.9999989019048163,-0.0014819545071622778,0));
#18101=FACE_BOUND('',#18102,.T.);
#18102=EDGE_LOOP('',(#18103,#18104,#18105));
#18103=ORIENTED_EDGE('',*,*,#18106,.T.);
#18104=ORIENTED_EDGE('',*,*,#18107,.T.);
#18105=ORIENTED_EDGE('',*,*,#18108,.T.);
#18106=EDGE_CURVE('',#833,#427,#18109,.F.);
#18107=EDGE_CURVE('',#427,#469,#18110,.T.);
#18108=EDGE_CURVE('',#469,#833,#18111,.T.);
#18109=LINE('',#832,#18112);
#18110=LINE('',#426,#18113);
#18111=LINE('',#468,#18114);
#18112=VECTOR('',#18115,1.0);
#18113=VECTOR('',#18116,1.0);
#18114=VECTOR('',#18117,1.0);
#18115=DIRECTION('',(0.9999989019048163,-0.0014819545071622778,0));
#18116=DIRECTION('',(-0.9999980737298282,0.001962787974563587,0));
#18117=DIRECTION('',(0.9454842926142162,-0.3256677024511265,0));
#18118=FACE_SURFACE('',(#18123),#18119,.T.);
#18119=PLANE('',#18120);
#18120=AXIS2_PLACEMENT_3D('',#832,#18121,#18122);
#18121=DIRECTION('',(0,0,1));
#18122=DIRECTION('',(0.8985691607578904,-0.43883193062362763,0));
#18123=FACE_BOUND('',#18124,.T.);
#18124=EDGE_LOOP('',(#18125,#18126,#18127));
#18125=ORIENTED_EDGE('',*,*,#18128,.T.);
#18126=ORIENTED_EDGE('',*,*,#18129,.T.);
#18127=ORIENTED_EDGE('',*,*,#18130,.T.);
#18128=EDGE_CURVE('',#833,#831,#18131,.F.);
#18129=EDGE_CURVE('',#831,#427,#18132,.T.);
#18130=EDGE_CURVE('',#427,#833,#18133,.T.);
#18131=LINE('',#832,#18134);
#18132=LINE('',#830,#18135);
#18133=LINE('',#426,#18136);
#18134=VECTOR('',#18137,1.0);
#18135=VECTOR('',#18138,1.0);
#18136=VECTOR('',#18139,1.0);
#18137=DIRECTION('',(0.8985691607578904,-0.43883193062362763,0));
#18138=DIRECTION('',(0.9999996573039533,-0.0008278840352221905,0));
#18139=DIRECTION('',(-0.9999989019048163,0.0014819545071622778,0));
#18140=FACE_SURFACE('',(#18145),#18141,.T.);
#18141=PLANE('',#18142);
#18142=AXIS2_PLACEMENT_3D('',#662,#18143,#18144);
#18143=DIRECTION('',(0,-0,1));
#18144=DIRECTION('',(0.7533833169565601,0.657581612981637,0));
#18145=FACE_BOUND('',#18146,.T.);
#18146=EDGE_LOOP('',(#18147,#18148,#18149));
#18147=ORIENTED_EDGE('',*,*,#18150,.T.);
#18148=ORIENTED_EDGE('',*,*,#18151,.T.);
#18149=ORIENTED_EDGE('',*,*,#18152,.T.);
#18150=EDGE_CURVE('',#663,#53,#18153,.F.);
#18151=EDGE_CURVE('',#53,#659,#18154,.T.);
#18152=EDGE_CURVE('',#659,#663,#18155,.T.);
#18153=LINE('',#662,#18156);
#18154=LINE('',#52,#18157);
#18155=LINE('',#658,#18158);
#18156=VECTOR('',#18159,1.0);
#18157=VECTOR('',#18160,1.0);
#18158=VECTOR('',#18161,1.0);
#18159=DIRECTION('',(0.7533833169565601,0.657581612981637,0));
#18160=DIRECTION('',(-0.758262483394194,-0.6519493893523252,0));
#18161=DIRECTION('',(0.9972961994476772,0.07348666931640717,0));
#18162=FACE_SURFACE('',(#18167),#18163,.T.);
#18163=PLANE('',#18164);
#18164=AXIS2_PLACEMENT_3D('',#860,#18165,#18166);
#18165=DIRECTION('',(0,-0,1));
#18166=DIRECTION('',(0.7474386984027229,0.6643307851741055,0));
#18167=FACE_BOUND('',#18168,.T.);
#18168=EDGE_LOOP('',(#18169,#18170,#18171));
#18169=ORIENTED_EDGE('',*,*,#18172,.T.);
#18170=ORIENTED_EDGE('',*,*,#18173,.T.);
#18171=ORIENTED_EDGE('',*,*,#18174,.T.);
#18172=EDGE_CURVE('',#861,#53,#18175,.F.);
#18173=EDGE_CURVE('',#53,#663,#18176,.T.);
#18174=EDGE_CURVE('',#663,#861,#18177,.T.);
#18175=LINE('',#860,#18178);
#18176=LINE('',#52,#18179);
#18177=LINE('',#662,#18180);
#18178=VECTOR('',#18181,1.0);
#18179=VECTOR('',#18182,1.0);
#18180=VECTOR('',#18183,1.0);
#18181=DIRECTION('',(0.7474386984027229,0.6643307851741055,0));
#18182=DIRECTION('',(-0.7533833169565601,-0.657581612981637,0));
#18183=DIRECTION('',(0.9972964157014067,-0.07348373445278193,0));
#18184=FACE_SURFACE('',(#18189),#18185,.T.);
#18185=PLANE('',#18186);
#18186=AXIS2_PLACEMENT_3D('',#864,#18187,#18188);
#18187=DIRECTION('',(0,-0,1));
#18188=DIRECTION('',(0.7407145242504952,0.671819911556931,0));
#18189=FACE_BOUND('',#18190,.T.);
#18190=EDGE_LOOP('',(#18191,#18192,#18193));
#18191=ORIENTED_EDGE('',*,*,#18194,.T.);
#18192=ORIENTED_EDGE('',*,*,#18195,.T.);
#18193=ORIENTED_EDGE('',*,*,#18196,.T.);
#18194=EDGE_CURVE('',#865,#53,#18197,.F.);
#18195=EDGE_CURVE('',#53,#861,#18198,.T.);
#18196=EDGE_CURVE('',#861,#865,#18199,.T.);
#18197=LINE('',#864,#18200);
#18198=LINE('',#52,#18201);
#18199=LINE('',#860,#18202);
#18200=VECTOR('',#18203,1.0);
#18201=VECTOR('',#18204,1.0);
#18202=VECTOR('',#18205,1.0);
#18203=DIRECTION('',(0.7407145242504952,0.671819911556931,0));
#18204=DIRECTION('',(-0.7474386984027229,-0.6643307851741055,0));
#18205=DIRECTION('',(0.9817780934682556,-0.19003098480468153,0));
#18206=FACE_SURFACE('',(#18211),#18207,.T.);
#18207=PLANE('',#18208);
#18208=AXIS2_PLACEMENT_3D('',#466,#18209,#18210);
#18209=DIRECTION('',(0,-0,1));
#18210=DIRECTION('',(0.7331242900747411,0.6800946811308017,0));
#18211=FACE_BOUND('',#18212,.T.);
#18212=EDGE_LOOP('',(#18213,#18214,#18215));
#18213=ORIENTED_EDGE('',*,*,#18216,.T.);
#18214=ORIENTED_EDGE('',*,*,#18217,.T.);
#18215=ORIENTED_EDGE('',*,*,#18218,.T.);
#18216=EDGE_CURVE('',#467,#53,#18219,.F.);
#18217=EDGE_CURVE('',#53,#865,#18220,.T.);
#18218=EDGE_CURVE('',#865,#467,#18221,.T.);
#18219=LINE('',#466,#18222);
#18220=LINE('',#52,#18223);
#18221=LINE('',#864,#18224);
#18222=VECTOR('',#18225,1.0);
#18223=VECTOR('',#18226,1.0);
#18224=VECTOR('',#18227,1.0);
#18225=DIRECTION('',(0.7331242900747411,0.6800946811308017,0));
#18226=DIRECTION('',(-0.7407145242504952,-0.671819911556931,0));
#18227=DIRECTION('',(0.9454842926142162,-0.3256677024511265,0));
#18228=FACE_SURFACE('',(#18233),#18229,.T.);
#18229=PLANE('',#18230);
#18230=AXIS2_PLACEMENT_3D('',#466,#18231,#18232);
#18231=DIRECTION('',(-0,0,1));
#18232=DIRECTION('',(0.8985729984106967,-0.4388240724108126,0));
#18233=FACE_BOUND('',#18234,.T.);
#18234=EDGE_LOOP('',(#18235,#18236,#18237));
#18235=ORIENTED_EDGE('',*,*,#18238,.T.);
#18236=ORIENTED_EDGE('',*,*,#18239,.T.);
#18237=ORIENTED_EDGE('',*,*,#18240,.T.);
#18238=EDGE_CURVE('',#467,#267,#18241,.F.);
#18239=EDGE_CURVE('',#267,#53,#18242,.T.);
#18240=EDGE_CURVE('',#53,#467,#18243,.T.);
#18241=LINE('',#466,#18244);
#18242=LINE('',#266,#18245);
#18243=LINE('',#52,#18246);
#18244=VECTOR('',#18247,1.0);
#18245=VECTOR('',#18248,1.0);
#18246=VECTOR('',#18249,1.0);
#18247=DIRECTION('',(0.8985729984106967,-0.4388240724108126,0));
#18248=DIRECTION('',(0.7248609966704742,0.6888951556702129,0));
#18249=DIRECTION('',(-0.7331242900747411,-0.6800946811308017,0));
#18250=FACE_SURFACE('',(#18255),#18251,.T.);
#18251=PLANE('',#18252);
#18252=AXIS2_PLACEMENT_3D('',#56,#18253,#18254);
#18253=DIRECTION('',(-0,0,1));
#18254=DIRECTION('',(0.997541526766652,-0.07007783084583169,0));
#18255=FACE_BOUND('',#18256,.T.);
#18256=EDGE_LOOP('',(#18257,#18258,#18259));
#18257=ORIENTED_EDGE('',*,*,#18260,.T.);
#18258=ORIENTED_EDGE('',*,*,#18261,.T.);
#18259=ORIENTED_EDGE('',*,*,#18262,.T.);
#18260=EDGE_CURVE('',#57,#655,#18263,.F.);
#18261=EDGE_CURVE('',#655,#53,#18264,.T.);
#18262=EDGE_CURVE('',#53,#57,#18265,.T.);
#18263=LINE('',#56,#18266);
#18264=LINE('',#654,#18267);
#18265=LINE('',#52,#18268);
#18266=VECTOR('',#18269,1.0);
#18267=VECTOR('',#18270,1.0);
#18268=VECTOR('',#18271,1.0);
#18269=DIRECTION('',(0.997541526766652,-0.07007783084583169,0));
#18270=DIRECTION('',(0.7621969630797952,0.6473451857177416,0));
#18271=DIRECTION('',(-1,0,0));
#18272=FACE_SURFACE('',(#18277),#18273,.T.);
#18273=PLANE('',#18274);
#18274=AXIS2_PLACEMENT_3D('',#788,#18275,#18276);
#18275=DIRECTION('',(0.9454904622716915,0.3256497900402562,-0));
#18276=DIRECTION('',(0,0,1));
#18277=FACE_BOUND('',#18278,.T.);
#18278=EDGE_LOOP('',(#18279,#18280,#18281));
#18279=ORIENTED_EDGE('',*,*,#18282,.T.);
#18280=ORIENTED_EDGE('',*,*,#18283,.T.);
#18281=ORIENTED_EDGE('',*,*,#18284,.T.);
#18282=EDGE_CURVE('',#789,#51,#18285,.F.);
#18283=EDGE_CURVE('',#51,#49,#18286,.T.);
#18284=EDGE_CURVE('',#49,#789,#18287,.T.);
#18285=LINE('',#788,#18288);
#18286=LINE('',#50,#18289);
#18287=LINE('',#48,#18290);
#18288=VECTOR('',#18291,1.0);
#18289=VECTOR('',#18292,1.0);
#18290=VECTOR('',#18293,1.0);
#18291=DIRECTION('',(0,0,1));
#18292=DIRECTION('',(0.3256497900402563,-0.9454904622716916,0));
#18293=DIRECTION('',(-0.010327545909986293,0.02998496070075149,-0.9994969954568406));
#18294=FACE_SURFACE('',(#18299),#18295,.T.);
#18295=PLANE('',#18296);
#18296=AXIS2_PLACEMENT_3D('',#788,#18297,#18298);
#18297=DIRECTION('',(0.9454904622716915,0.3256497900402562,0));
#18298=DIRECTION('',(0.010327545909986293,-0.02998496070075149,0.9994969954568406));
#18299=FACE_BOUND('',#18300,.T.);
#18300=EDGE_LOOP('',(#18301,#18302,#18303));
#18301=ORIENTED_EDGE('',*,*,#18304,.T.);
#18302=ORIENTED_EDGE('',*,*,#18305,.T.);
#18303=ORIENTED_EDGE('',*,*,#18306,.T.);
#18304=EDGE_CURVE('',#789,#49,#18307,.F.);
#18305=EDGE_CURVE('',#49,#791,#18308,.T.);
#18306=EDGE_CURVE('',#791,#789,#18309,.T.);
#18307=LINE('',#788,#18310);
#18308=LINE('',#48,#18311);
#18309=LINE('',#790,#18312);
#18310=VECTOR('',#18313,1.0);
#18311=VECTOR('',#18314,1.0);
#18312=VECTOR('',#18315,1.0);
#18313=DIRECTION('',(0.010327545909986293,-0.02998496070075149,0.9994969954568406));
#18314=DIRECTION('',(0,0,-1));
#18315=DIRECTION('',(-0.3256497900402563,0.9454904622716916,-1.3764117562892894E-16));
#18316=FACE_SURFACE('',(#18321),#18317,.T.);
#18317=PLANE('',#18318);
#18318=AXIS2_PLACEMENT_3D('',#154,#18319,#18320);
#18319=DIRECTION('',(-0.19002128047862832,0.9817799717682483,0));
#18320=DIRECTION('',(0,0,-1));
#18321=FACE_BOUND('',#18322,.T.);
#18322=EDGE_LOOP('',(#18323,#18324,#18325));
#18323=ORIENTED_EDGE('',*,*,#18326,.T.);
#18324=ORIENTED_EDGE('',*,*,#18327,.T.);
#18325=ORIENTED_EDGE('',*,*,#18328,.T.);
#18326=EDGE_CURVE('',#155,#607,#18329,.F.);
#18327=EDGE_CURVE('',#607,#485,#18330,.T.);
#18328=EDGE_CURVE('',#485,#155,#18331,.T.);
#18329=LINE('',#154,#18332);
#18330=LINE('',#606,#18333);
#18331=LINE('',#484,#18334);
#18332=VECTOR('',#18335,1.0);
#18333=VECTOR('',#18336,1.0);
#18334=VECTOR('',#18337,1.0);
#18335=DIRECTION('',(0,0,-1));
#18336=DIRECTION('',(-0.9817799717682484,-0.19002128047862832,2.60196617145356E-16));
#18337=DIRECTION('',(0.030984060340292986,0.005996894405663581,0.9995018885736617));
#18338=FACE_SURFACE('',(#18343),#18339,.T.);
#18339=PLANE('',#18340);
#18340=AXIS2_PLACEMENT_3D('',#866,#18341,#18342);
#18341=DIRECTION('',(-0,0,1));
#18342=DIRECTION('',(0.9921184591233874,-0.12530348385673637,0));
#18343=FACE_BOUND('',#18344,.T.);
#18344=EDGE_LOOP('',(#18345,#18346,#18347));
#18345=ORIENTED_EDGE('',*,*,#18348,.T.);
#18346=ORIENTED_EDGE('',*,*,#18349,.T.);
#18347=ORIENTED_EDGE('',*,*,#18350,.T.);
#18348=EDGE_CURVE('',#867,#217,#18351,.F.);
#18349=EDGE_CURVE('',#217,#249,#18352,.T.);
#18350=EDGE_CURVE('',#249,#867,#18353,.T.);
#18351=LINE('',#866,#18354);
#18352=LINE('',#216,#18355);
#18353=LINE('',#248,#18356);
#18354=VECTOR('',#18357,1.0);
#18355=VECTOR('',#18358,1.0);
#18356=VECTOR('',#18359,1.0);
#18357=DIRECTION('',(0.9921184591233874,-0.12530348385673637,0));
#18358=DIRECTION('',(-0.9895818498686281,0.1439713944177251,0));
#18359=DIRECTION('',(-0.07348520185537083,-0.9972963075777806,0));
#18360=FACE_SURFACE('',(#18365),#18361,.T.);
#18361=PLANE('',#18362);
#18362=AXIS2_PLACEMENT_3D('',#868,#18363,#18364);
#18363=DIRECTION('',(-0,0,1));
#18364=DIRECTION('',(0.9942896796485327,-0.10671472693315795,0));
#18365=FACE_BOUND('',#18366,.T.);
#18366=EDGE_LOOP('',(#18367,#18368,#18369));
#18367=ORIENTED_EDGE('',*,*,#18370,.T.);
#18368=ORIENTED_EDGE('',*,*,#18371,.T.);
#18369=ORIENTED_EDGE('',*,*,#18372,.T.);
#18370=EDGE_CURVE('',#869,#217,#18373,.F.);
#18371=EDGE_CURVE('',#217,#867,#18374,.T.);
#18372=EDGE_CURVE('',#867,#869,#18375,.T.);
#18373=LINE('',#868,#18376);
#18374=LINE('',#216,#18377);
#18375=LINE('',#866,#18378);
#18376=VECTOR('',#18379,1.0);
#18377=VECTOR('',#18380,1.0);
#18378=VECTOR('',#18381,1.0);
#18379=DIRECTION('',(0.9942896796485327,-0.10671472693315795,0));
#18380=DIRECTION('',(-0.9921184591233874,0.12530348385673637,0));
#18381=DIRECTION('',(-0.1900369322817254,-0.9817769422679222,0));
#18382=FACE_SURFACE('',(#18387),#18383,.T.);
#18383=PLANE('',#18384);
#18384=AXIS2_PLACEMENT_3D('',#372,#18385,#18386);
#18385=DIRECTION('',(-0,0,1));
#18386=DIRECTION('',(0.9960753570570029,-0.08850922586806563,0));
#18387=FACE_BOUND('',#18388,.T.);
#18388=EDGE_LOOP('',(#18389,#18390,#18391));
#18389=ORIENTED_EDGE('',*,*,#18392,.T.);
#18390=ORIENTED_EDGE('',*,*,#18393,.T.);
#18391=ORIENTED_EDGE('',*,*,#18394,.T.);
#18392=EDGE_CURVE('',#373,#217,#18395,.F.);
#18393=EDGE_CURVE('',#217,#869,#18396,.T.);
#18394=EDGE_CURVE('',#869,#373,#18397,.T.);
#18395=LINE('',#372,#18398);
#18396=LINE('',#216,#18399);
#18397=LINE('',#868,#18400);
#18398=VECTOR('',#18401,1.0);
#18399=VECTOR('',#18402,1.0);
#18400=VECTOR('',#18403,1.0);
#18401=DIRECTION('',(0.9960753570570029,-0.08850922586806563,0));
#18402=DIRECTION('',(-0.9942896796485327,0.10671472693315795,0));
#18403=DIRECTION('',(-0.3256497900402563,-0.9454904622716916,0));
#18404=FACE_SURFACE('',(#18409),#18405,.T.);
#18405=PLANE('',#18406);
#18406=AXIS2_PLACEMENT_3D('',#376,#18407,#18408);
#18407=DIRECTION('',(0,0,1));
#18408=DIRECTION('',(-0.5571315068177726,-0.8304242795769873,0));
#18409=FACE_BOUND('',#18410,.T.);
#18410=EDGE_LOOP('',(#18411,#18412,#18413));
#18411=ORIENTED_EDGE('',*,*,#18414,.T.);
#18412=ORIENTED_EDGE('',*,*,#18415,.T.);
#18413=ORIENTED_EDGE('',*,*,#18416,.T.);
#18414=EDGE_CURVE('',#377,#219,#18417,.F.);
#18415=EDGE_CURVE('',#219,#217,#18418,.T.);
#18416=EDGE_CURVE('',#217,#377,#18419,.T.);
#18417=LINE('',#376,#18420);
#18418=LINE('',#218,#18421);
#18419=LINE('',#216,#18422);
#18420=VECTOR('',#18423,1.0);
#18421=VECTOR('',#18424,1.0);
#18422=VECTOR('',#18425,1.0);
#18423=DIRECTION('',(-0.5571315068177726,-0.8304242795769873,0));
#18424=DIRECTION('',(0.9984817700775571,-0.05508316278853748,0));
#18425=DIRECTION('',(-0.9974716049403309,0.0710661476214962,0));
#18426=FACE_SURFACE('',(#18431),#18427,.T.);
#18427=PLANE('',#18428);
#18428=AXIS2_PLACEMENT_3D('',#372,#18429,#18430);
#18429=DIRECTION('',(0,0,1));
#18430=DIRECTION('',(-0.43883585982299034,-0.8985672418541735,0));
#18431=FACE_BOUND('',#18432,.T.);
#18432=EDGE_LOOP('',(#18433,#18434,#18435));
#18433=ORIENTED_EDGE('',*,*,#18436,.T.);
#18434=ORIENTED_EDGE('',*,*,#18437,.T.);
#18435=ORIENTED_EDGE('',*,*,#18438,.T.);
#18436=EDGE_CURVE('',#373,#377,#18439,.F.);
#18437=EDGE_CURVE('',#377,#217,#18440,.T.);
#18438=EDGE_CURVE('',#217,#373,#18441,.T.);
#18439=LINE('',#372,#18442);
#18440=LINE('',#376,#18443);
#18441=LINE('',#216,#18444);
#18442=VECTOR('',#18445,1.0);
#18443=VECTOR('',#18446,1.0);
#18444=VECTOR('',#18447,1.0);
#18445=DIRECTION('',(-0.43883585982299034,-0.8985672418541735,0));
#18446=DIRECTION('',(0.9974716049403309,-0.0710661476214962,0));
#18447=DIRECTION('',(-0.9960753570570029,0.08850922586806563,0));
#18448=FACE_SURFACE('',(#18453),#18449,.T.);
#18449=PLANE('',#18450);
#18450=AXIS2_PLACEMENT_3D('',#52,#18451,#18452);
#18451=DIRECTION('',(0,0,1));
#18452=DIRECTION('',(-0.6718203120059988,-0.7407141610474058,0));
#18453=FACE_BOUND('',#18454,.T.);
#18454=EDGE_LOOP('',(#18455,#18456,#18457));
#18455=ORIENTED_EDGE('',*,*,#18458,.T.);
#18456=ORIENTED_EDGE('',*,*,#18459,.T.);
#18457=ORIENTED_EDGE('',*,*,#18460,.T.);
#18458=EDGE_CURVE('',#53,#247,#18461,.F.);
#18459=EDGE_CURVE('',#247,#217,#18462,.T.);
#18460=EDGE_CURVE('',#217,#53,#18463,.T.);
#18461=LINE('',#52,#18464);
#18462=LINE('',#246,#18465);
#18463=LINE('',#216,#18466);
#18464=VECTOR('',#18467,1.0);
#18465=VECTOR('',#18468,1.0);
#18466=VECTOR('',#18469,1.0);
#18467=DIRECTION('',(-0.6718203120059988,-0.7407141610474058,0));
#18468=DIRECTION('',(0.9838040427769411,-0.17924733028903564,0));
#18469=DIRECTION('',(0,1,0));
#18470=FACE_SURFACE('',(#18475),#18471,.T.);
#18471=PLANE('',#18472);
#18472=AXIS2_PLACEMENT_3D('',#50,#18473,#18474);
#18473=DIRECTION('',(0.9817769422679221,0.19003693228172538,0));
#18474=DIRECTION('',(0,0,-1));
#18475=FACE_BOUND('',#18476,.T.);
#18476=EDGE_LOOP('',(#18477,#18478,#18479));
#18477=ORIENTED_EDGE('',*,*,#18480,.T.);
#18478=ORIENTED_EDGE('',*,*,#18481,.T.);
#18479=ORIENTED_EDGE('',*,*,#18482,.T.);
#18480=EDGE_CURVE('',#51,#789,#18483,.F.);
#18481=EDGE_CURVE('',#789,#787,#18484,.T.);
#18482=EDGE_CURVE('',#787,#51,#18485,.T.);
#18483=LINE('',#50,#18486);
#18484=LINE('',#788,#18487);
#18485=LINE('',#786,#18488);
#18486=VECTOR('',#18489,1.0);
#18487=VECTOR('',#18490,1.0);
#18488=VECTOR('',#18491,1.0);
#18489=DIRECTION('',(0,0,-1));
#18490=DIRECTION('',(-0.1900369322817254,0.9817769422679222,-1.757971267866769E-16));
#18491=DIRECTION('',(0.005997529730905264,-0.030984695078322716,0.9995018650848183));
#18492=FACE_SURFACE('',(#18497),#18493,.T.);
#18493=PLANE('',#18494);
#18494=AXIS2_PLACEMENT_3D('',#176,#18495,#18496);
#18495=DIRECTION('',(-0.06302694742222241,0.9980118255304575,0));
#18496=DIRECTION('',(0.03165114434305635,0.0019988490710545247,-0.999496978316676));
#18497=FACE_BOUND('',#18498,.T.);
#18498=EDGE_LOOP('',(#18499,#18500,#18501));
#18499=ORIENTED_EDGE('',*,*,#18502,.T.);
#18500=ORIENTED_EDGE('',*,*,#18503,.T.);
#18501=ORIENTED_EDGE('',*,*,#18504,.T.);
#18502=EDGE_CURVE('',#177,#485,#18505,.F.);
#18503=EDGE_CURVE('',#485,#509,#18506,.T.);
#18504=EDGE_CURVE('',#509,#177,#18507,.T.);
#18505=LINE('',#176,#18508);
#18506=LINE('',#484,#18509);
#18507=LINE('',#508,#18510);
#18508=VECTOR('',#18511,1.0);
#18509=VECTOR('',#18512,1.0);
#18510=VECTOR('',#18513,1.0);
#18511=DIRECTION('',(0.03165114434305635,0.0019988490710545247,-0.999496978316676));
#18512=DIRECTION('',(-0.9980118255304575,-0.06302694742222241,2.355957105766394E-16));
#18513=DIRECTION('',(0,0,1));
#18514=FACE_SURFACE('',(#18519),#18515,.T.);
#18515=PLANE('',#18516);
#18516=AXIS2_PLACEMENT_3D('',#508,#18517,#18518);
#18517=DIRECTION('',(0.06302946826567103,0.998011666329681,-0));
#18518=DIRECTION('',(-0.9980116663296811,0.06302946826567105,2.0761275827225492E-16));
#18519=FACE_BOUND('',#18520,.T.);
#18520=EDGE_LOOP('',(#18521,#18522,#18523));
#18521=ORIENTED_EDGE('',*,*,#18524,.T.);
#18522=ORIENTED_EDGE('',*,*,#18525,.T.);
#18523=ORIENTED_EDGE('',*,*,#18526,.T.);
#18524=EDGE_CURVE('',#509,#605,#18527,.F.);
#18525=EDGE_CURVE('',#605,#177,#18528,.T.);
#18526=EDGE_CURVE('',#177,#509,#18529,.T.);
#18527=LINE('',#508,#18530);
#18528=LINE('',#604,#18531);
#18529=LINE('',#176,#18532);
#18530=VECTOR('',#18533,1.0);
#18531=VECTOR('',#18534,1.0);
#18532=VECTOR('',#18535,1.0);
#18533=DIRECTION('',(-0.9980116663296811,0.06302946826567105,2.0761275827225492E-16));
#18534=DIRECTION('',(0.03164987469005705,-0.0019988491514591504,0.9994970185219031));
#18535=DIRECTION('',(0,0,-1));
#18536=FACE_SURFACE('',(#18541),#18537,.T.);
#18537=PLANE('',#18538);
#18538=AXIS2_PLACEMENT_3D('',#284,#18539,#18540);
#18539=DIRECTION('',(0.06302946826567103,0.998011666329681,0));
#18540=DIRECTION('',(0.9980116663296811,-0.06302946826567105,0));
#18541=FACE_BOUND('',#18542,.T.);
#18542=EDGE_LOOP('',(#18543,#18544,#18545));
#18543=ORIENTED_EDGE('',*,*,#18546,.T.);
#18544=ORIENTED_EDGE('',*,*,#18547,.T.);
#18545=ORIENTED_EDGE('',*,*,#18548,.T.);
#18546=EDGE_CURVE('',#285,#177,#18549,.F.);
#18547=EDGE_CURVE('',#177,#605,#18550,.T.);
#18548=EDGE_CURVE('',#605,#285,#18551,.T.);
#18549=LINE('',#284,#18552);
#18550=LINE('',#176,#18553);
#18551=LINE('',#604,#18554);
#18552=VECTOR('',#18555,1.0);
#18553=VECTOR('',#18556,1.0);
#18554=VECTOR('',#18557,1.0);
#18555=DIRECTION('',(0.9980116663296811,-0.06302946826567105,0));
#18556=DIRECTION('',(-0.03164987469005705,0.0019988491514591504,-0.9994970185219031));
#18557=DIRECTION('',(0,0,1));
#18558=FACE_SURFACE('',(#18563),#18559,.T.);
#18559=PLANE('',#18560);
#18560=AXIS2_PLACEMENT_3D('',#518,#18561,#18562);
#18561=DIRECTION('',(0.19001376774760106,0.9817814258104299,0));
#18562=DIRECTION('',(0.030985330052481438,-0.005996894169509174,0.9995018492138265));
#18563=FACE_BOUND('',#18564,.T.);
#18564=EDGE_LOOP('',(#18565,#18566,#18567));
#18565=ORIENTED_EDGE('',*,*,#18568,.T.);
#18566=ORIENTED_EDGE('',*,*,#18569,.T.);
#18567=ORIENTED_EDGE('',*,*,#18570,.T.);
#18568=EDGE_CURVE('',#519,#285,#18571,.F.);
#18569=EDGE_CURVE('',#285,#605,#18572,.T.);
#18570=EDGE_CURVE('',#605,#519,#18573,.T.);
#18571=LINE('',#518,#18574);
#18572=LINE('',#284,#18575);
#18573=LINE('',#604,#18576);
#18574=VECTOR('',#18577,1.0);
#18575=VECTOR('',#18578,1.0);
#18576=VECTOR('',#18579,1.0);
#18577=DIRECTION('',(0.030985330052481438,-0.005996894169509174,0.9995018492138265));
#18578=DIRECTION('',(0,0,-1));
#18579=DIRECTION('',(-0.9817814258104299,0.19001376774760106,1.758015893906651E-16));
#18580=FACE_SURFACE('',(#18585),#18581,.T.);
#18581=PLANE('',#18582);
#18582=AXIS2_PLACEMENT_3D('',#814,#18583,#18584);
#18583=DIRECTION('',(0.9972963075777806,-0.07348520185537083,0));
#18584=DIRECTION('',(0,0,1));
#18585=FACE_BOUND('',#18586,.T.);
#18586=EDGE_LOOP('',(#18587,#18588,#18589));
#18587=ORIENTED_EDGE('',*,*,#18590,.T.);
#18588=ORIENTED_EDGE('',*,*,#18591,.T.);
#18589=ORIENTED_EDGE('',*,*,#18592,.T.);
#18590=EDGE_CURVE('',#815,#161,#18593,.F.);
#18591=EDGE_CURVE('',#161,#803,#18594,.T.);
#18592=EDGE_CURVE('',#803,#815,#18595,.T.);
#18593=LINE('',#814,#18596);
#18594=LINE('',#160,#18597);
#18595=LINE('',#802,#18598);
#18596=VECTOR('',#18599,1.0);
#18597=VECTOR('',#18600,1.0);
#18598=VECTOR('',#18601,1.0);
#18599=DIRECTION('',(0,0,1));
#18600=DIRECTION('',(-0.0023321478123151033,-0.031650486672473666,-0.999496277021569));
#18601=DIRECTION('',(0.07348520185537083,0.9972963075777806,-2.37774595364214E-16));
#18602=FACE_SURFACE('',(#18607),#18603,.T.);
#18603=PLANE('',#18604);
#18604=AXIS2_PLACEMENT_3D('',#556,#18605,#18606);
#18605=DIRECTION('',(0.5571084046574509,0.8304397783464073,-0));
#18606=DIRECTION('',(0,0,1));
#18607=FACE_BOUND('',#18608,.T.);
#18608=EDGE_LOOP('',(#18609,#18610,#18611));
#18609=ORIENTED_EDGE('',*,*,#18612,.T.);
#18610=ORIENTED_EDGE('',*,*,#18613,.T.);
#18611=ORIENTED_EDGE('',*,*,#18614,.T.);
#18612=EDGE_CURVE('',#557,#305,#18615,.F.);
#18613=EDGE_CURVE('',#305,#323,#18616,.T.);
#18614=EDGE_CURVE('',#323,#557,#18617,.T.);
#18615=LINE('',#556,#18618);
#18616=LINE('',#304,#18619);
#18617=LINE('',#322,#18620);
#18618=VECTOR('',#18621,1.0);
#18619=VECTOR('',#18622,1.0);
#18620=VECTOR('',#18623,1.0);
#18621=DIRECTION('',(0,0,1));
#18622=DIRECTION('',(0.8304397783464071,-0.5571084046574509,0));
#18623=DIRECTION('',(-0.02632089608214112,0.01765762287384006,-0.999497583180609));
#18624=FACE_SURFACE('',(#18629),#18625,.T.);
#18625=PLANE('',#18626);
#18626=AXIS2_PLACEMENT_3D('',#370,#18627,#18628);
#18627=DIRECTION('',(0,0,1));
#18628=DIRECTION('',(-1,0,0));
#18629=FACE_BOUND('',#18630,.T.);
#18630=EDGE_LOOP('',(#18631,#18632,#18633));
#18631=ORIENTED_EDGE('',*,*,#18634,.T.);
#18632=ORIENTED_EDGE('',*,*,#18635,.T.);
#18633=ORIENTED_EDGE('',*,*,#18636,.T.);
#18634=EDGE_CURVE('',#371,#547,#18637,.F.);
#18635=EDGE_CURVE('',#547,#335,#18638,.T.);
#18636=EDGE_CURVE('',#335,#371,#18639,.T.);
#18637=LINE('',#370,#18640);
#18638=LINE('',#546,#18641);
#18639=LINE('',#334,#18642);
#18640=VECTOR('',#18643,1.0);
#18641=VECTOR('',#18644,1.0);
#18642=VECTOR('',#18645,1.0);
#18643=DIRECTION('',(-1,0,0));
#18644=DIRECTION('',(-0.955513777326619,-0.2949464719894378,0));
#18645=DIRECTION('',(0.979771424995676,0.20011985099420376,0));
#18646=FACE_SURFACE('',(#18651),#18647,.T.);
#18647=PLANE('',#18648);
#18648=AXIS2_PLACEMENT_3D('',#160,#18649,#18650);
#18649=DIRECTION('',(0.9817769422679221,-0.1900369322817254,0));
#18650=DIRECTION('',(0,0,-1));
#18651=FACE_BOUND('',#18652,.T.);
#18652=EDGE_LOOP('',(#18653,#18654,#18655));
#18653=ORIENTED_EDGE('',*,*,#18656,.T.);
#18654=ORIENTED_EDGE('',*,*,#18657,.T.);
#18655=ORIENTED_EDGE('',*,*,#18658,.T.);
#18656=EDGE_CURVE('',#161,#815,#18659,.F.);
#18657=EDGE_CURVE('',#815,#807,#18660,.T.);
#18658=EDGE_CURVE('',#807,#161,#18661,.T.);
#18659=LINE('',#160,#18662);
#18660=LINE('',#814,#18663);
#18661=LINE('',#806,#18664);
#18662=VECTOR('',#18665,1.0);
#18663=VECTOR('',#18666,1.0);
#18664=VECTOR('',#18667,1.0);
#18665=DIRECTION('',(0,0,-1));
#18666=DIRECTION('',(0.1900369322817254,0.9817769422679222,-2.6019047788599823E-16));
#18667=DIRECTION('',(-0.005997529730905263,-0.03098469507832271,0.9995018650848183));
#18668=FACE_SURFACE('',(#18673),#18669,.T.);
#18669=PLANE('',#18670);
#18670=AXIS2_PLACEMENT_3D('',#682,#18671,#18672);
#18671=DIRECTION('',(-0,0,1));
#18672=DIRECTION('',(0.9974286948515471,-0.07166588230629375,0));
#18673=FACE_BOUND('',#18674,.T.);
#18674=EDGE_LOOP('',(#18675,#18676,#18677));
#18675=ORIENTED_EDGE('',*,*,#18678,.T.);
#18676=ORIENTED_EDGE('',*,*,#18679,.T.);
#18677=ORIENTED_EDGE('',*,*,#18680,.T.);
#18678=EDGE_CURVE('',#683,#153,#18681,.F.);
#18679=EDGE_CURVE('',#153,#335,#18682,.T.);
#18680=EDGE_CURVE('',#335,#683,#18683,.T.);
#18681=LINE('',#682,#18684);
#18682=LINE('',#152,#18685);
#18683=LINE('',#334,#18686);
#18684=VECTOR('',#18687,1.0);
#18685=VECTOR('',#18688,1.0);
#18686=VECTOR('',#18689,1.0);
#18687=DIRECTION('',(0.9974286948515471,-0.07166588230629375,0));
#18688=DIRECTION('',(-0.9973692980977401,0.07248781423122974,0));
#18689=DIRECTION('',(-0.8304335555109672,-0.5571176804602537,0));
#18690=FACE_SURFACE('',(#18695),#18691,.T.);
#18691=PLANE('',#18692);
#18692=AXIS2_PLACEMENT_3D('',#634,#18693,#18694);
#18693=DIRECTION('',(-0,0,1));
#18694=DIRECTION('',(0.9974768529885638,-0.07099244855638669,0));
#18695=FACE_BOUND('',#18696,.T.);
#18696=EDGE_LOOP('',(#18697,#18698,#18699));
#18697=ORIENTED_EDGE('',*,*,#18700,.T.);
#18698=ORIENTED_EDGE('',*,*,#18701,.T.);
#18699=ORIENTED_EDGE('',*,*,#18702,.T.);
#18700=EDGE_CURVE('',#635,#153,#18703,.F.);
#18701=EDGE_CURVE('',#153,#683,#18704,.T.);
#18702=EDGE_CURVE('',#683,#635,#18705,.T.);
#18703=LINE('',#634,#18706);
#18704=LINE('',#152,#18707);
#18705=LINE('',#682,#18708);
#18706=VECTOR('',#18709,1.0);
#18707=VECTOR('',#18710,1.0);
#18708=VECTOR('',#18711,1.0);
#18709=DIRECTION('',(0.9974768529885638,-0.07099244855638669,0));
#18710=DIRECTION('',(-0.9974286948515471,0.07166588230629375,0));
#18711=DIRECTION('',(-0.8985691607578904,-0.43883193062362763,0));
#18712=FACE_SURFACE('',(#18717),#18713,.T.);
#18713=PLANE('',#18714);
#18714=AXIS2_PLACEMENT_3D('',#840,#18715,#18716);
#18715=DIRECTION('',(0.9454904622716915,-0.32564979004025624,0));
#18716=DIRECTION('',(0,0,1));
#18717=FACE_BOUND('',#18718,.T.);
#18718=EDGE_LOOP('',(#18719,#18720,#18721));
#18719=ORIENTED_EDGE('',*,*,#18722,.T.);
#18720=ORIENTED_EDGE('',*,*,#18723,.T.);
#18721=ORIENTED_EDGE('',*,*,#18724,.T.);
#18722=EDGE_CURVE('',#841,#81,#18725,.F.);
#18723=EDGE_CURVE('',#81,#807,#18726,.T.);
#18724=EDGE_CURVE('',#807,#841,#18727,.T.);
#18725=LINE('',#840,#18728);
#18726=LINE('',#80,#18729);
#18727=LINE('',#806,#18730);
#18728=VECTOR('',#18731,1.0);
#18729=VECTOR('',#18732,1.0);
#18730=VECTOR('',#18733,1.0);
#18731=DIRECTION('',(0,0,1));
#18732=DIRECTION('',(-0.010327545909986292,-0.029984960700751486,-0.9994969954568406));
#18733=DIRECTION('',(0.3256497900402563,0.9454904622716916,-2.8224093668207707E-16));
#18734=FACE_SURFACE('',(#18739),#18735,.T.);
#18735=PLANE('',#18736);
#18736=AXIS2_PLACEMENT_3D('',#306,#18737,#18738);
#18737=DIRECTION('',(0.6637125336103797,0.7479877490497359,0));
#18738=DIRECTION('',(0.7479877490497359,-0.6637125336103797,0));
#18739=FACE_BOUND('',#18740,.T.);
#18740=EDGE_LOOP('',(#18741,#18742,#18743));
#18741=ORIENTED_EDGE('',*,*,#18744,.T.);
#18742=ORIENTED_EDGE('',*,*,#18745,.T.);
#18743=ORIENTED_EDGE('',*,*,#18746,.T.);
#18744=EDGE_CURVE('',#307,#305,#18747,.F.);
#18745=EDGE_CURVE('',#305,#559,#18748,.T.);
#18746=EDGE_CURVE('',#559,#307,#18749,.T.);
#18747=LINE('',#306,#18750);
#18748=LINE('',#304,#18751);
#18749=LINE('',#558,#18752);
#18750=VECTOR('',#18753,1.0);
#18751=VECTOR('',#18754,1.0);
#18752=VECTOR('',#18755,1.0);
#18753=DIRECTION('',(0.7479877490497359,-0.6637125336103797,0));
#18754=DIRECTION('',(-0.02365454458896935,0.020989404893983925,-0.9994998286155355));
#18755=DIRECTION('',(0,0,1));
#18756=FACE_SURFACE('',(#18761),#18757,.T.);
#18757=PLANE('',#18758);
#18758=AXIS2_PLACEMENT_3D('',#536,#18759,#18760);
#18759=DIRECTION('',(-0,0,1));
#18760=DIRECTION('',(-0.3256497900402563,-0.9454904622716916,0));
#18761=FACE_BOUND('',#18762,.T.);
#18762=EDGE_LOOP('',(#18763,#18764,#18765));
#18763=ORIENTED_EDGE('',*,*,#18766,.T.);
#18764=ORIENTED_EDGE('',*,*,#18767,.T.);
#18765=ORIENTED_EDGE('',*,*,#18768,.T.);
#18766=EDGE_CURVE('',#537,#843,#18769,.F.);
#18767=EDGE_CURVE('',#843,#539,#18770,.T.);
#18768=EDGE_CURVE('',#539,#537,#18771,.T.);
#18769=LINE('',#536,#18772);
#18770=LINE('',#842,#18773);
#18771=LINE('',#538,#18774);
#18772=VECTOR('',#18775,1.0);
#18773=VECTOR('',#18776,1.0);
#18774=VECTOR('',#18777,1.0);
#18775=DIRECTION('',(-0.3256497900402563,-0.9454904622716916,0));
#18776=DIRECTION('',(0.9306300733851656,0.36596129100100383,0));
#18777=DIRECTION('',(-0.9319124987685383,-0.36268318769827074,0));
#18778=FACE_SURFACE('',(#18783),#18779,.T.);
#18779=PLANE('',#18780);
#18780=AXIS2_PLACEMENT_3D('',#306,#18781,#18782);
#18781=DIRECTION('',(0.747992174898728,0.6637075457536028,0));
#18782=DIRECTION('',(0,0,-1));
#18783=FACE_BOUND('',#18784,.T.);
#18784=EDGE_LOOP('',(#18785,#18786,#18787));
#18785=ORIENTED_EDGE('',*,*,#18788,.T.);
#18786=ORIENTED_EDGE('',*,*,#18789,.T.);
#18787=ORIENTED_EDGE('',*,*,#18790,.T.);
#18788=EDGE_CURVE('',#307,#559,#18791,.F.);
#18789=EDGE_CURVE('',#559,#321,#18792,.T.);
#18790=EDGE_CURVE('',#321,#307,#18793,.T.);
#18791=LINE('',#306,#18794);
#18792=LINE('',#558,#18795);
#18793=LINE('',#320,#18796);
#18794=VECTOR('',#18797,1.0);
#18795=VECTOR('',#18798,1.0);
#18796=VECTOR('',#18799,1.0);
#18797=DIRECTION('',(0,0,-1));
#18798=DIRECTION('',(-0.020989404736230358,0.02365486214362116,0.9994998211034282));
#18799=DIRECTION('',(0.6637075457536028,-0.747992174898728,0));
#18800=FACE_SURFACE('',(#18805),#18801,.T.);
#18801=PLANE('',#18802);
#18802=AXIS2_PLACEMENT_3D('',#672,#18803,#18804);
#18803=DIRECTION('',(0.747992174898728,0.6637075457536028,-0));
#18804=DIRECTION('',(0,0,1));
#18805=FACE_BOUND('',#18806,.T.);
#18806=EDGE_LOOP('',(#18807,#18808,#18809));
#18807=ORIENTED_EDGE('',*,*,#18810,.T.);
#18808=ORIENTED_EDGE('',*,*,#18811,.T.);
#18809=ORIENTED_EDGE('',*,*,#18812,.T.);
#18810=EDGE_CURVE('',#673,#321,#18813,.F.);
#18811=EDGE_CURVE('',#321,#559,#18814,.T.);
#18812=EDGE_CURVE('',#559,#673,#18815,.T.);
#18813=LINE('',#672,#18816);
#18814=LINE('',#320,#18817);
#18815=LINE('',#558,#18818);
#18816=VECTOR('',#18819,1.0);
#18817=VECTOR('',#18820,1.0);
#18818=VECTOR('',#18821,1.0);
#18819=DIRECTION('',(0,0,1));
#18820=DIRECTION('',(0.020989404736230358,-0.02365486214362116,-0.9994998211034282));
#18821=DIRECTION('',(-0.6637075457536028,0.747992174898728,-1.8714389456955205E-17));
#18822=FACE_SURFACE('',(#18827),#18823,.T.);
#18823=PLANE('',#18824);
#18824=AXIS2_PLACEMENT_3D('',#842,#18825,#18826);
#18825=DIRECTION('',(-0,0,1));
#18826=DIRECTION('',(-0.4388519507202181,-0.8985593833181307,0));
#18827=FACE_BOUND('',#18828,.T.);
#18828=EDGE_LOOP('',(#18829,#18830,#18831));
#18829=ORIENTED_EDGE('',*,*,#18832,.T.);
#18830=ORIENTED_EDGE('',*,*,#18833,.T.);
#18831=ORIENTED_EDGE('',*,*,#18834,.T.);
#18832=EDGE_CURVE('',#843,#541,#18835,.F.);
#18833=EDGE_CURVE('',#541,#539,#18836,.T.);
#18834=EDGE_CURVE('',#539,#843,#18837,.T.);
#18835=LINE('',#842,#18838);
#18836=LINE('',#540,#18839);
#18837=LINE('',#538,#18840);
#18838=VECTOR('',#18841,1.0);
#18839=VECTOR('',#18842,1.0);
#18840=VECTOR('',#18843,1.0);
#18841=DIRECTION('',(-0.4388519507202181,-0.8985593833181307,0));
#18842=DIRECTION('',(0.9294825643061123,0.3688660497401921,0));
#18843=DIRECTION('',(-0.9306300733851656,-0.36596129100100383,0));
#18844=FACE_SURFACE('',(#18849),#18845,.T.);
#18845=PLANE('',#18846);
#18846=AXIS2_PLACEMENT_3D('',#134,#18847,#18848);
#18847=DIRECTION('',(-0,0,1));
#18848=DIRECTION('',(0.9454842926142162,-0.3256677024511265,0));
#18849=FACE_BOUND('',#18850,.T.);
#18850=EDGE_LOOP('',(#18851,#18852,#18853));
#18851=ORIENTED_EDGE('',*,*,#18854,.T.);
#18852=ORIENTED_EDGE('',*,*,#18855,.T.);
#18853=ORIENTED_EDGE('',*,*,#18856,.T.);
#18854=EDGE_CURVE('',#135,#859,#18857,.F.);
#18855=EDGE_CURVE('',#859,#133,#18858,.T.);
#18856=EDGE_CURVE('',#133,#135,#18859,.T.);
#18857=LINE('',#134,#18860);
#18858=LINE('',#858,#18861);
#18859=LINE('',#132,#18862);
#18860=VECTOR('',#18863,1.0);
#18861=VECTOR('',#18864,1.0);
#18862=VECTOR('',#18865,1.0);
#18863=DIRECTION('',(0.9454842926142162,-0.3256677024511265,0));
#18864=DIRECTION('',(0.7067315604039943,0.7074818029666455,0));
#18865=DIRECTION('',(-0.7131623693747652,-0.7009988836708453,0));
#18866=FACE_SURFACE('',(#18871),#18867,.T.);
#18867=PLANE('',#18868);
#18868=AXIS2_PLACEMENT_3D('',#320,#18869,#18870);
#18869=DIRECTION('',(0.8304242795769872,0.5571315068177725,0));
#18870=DIRECTION('',(0,0,-1));
#18871=FACE_BOUND('',#18872,.T.);
#18872=EDGE_LOOP('',(#18873,#18874,#18875));
#18873=ORIENTED_EDGE('',*,*,#18876,.T.);
#18874=ORIENTED_EDGE('',*,*,#18877,.T.);
#18875=ORIENTED_EDGE('',*,*,#18878,.T.);
#18876=EDGE_CURVE('',#321,#673,#18879,.F.);
#18877=EDGE_CURVE('',#673,#619,#18880,.T.);
#18878=EDGE_CURVE('',#619,#321,#18881,.T.);
#18879=LINE('',#320,#18882);
#18880=LINE('',#672,#18883);
#18881=LINE('',#618,#18884);
#18882=VECTOR('',#18885,1.0);
#18883=VECTOR('',#18886,1.0);
#18884=VECTOR('',#18887,1.0);
#18885=DIRECTION('',(0,0,-1));
#18886=DIRECTION('',(-0.5571315068177726,0.8304242795769873,-6.068541168186134E-17));
#18887=DIRECTION('',(0.01765825843449465,-0.026320260763579028,0.9994975886826329));
#18888=FACE_SURFACE('',(#18893),#18889,.T.);
#18889=PLANE('',#18890);
#18890=AXIS2_PLACEMENT_3D('',#708,#18891,#18892);
#18891=DIRECTION('',(0,-0,1));
#18892=DIRECTION('',(0.6998111264458992,0.7143279270072826,0));
#18893=FACE_BOUND('',#18894,.T.);
#18894=EDGE_LOOP('',(#18895,#18896,#18897));
#18895=ORIENTED_EDGE('',*,*,#18898,.T.);
#18896=ORIENTED_EDGE('',*,*,#18899,.T.);
#18897=ORIENTED_EDGE('',*,*,#18900,.T.);
#18898=EDGE_CURVE('',#709,#133,#18901,.F.);
#18899=EDGE_CURVE('',#133,#859,#18902,.T.);
#18900=EDGE_CURVE('',#859,#709,#18903,.T.);
#18901=LINE('',#708,#18904);
#18902=LINE('',#132,#18905);
#18903=LINE('',#858,#18906);
#18904=VECTOR('',#18907,1.0);
#18905=VECTOR('',#18908,1.0);
#18906=VECTOR('',#18909,1.0);
#18907=DIRECTION('',(0.6998111264458992,0.7143279270072826,0));
#18908=DIRECTION('',(-0.7067315604039943,-0.7074818029666455,0));
#18909=DIRECTION('',(0.8985652315706761,-0.43883997608734,0));
#18910=FACE_SURFACE('',(#18915),#18911,.T.);
#18911=PLANE('',#18912);
#18912=AXIS2_PLACEMENT_3D('',#712,#18913,#18914);
#18913=DIRECTION('',(0,-0,1));
#18914=DIRECTION('',(0.6925788538173063,0.7213421734829498,0));
#18915=FACE_BOUND('',#18916,.T.);
#18916=EDGE_LOOP('',(#18917,#18918,#18919));
#18917=ORIENTED_EDGE('',*,*,#18920,.T.);
#18918=ORIENTED_EDGE('',*,*,#18921,.T.);
#18919=ORIENTED_EDGE('',*,*,#18922,.T.);
#18920=EDGE_CURVE('',#713,#133,#18923,.F.);
#18921=EDGE_CURVE('',#133,#709,#18924,.T.);
#18922=EDGE_CURVE('',#709,#713,#18925,.T.);
#18923=LINE('',#712,#18926);
#18924=LINE('',#132,#18927);
#18925=LINE('',#708,#18928);
#18926=VECTOR('',#18929,1.0);
#18927=VECTOR('',#18930,1.0);
#18928=VECTOR('',#18931,1.0);
#18929=DIRECTION('',(0.6925788538173063,0.7213421734829498,0));
#18930=DIRECTION('',(-0.6998111264458992,-0.7143279270072826,0));
#18931=DIRECTION('',(0.8304335555109672,-0.5571176804602537,0));
#18932=FACE_SURFACE('',(#18937),#18933,.T.);
#18933=PLANE('',#18934);
#18934=AXIS2_PLACEMENT_3D('',#358,#18935,#18936);
#18935=DIRECTION('',(0.8985672418541736,0.4388358598229904,0));
#18936=DIRECTION('',(0.013992820065376166,-0.028651919505799876,-0.9994915049640247));
#18937=FACE_BOUND('',#18938,.T.);
#18938=EDGE_LOOP('',(#18939,#18940,#18941));
#18939=ORIENTED_EDGE('',*,*,#18942,.T.);
#18940=ORIENTED_EDGE('',*,*,#18943,.T.);
#18941=ORIENTED_EDGE('',*,*,#18944,.T.);
#18942=EDGE_CURVE('',#359,#619,#18945,.F.);
#18943=EDGE_CURVE('',#619,#677,#18946,.T.);
#18944=EDGE_CURVE('',#677,#359,#18947,.T.);
#18945=LINE('',#358,#18948);
#18946=LINE('',#618,#18949);
#18947=LINE('',#676,#18950);
#18948=VECTOR('',#18951,1.0);
#18949=VECTOR('',#18952,1.0);
#18950=VECTOR('',#18953,1.0);
#18951=DIRECTION('',(0.013992820065376166,-0.028651919505799876,-0.9994915049640247));
#18952=DIRECTION('',(-0.43883585982299034,0.8985672418541735,-1.0208142623471138E-16));
#18953=DIRECTION('',(0,0,1));
#18954=FACE_SURFACE('',(#18959),#18955,.T.);
#18955=PLANE('',#18956);
#18956=AXIS2_PLACEMENT_3D('',#80,#18957,#18958);
#18957=DIRECTION('',(0.8985672418541736,-0.43883585982299034,0));
#18958=DIRECTION('',(0,0,-1));
#18959=FACE_BOUND('',#18960,.T.);
#18960=EDGE_LOOP('',(#18961,#18962,#18963));
#18961=ORIENTED_EDGE('',*,*,#18964,.T.);
#18962=ORIENTED_EDGE('',*,*,#18965,.T.);
#18963=ORIENTED_EDGE('',*,*,#18966,.T.);
#18964=EDGE_CURVE('',#81,#841,#18967,.F.);
#18965=EDGE_CURVE('',#841,#813,#18968,.T.);
#18966=EDGE_CURVE('',#813,#81,#18969,.T.);
#18967=LINE('',#80,#18970);
#18968=LINE('',#840,#18971);
#18969=LINE('',#812,#18972);
#18970=VECTOR('',#18973,1.0);
#18971=VECTOR('',#18974,1.0);
#18972=VECTOR('',#18975,1.0);
#18973=DIRECTION('',(0,0,-1));
#18974=DIRECTION('',(0.43883585982299034,0.8985672418541735,-2.969786312562604E-16));
#18975=DIRECTION('',(-0.013992820065376261,-0.02865191950580007,0.9994915049640247));
#18976=FACE_SURFACE('',(#18981),#18977,.T.);
#18977=PLANE('',#18978);
#18978=AXIS2_PLACEMENT_3D('',#716,#18979,#18980);
#18979=DIRECTION('',(0,-0,1));
#18980=DIRECTION('',(0.6851697069128855,0.7283834654417345,0));
#18981=FACE_BOUND('',#18982,.T.);
#18982=EDGE_LOOP('',(#18983,#18984,#18985));
#18983=ORIENTED_EDGE('',*,*,#18986,.T.);
#18984=ORIENTED_EDGE('',*,*,#18987,.T.);
#18985=ORIENTED_EDGE('',*,*,#18988,.T.);
#18986=EDGE_CURVE('',#717,#133,#18989,.F.);
#18987=EDGE_CURVE('',#133,#713,#18990,.T.);
#18988=EDGE_CURVE('',#713,#717,#18991,.T.);
#18989=LINE('',#716,#18992);
#18990=LINE('',#132,#18993);
#18991=LINE('',#712,#18994);
#18992=VECTOR('',#18995,1.0);
#18993=VECTOR('',#18996,1.0);
#18994=VECTOR('',#18997,1.0);
#18995=DIRECTION('',(0.6851697069128855,0.7283834654417345,0));
#18996=DIRECTION('',(-0.6925788538173063,-0.7213421734829498,0));
#18997=DIRECTION('',(0.7479877490497359,-0.6637125336103797,0));
#18998=FACE_SURFACE('',(#19003),#18999,.T.);
#18999=PLANE('',#19000);
#19000=AXIS2_PLACEMENT_3D('',#862,#19001,#19002);
#19001=DIRECTION('',(0,-0,1));
#19002=DIRECTION('',(0.6777209762923642,0.735319167636289,0));
#19003=FACE_BOUND('',#19004,.T.);
#19004=EDGE_LOOP('',(#19005,#19006,#19007));
#19005=ORIENTED_EDGE('',*,*,#19008,.T.);
#19006=ORIENTED_EDGE('',*,*,#19009,.T.);
#19007=ORIENTED_EDGE('',*,*,#19010,.T.);
#19008=EDGE_CURVE('',#863,#133,#19011,.F.);
#19009=EDGE_CURVE('',#133,#717,#19012,.T.);
#19010=EDGE_CURVE('',#717,#863,#19013,.T.);
#19011=LINE('',#862,#19014);
#19012=LINE('',#132,#19015);
#19013=LINE('',#716,#19016);
#19014=VECTOR('',#19017,1.0);
#19015=VECTOR('',#19018,1.0);
#19016=VECTOR('',#19019,1.0);
#19017=DIRECTION('',(0.6777209762923642,0.735319167636289,0));
#19018=DIRECTION('',(-0.6851697069128855,-0.7283834654417345,0));
#19019=DIRECTION('',(0.6637075457536028,-0.747992174898728,0));
#19020=FACE_SURFACE('',(#19025),#19021,.T.);
#19021=PLANE('',#19022);
#19022=AXIS2_PLACEMENT_3D('',#678,#19023,#19024);
#19023=DIRECTION('',(0.9454904622716916,0.32564979004025635,-0));
#19024=DIRECTION('',(0,0,1));
#19025=FACE_BOUND('',#19026,.T.);
#19026=EDGE_LOOP('',(#19027,#19028,#19029));
#19027=ORIENTED_EDGE('',*,*,#19030,.T.);
#19028=ORIENTED_EDGE('',*,*,#19031,.T.);
#19029=ORIENTED_EDGE('',*,*,#19032,.T.);
#19030=EDGE_CURVE('',#679,#361,#19033,.F.);
#19031=EDGE_CURVE('',#361,#359,#19034,.T.);
#19032=EDGE_CURVE('',#359,#679,#19035,.T.);
#19033=LINE('',#678,#19036);
#19034=LINE('',#360,#19037);
#19035=LINE('',#358,#19038);
#19036=VECTOR('',#19039,1.0);
#19037=VECTOR('',#19040,1.0);
#19038=VECTOR('',#19041,1.0);
#19039=DIRECTION('',(0,0,1));
#19040=DIRECTION('',(0.3256497900402563,-0.9454904622716916,0));
#19041=DIRECTION('',(-0.01032754590998622,0.02998496070075128,-0.9994969954568406));
#19042=FACE_SURFACE('',(#19047),#19043,.T.);
#19043=PLANE('',#19044);
#19044=AXIS2_PLACEMENT_3D('',#678,#19045,#19046);
#19045=DIRECTION('',(0.9454904622716916,0.32564979004025635,0));
#19046=DIRECTION('',(0.01032754590998622,-0.02998496070075128,0.9994969954568406));
#19047=FACE_BOUND('',#19048,.T.);
#19048=EDGE_LOOP('',(#19049,#19050,#19051));
#19049=ORIENTED_EDGE('',*,*,#19052,.T.);
#19050=ORIENTED_EDGE('',*,*,#19053,.T.);
#19051=ORIENTED_EDGE('',*,*,#19054,.T.);
#19052=EDGE_CURVE('',#679,#359,#19055,.F.);
#19053=EDGE_CURVE('',#359,#677,#19056,.T.);
#19054=EDGE_CURVE('',#677,#679,#19057,.T.);
#19055=LINE('',#678,#19058);
#19056=LINE('',#358,#19059);
#19057=LINE('',#676,#19060);
#19058=VECTOR('',#19061,1.0);
#19059=VECTOR('',#19062,1.0);
#19060=VECTOR('',#19063,1.0);
#19061=DIRECTION('',(0.01032754590998622,-0.02998496070075128,0.9994969954568406));
#19062=DIRECTION('',(0,0,-1));
#19063=DIRECTION('',(-0.3256497900402563,0.9454904622716916,-1.3762782795867787E-16));
#19064=FACE_SURFACE('',(#19069),#19065,.T.);
#19065=PLANE('',#19066);
#19066=AXIS2_PLACEMENT_3D('',#530,#19067,#19068);
#19067=DIRECTION('',(0,-0,1));
#19068=DIRECTION('',(0.6633006434460095,0.7483530292609964,0));
#19069=FACE_BOUND('',#19070,.T.);
#19070=EDGE_LOOP('',(#19071,#19072,#19073));
#19071=ORIENTED_EDGE('',*,*,#19074,.T.);
#19072=ORIENTED_EDGE('',*,*,#19075,.T.);
#19073=ORIENTED_EDGE('',*,*,#19076,.T.);
#19074=EDGE_CURVE('',#531,#133,#19077,.F.);
#19075=EDGE_CURVE('',#133,#855,#19078,.T.);
#19076=EDGE_CURVE('',#855,#531,#19079,.T.);
#19077=LINE('',#530,#19080);
#19078=LINE('',#132,#19081);
#19079=LINE('',#854,#19082);
#19080=VECTOR('',#19083,1.0);
#19081=VECTOR('',#19084,1.0);
#19082=VECTOR('',#19085,1.0);
#19083=DIRECTION('',(0.6633006434460095,0.7483530292609964,0));
#19084=DIRECTION('',(-0.670381662501444,-0.7420164597782183,0));
#19085=DIRECTION('',(0.4388519507202181,-0.8985593833181307,0));
#19086=FACE_SURFACE('',(#19091),#19087,.T.);
#19087=PLANE('',#19088);
#19088=AXIS2_PLACEMENT_3D('',#100,#19089,#19090);
#19089=DIRECTION('',(0.8304242795769871,-0.5571315068177725,0));
#19090=DIRECTION('',(-0.017658258434494773,-0.02632026076357921,-0.9994975886826329));
#19091=FACE_BOUND('',#19092,.T.);
#19092=EDGE_LOOP('',(#19093,#19094,#19095));
#19093=ORIENTED_EDGE('',*,*,#19096,.T.);
#19094=ORIENTED_EDGE('',*,*,#19097,.T.);
#19095=ORIENTED_EDGE('',*,*,#19098,.T.);
#19096=EDGE_CURVE('',#101,#813,#19099,.F.);
#19097=EDGE_CURVE('',#813,#829,#19100,.T.);
#19098=EDGE_CURVE('',#829,#101,#19101,.T.);
#19099=LINE('',#100,#19102);
#19100=LINE('',#812,#19103);
#19101=LINE('',#828,#19104);
#19102=VECTOR('',#19105,1.0);
#19103=VECTOR('',#19106,1.0);
#19104=VECTOR('',#19107,1.0);
#19105=DIRECTION('',(-0.017658258434494773,-0.02632026076357921,-0.9994975886826329));
#19106=DIRECTION('',(0.5571315068177726,0.8304242795769873,-3.0808592084741464E-16));
#19107=DIRECTION('',(0,0,1));
#19108=FACE_SURFACE('',(#19113),#19109,.T.);
#19109=PLANE('',#19110);
#19110=AXIS2_PLACEMENT_3D('',#360,#19111,#19112);
#19111=DIRECTION('',(0.9817769422679222,0.19003693228172544,0));
#19112=DIRECTION('',(0,0,-1));
#19113=FACE_BOUND('',#19114,.T.);
#19114=EDGE_LOOP('',(#19115,#19116,#19117));
#19115=ORIENTED_EDGE('',*,*,#19118,.T.);
#19116=ORIENTED_EDGE('',*,*,#19119,.T.);
#19117=ORIENTED_EDGE('',*,*,#19120,.T.);
#19118=EDGE_CURVE('',#361,#679,#19121,.F.);
#19119=EDGE_CURVE('',#679,#363,#19122,.T.);
#19120=EDGE_CURVE('',#363,#361,#19123,.T.);
#19121=LINE('',#360,#19124);
#19122=LINE('',#678,#19125);
#19123=LINE('',#362,#19126);
#19124=VECTOR('',#19127,1.0);
#19125=VECTOR('',#19128,1.0);
#19126=VECTOR('',#19129,1.0);
#19127=DIRECTION('',(0,0,-1));
#19128=DIRECTION('',(-0.005997529730905222,0.0309846950783225,0.9995018650848183));
#19129=DIRECTION('',(0.1900369322817254,-0.9817769422679222,0));
#19130=FACE_SURFACE('',(#19135),#19131,.T.);
#19131=PLANE('',#19132);
#19132=AXIS2_PLACEMENT_3D('',#588,#19133,#19134);
#19133=DIRECTION('',(0.9817769422679222,0.19003693228172544,-0));
#19134=DIRECTION('',(0,0,1));
#19135=FACE_BOUND('',#19136,.T.);
#19136=EDGE_LOOP('',(#19137,#19138,#19139));
#19137=ORIENTED_EDGE('',*,*,#19140,.T.);
#19138=ORIENTED_EDGE('',*,*,#19141,.T.);
#19139=ORIENTED_EDGE('',*,*,#19142,.T.);
#19140=EDGE_CURVE('',#589,#363,#19143,.F.);
#19141=EDGE_CURVE('',#363,#679,#19144,.T.);
#19142=EDGE_CURVE('',#679,#589,#19145,.T.);
#19143=LINE('',#588,#19146);
#19144=LINE('',#362,#19147);
#19145=LINE('',#678,#19148);
#19146=VECTOR('',#19149,1.0);
#19147=VECTOR('',#19150,1.0);
#19148=VECTOR('',#19151,1.0);
#19149=DIRECTION('',(0,0,1));
#19150=DIRECTION('',(0.005997529730905222,-0.0309846950783225,-0.9995018650848183));
#19151=DIRECTION('',(-0.1900369322817254,0.9817769422679222,-1.758043920545057E-16));
#19152=FACE_SURFACE('',(#19157),#19153,.T.);
#19153=PLANE('',#19154);
#19154=AXIS2_PLACEMENT_3D('',#862,#19155,#19156);
#19155=DIRECTION('',(-0,0,1));
#19156=DIRECTION('',(0.5571176804602537,-0.8304335555109672,0));
#19157=FACE_BOUND('',#19158,.T.);
#19158=EDGE_LOOP('',(#19159,#19160,#19161));
#19159=ORIENTED_EDGE('',*,*,#19162,.T.);
#19160=ORIENTED_EDGE('',*,*,#19163,.T.);
#19161=ORIENTED_EDGE('',*,*,#19164,.T.);
#19162=EDGE_CURVE('',#863,#855,#19165,.F.);
#19163=EDGE_CURVE('',#855,#133,#19166,.T.);
#19164=EDGE_CURVE('',#133,#863,#19167,.T.);
#19165=LINE('',#862,#19168);
#19166=LINE('',#854,#19169);
#19167=LINE('',#132,#19170);
#19168=VECTOR('',#19171,1.0);
#19169=VECTOR('',#19172,1.0);
#19170=VECTOR('',#19173,1.0);
#19171=DIRECTION('',(0.5571176804602537,-0.8304335555109672,0));
#19172=DIRECTION('',(0.670381662501444,0.7420164597782183,0));
#19173=DIRECTION('',(-0.6777209762923642,-0.735319167636289,0));
#19174=FACE_SURFACE('',(#19179),#19175,.T.);
#19175=PLANE('',#19176);
#19176=AXIS2_PLACEMENT_3D('',#36,#19177,#19178);
#19177=DIRECTION('',(0,0,1));
#19178=DIRECTION('',(1,0,0));
#19179=FACE_BOUND('',#19180,.T.);
#19180=EDGE_LOOP('',(#19181,#19182,#19183));
#19181=ORIENTED_EDGE('',*,*,#19184,.T.);
#19182=ORIENTED_EDGE('',*,*,#19185,.T.);
#19183=ORIENTED_EDGE('',*,*,#19186,.T.);
#19184=EDGE_CURVE('',#37,#153,#19187,.F.);
#19185=EDGE_CURVE('',#153,#637,#19188,.T.);
#19186=EDGE_CURVE('',#637,#37,#19189,.T.);
#19187=LINE('',#36,#19190);
#19188=LINE('',#152,#19191);
#19189=LINE('',#636,#19192);
#19190=VECTOR('',#19193,1.0);
#19191=VECTOR('',#19194,1.0);
#19192=VECTOR('',#19195,1.0);
#19193=DIRECTION('',(1,0,0));
#19194=DIRECTION('',(-0.9975138852615542,0.07047019732056249,0));
#19195=DIRECTION('',(-0.7825831782014164,-0.6225460378126022,0));
#19196=FACE_SURFACE('',(#19201),#19197,.T.);
#19197=PLANE('',#19198);
#19198=AXIS2_PLACEMENT_3D('',#588,#19199,#19200);
#19199=DIRECTION('',(0.998013636119618,0.06299827076435198,-0));
#19200=DIRECTION('',(-0.06299827076435198,0.998013636119618,-2.0760899968732883E-16));
#19201=FACE_BOUND('',#19202,.T.);
#19202=EDGE_LOOP('',(#19203,#19204,#19205));
#19203=ORIENTED_EDGE('',*,*,#19206,.T.);
#19204=ORIENTED_EDGE('',*,*,#19207,.T.);
#19205=ORIENTED_EDGE('',*,*,#19208,.T.);
#19206=EDGE_CURVE('',#589,#587,#19209,.F.);
#19207=EDGE_CURVE('',#587,#363,#19210,.T.);
#19208=EDGE_CURVE('',#363,#589,#19211,.T.);
#19209=LINE('',#588,#19212);
#19210=LINE('',#586,#19213);
#19211=LINE('',#362,#19214);
#19212=VECTOR('',#19215,1.0);
#19213=VECTOR('',#19216,1.0);
#19214=VECTOR('',#19217,1.0);
#19215=DIRECTION('',(-0.06299827076435198,0.998013636119618,-2.0760899968732883E-16));
#19216=DIRECTION('',(0.00199789592044619,-0.031650509576864945,0.9994970003233706));
#19217=DIRECTION('',(0,0,-1));
#19218=FACE_SURFACE('',(#19223),#19219,.T.);
#19219=PLANE('',#19220);
#19220=AXIS2_PLACEMENT_3D('',#364,#19221,#19222);
#19221=DIRECTION('',(0.998013636119618,0.06299827076435198,0));
#19222=DIRECTION('',(0.06299827076435198,-0.998013636119618,0));
#19223=FACE_BOUND('',#19224,.T.);
#19224=EDGE_LOOP('',(#19225,#19226,#19227));
#19225=ORIENTED_EDGE('',*,*,#19228,.T.);
#19226=ORIENTED_EDGE('',*,*,#19229,.T.);
#19227=ORIENTED_EDGE('',*,*,#19230,.T.);
#19228=EDGE_CURVE('',#365,#363,#19231,.F.);
#19229=EDGE_CURVE('',#363,#587,#19232,.T.);
#19230=EDGE_CURVE('',#587,#365,#19233,.T.);
#19231=LINE('',#364,#19234);
#19232=LINE('',#362,#19235);
#19233=LINE('',#586,#19236);
#19234=VECTOR('',#19237,1.0);
#19235=VECTOR('',#19238,1.0);
#19236=VECTOR('',#19239,1.0);
#19237=DIRECTION('',(0.06299827076435198,-0.998013636119618,0));
#19238=DIRECTION('',(-0.00199789592044619,0.031650509576864945,-0.9994970003233706));
#19239=DIRECTION('',(0,0,1));
#19240=FACE_SURFACE('',(#19245),#19241,.T.);
#19241=PLANE('',#19242);
#19242=AXIS2_PLACEMENT_3D('',#738,#19243,#19244);
#19243=DIRECTION('',(-0,0,1));
#19244=DIRECTION('',(-0.7791550073306788,-0.6268312967230736,0));
#19245=FACE_BOUND('',#19246,.T.);
#19246=EDGE_LOOP('',(#19247,#19248,#19249));
#19247=ORIENTED_EDGE('',*,*,#19250,.T.);
#19248=ORIENTED_EDGE('',*,*,#19251,.T.);
#19249=ORIENTED_EDGE('',*,*,#19252,.T.);
#19250=EDGE_CURVE('',#739,#37,#19253,.F.);
#19251=EDGE_CURVE('',#37,#637,#19254,.T.);
#19252=EDGE_CURVE('',#637,#739,#19255,.T.);
#19253=LINE('',#738,#19256);
#19254=LINE('',#36,#19257);
#19255=LINE('',#636,#19258);
#19256=VECTOR('',#19259,1.0);
#19257=VECTOR('',#19260,1.0);
#19258=VECTOR('',#19261,1.0);
#19259=DIRECTION('',(-0.7791550073306788,-0.6268312967230736,0));
#19260=DIRECTION('',(0.7825831782014164,0.6225460378126022,0));
#19261=DIRECTION('',(-0.9817780934682556,-0.19003098480468153,0));
#19262=FACE_SURFACE('',(#19267),#19263,.T.);
#19263=PLANE('',#19264);
#19264=AXIS2_PLACEMENT_3D('',#100,#19265,#19266);
#19265=DIRECTION('',(0.7479921748987279,-0.6637075457536027,0));
#19266=DIRECTION('',(0,0,-1));
#19267=FACE_BOUND('',#19268,.T.);
#19268=EDGE_LOOP('',(#19269,#19270,#19271));
#19269=ORIENTED_EDGE('',*,*,#19272,.T.);
#19270=ORIENTED_EDGE('',*,*,#19273,.T.);
#19271=ORIENTED_EDGE('',*,*,#19274,.T.);
#19272=EDGE_CURVE('',#101,#829,#19275,.F.);
#19273=EDGE_CURVE('',#829,#115,#19276,.T.);
#19274=EDGE_CURVE('',#115,#101,#19277,.T.);
#19275=LINE('',#100,#19278);
#19276=LINE('',#828,#19279);
#19277=LINE('',#114,#19280);
#19278=VECTOR('',#19281,1.0);
#19279=VECTOR('',#19282,1.0);
#19280=VECTOR('',#19283,1.0);
#19281=DIRECTION('',(0,0,-1));
#19282=DIRECTION('',(0.0209894047362305,0.023654862143621322,0.9994998211034282));
#19283=DIRECTION('',(-0.6637075457536028,-0.747992174898728,0));
#19284=FACE_SURFACE('',(#19289),#19285,.T.);
#19285=PLANE('',#19286);
#19286=AXIS2_PLACEMENT_3D('',#838,#19287,#19288);
#19287=DIRECTION('',(0.7479921748987279,-0.6637075457536027,0));
#19288=DIRECTION('',(0,0,1));
#19289=FACE_BOUND('',#19290,.T.);
#19290=EDGE_LOOP('',(#19291,#19292,#19293));
#19291=ORIENTED_EDGE('',*,*,#19294,.T.);
#19292=ORIENTED_EDGE('',*,*,#19295,.T.);
#19293=ORIENTED_EDGE('',*,*,#19296,.T.);
#19294=EDGE_CURVE('',#839,#115,#19297,.F.);
#19295=EDGE_CURVE('',#115,#829,#19298,.T.);
#19296=EDGE_CURVE('',#829,#839,#19299,.T.);
#19297=LINE('',#838,#19300);
#19298=LINE('',#114,#19301);
#19299=LINE('',#828,#19302);
#19300=VECTOR('',#19303,1.0);
#19301=VECTOR('',#19304,1.0);
#19302=VECTOR('',#19305,1.0);
#19303=DIRECTION('',(0,0,1));
#19304=DIRECTION('',(-0.0209894047362305,-0.023654862143621322,-0.9994998211034282));
#19305=DIRECTION('',(0.6637075457536028,0.747992174898728,-3.134669994189468E-16));
#19306=FACE_SURFACE('',(#19311),#19307,.T.);
#19307=PLANE('',#19308);
#19308=AXIS2_PLACEMENT_3D('',#736,#19309,#19310);
#19309=DIRECTION('',(-0,0,1));
#19310=DIRECTION('',(-0.7747851109190617,-0.6322246688465559,0));
#19311=FACE_BOUND('',#19312,.T.);
#19312=EDGE_LOOP('',(#19313,#19314,#19315));
#19313=ORIENTED_EDGE('',*,*,#19316,.T.);
#19314=ORIENTED_EDGE('',*,*,#19317,.T.);
#19315=ORIENTED_EDGE('',*,*,#19318,.T.);
#19316=EDGE_CURVE('',#737,#37,#19319,.F.);
#19317=EDGE_CURVE('',#37,#739,#19320,.T.);
#19318=EDGE_CURVE('',#739,#737,#19321,.T.);
#19319=LINE('',#736,#19322);
#19320=LINE('',#36,#19323);
#19321=LINE('',#738,#19324);
#19322=VECTOR('',#19325,1.0);
#19323=VECTOR('',#19326,1.0);
#19324=VECTOR('',#19327,1.0);
#19325=DIRECTION('',(-0.7747851109190617,-0.6322246688465559,0));
#19326=DIRECTION('',(0.7791550073306788,0.6268312967230736,0));
#19327=DIRECTION('',(-0.9980118255304575,-0.06302694742222241,0));
#19328=FACE_SURFACE('',(#19333),#19329,.T.);
#19329=PLANE('',#19330);
#19330=AXIS2_PLACEMENT_3D('',#582,#19331,#19332);
#19331=DIRECTION('',(0.9980136758814915,-0.06299764085672659,0));
#19332=DIRECTION('',(0,0,1));
#19333=FACE_BOUND('',#19334,.T.);
#19334=EDGE_LOOP('',(#19335,#19336,#19337));
#19335=ORIENTED_EDGE('',*,*,#19338,.T.);
#19336=ORIENTED_EDGE('',*,*,#19339,.T.);
#19337=ORIENTED_EDGE('',*,*,#19340,.T.);
#19338=EDGE_CURVE('',#583,#391,#19341,.F.);
#19339=EDGE_CURVE('',#391,#365,#19342,.T.);
#19340=EDGE_CURVE('',#365,#583,#19343,.T.);
#19341=LINE('',#582,#19344);
#19342=LINE('',#390,#19345);
#19343=LINE('',#364,#19346);
#19344=VECTOR('',#19347,1.0);
#19345=VECTOR('',#19348,1.0);
#19346=VECTOR('',#19349,1.0);
#19347=DIRECTION('',(0,0,1));
#19348=DIRECTION('',(-0.06299764085672659,-0.9980136758814916,0));
#19349=DIRECTION('',(0.0019978959003545183,0.031650826990110584,-0.9994969902720134));
#19350=FACE_SURFACE('',(#19355),#19351,.T.);
#19351=PLANE('',#19352);
#19352=AXIS2_PLACEMENT_3D('',#582,#19353,#19354);
#19353=DIRECTION('',(0.9980136758814915,-0.06299764085672659,0));
#19354=DIRECTION('',(-0.0019978959003545183,-0.031650826990110584,0.9994969902720134));
#19355=FACE_BOUND('',#19356,.T.);
#19356=EDGE_LOOP('',(#19357,#19358,#19359));
#19357=ORIENTED_EDGE('',*,*,#19360,.T.);
#19358=ORIENTED_EDGE('',*,*,#19361,.T.);
#19359=ORIENTED_EDGE('',*,*,#19362,.T.);
#19360=EDGE_CURVE('',#583,#365,#19363,.F.);
#19361=EDGE_CURVE('',#365,#587,#19364,.T.);
#19362=EDGE_CURVE('',#587,#583,#19365,.T.);
#19363=LINE('',#582,#19366);
#19364=LINE('',#364,#19367);
#19365=LINE('',#586,#19368);
#19366=VECTOR('',#19369,1.0);
#19367=VECTOR('',#19370,1.0);
#19368=VECTOR('',#19371,1.0);
#19369=DIRECTION('',(-0.0019978959003545183,-0.031650826990110584,0.9994969902720134));
#19370=DIRECTION('',(0,0,-1));
#19371=DIRECTION('',(0.06299764085672659,0.9980136758814916,-2.3559851244682875E-16));
#19372=FACE_SURFACE('',(#19377),#19373,.T.);
#19373=PLANE('',#19374);
#19374=AXIS2_PLACEMENT_3D('',#736,#19375,#19376);
#19375=DIRECTION('',(0,0,1));
#19376=DIRECTION('',(-0.9980118255304575,0.06302694742222241,0));
#19377=FACE_BOUND('',#19378,.T.);
#19378=EDGE_LOOP('',(#19379,#19380,#19381));
#19379=ORIENTED_EDGE('',*,*,#19382,.T.);
#19380=ORIENTED_EDGE('',*,*,#19383,.T.);
#19381=ORIENTED_EDGE('',*,*,#19384,.T.);
#19382=EDGE_CURVE('',#737,#745,#19385,.F.);
#19383=EDGE_CURVE('',#745,#37,#19386,.T.);
#19384=EDGE_CURVE('',#37,#737,#19387,.T.);
#19385=LINE('',#736,#19388);
#19386=LINE('',#744,#19389);
#19387=LINE('',#36,#19390);
#19388=VECTOR('',#19391,1.0);
#19389=VECTOR('',#19392,1.0);
#19390=VECTOR('',#19393,1.0);
#19391=DIRECTION('',(-0.9980118255304575,0.06302694742222241,0));
#19392=DIRECTION('',(-0.7695376300153786,-0.6386014688288106,0));
#19393=DIRECTION('',(0.7747851109190617,0.6322246688465559,0));
#19394=FACE_SURFACE('',(#19399),#19395,.T.);
#19395=PLANE('',#19396);
#19396=AXIS2_PLACEMENT_3D('',#638,#19397,#19398);
#19397=DIRECTION('',(0,0,1));
#19398=DIRECTION('',(-0.7634887059457799,-0.6458211795019102,0));
#19399=FACE_BOUND('',#19400,.T.);
#19400=EDGE_LOOP('',(#19401,#19402,#19403));
#19401=ORIENTED_EDGE('',*,*,#19404,.T.);
#19402=ORIENTED_EDGE('',*,*,#19405,.T.);
#19403=ORIENTED_EDGE('',*,*,#19406,.T.);
#19404=EDGE_CURVE('',#639,#37,#19407,.F.);
#19405=EDGE_CURVE('',#37,#745,#19408,.T.);
#19406=EDGE_CURVE('',#745,#639,#19409,.T.);
#19407=LINE('',#638,#19410);
#19408=LINE('',#36,#19411);
#19409=LINE('',#744,#19412);
#19410=VECTOR('',#19413,1.0);
#19411=VECTOR('',#19414,1.0);
#19412=VECTOR('',#19415,1.0);
#19413=DIRECTION('',(-0.7634887059457799,-0.6458211795019102,0));
#19414=DIRECTION('',(0.7695376300153786,0.6386014688288106,0));
#19415=DIRECTION('',(-0.9817780934682556,0.19003098480468153,0));
#19416=FACE_SURFACE('',(#19421),#19417,.T.);
#19417=PLANE('',#19418);
#19418=AXIS2_PLACEMENT_3D('',#390,#19419,#19420);
#19419=DIRECTION('',(0.9817769422679222,-0.19003693228172544,0));
#19420=DIRECTION('',(0,0,-1));
#19421=FACE_BOUND('',#19422,.T.);
#19422=EDGE_LOOP('',(#19423,#19424,#19425));
#19423=ORIENTED_EDGE('',*,*,#19426,.T.);
#19424=ORIENTED_EDGE('',*,*,#19427,.T.);
#19425=ORIENTED_EDGE('',*,*,#19428,.T.);
#19426=EDGE_CURVE('',#391,#583,#19429,.F.);
#19427=EDGE_CURVE('',#583,#393,#19430,.T.);
#19428=EDGE_CURVE('',#393,#391,#19431,.T.);
#19429=LINE('',#390,#19432);
#19430=LINE('',#582,#19433);
#19431=LINE('',#392,#19434);
#19432=VECTOR('',#19435,1.0);
#19433=VECTOR('',#19436,1.0);
#19434=VECTOR('',#19437,1.0);
#19435=DIRECTION('',(0,0,-1));
#19436=DIRECTION('',(0.005997529730905222,0.0309846950783225,0.9995018650848183));
#19437=DIRECTION('',(-0.1900369322817254,-0.9817769422679222,0));
#19438=FACE_SURFACE('',(#19443),#19439,.T.);
#19439=PLANE('',#19440);
#19440=AXIS2_PLACEMENT_3D('',#576,#19441,#19442);
#19441=DIRECTION('',(0.9817769422679222,-0.19003693228172544,0));
#19442=DIRECTION('',(0,0,1));
#19443=FACE_BOUND('',#19444,.T.);
#19444=EDGE_LOOP('',(#19445,#19446,#19447));
#19445=ORIENTED_EDGE('',*,*,#19448,.T.);
#19446=ORIENTED_EDGE('',*,*,#19449,.T.);
#19447=ORIENTED_EDGE('',*,*,#19450,.T.);
#19448=EDGE_CURVE('',#577,#393,#19451,.F.);
#19449=EDGE_CURVE('',#393,#583,#19452,.T.);
#19450=EDGE_CURVE('',#583,#577,#19453,.T.);
#19451=LINE('',#576,#19454);
#19452=LINE('',#392,#19455);
#19453=LINE('',#582,#19456);
#19454=VECTOR('',#19457,1.0);
#19455=VECTOR('',#19458,1.0);
#19456=VECTOR('',#19459,1.0);
#19457=DIRECTION('',(0,0,1));
#19458=DIRECTION('',(-0.005997529730905222,-0.0309846950783225,-0.9995018650848183));
#19459=DIRECTION('',(0.1900369322817254,0.9817769422679222,-2.6019047788599823E-16));
#19460=FACE_SURFACE('',(#19465),#19461,.T.);
#19461=PLANE('',#19462);
#19462=AXIS2_PLACEMENT_3D('',#114,#19463,#19464);
#19463=DIRECTION('',(0.6637125336103797,-0.7479877490497359,0));
#19464=DIRECTION('',(0,0,-1));
#19465=FACE_BOUND('',#19466,.T.);
#19466=EDGE_LOOP('',(#19467,#19468,#19469));
#19467=ORIENTED_EDGE('',*,*,#19470,.T.);
#19468=ORIENTED_EDGE('',*,*,#19471,.T.);
#19469=ORIENTED_EDGE('',*,*,#19472,.T.);
#19470=EDGE_CURVE('',#115,#839,#19473,.F.);
#19471=EDGE_CURVE('',#839,#817,#19474,.T.);
#19472=EDGE_CURVE('',#817,#115,#19475,.T.);
#19473=LINE('',#114,#19476);
#19474=LINE('',#838,#19477);
#19475=LINE('',#816,#19478);
#19476=VECTOR('',#19479,1.0);
#19477=VECTOR('',#19480,1.0);
#19478=VECTOR('',#19481,1.0);
#19479=DIRECTION('',(0,0,-1));
#19480=DIRECTION('',(0.7479877490497359,0.6637125336103797,-3.1345150790352796E-16));
#19481=DIRECTION('',(-0.023654544588969508,-0.020989404893984067,0.9994998286155355));
#19482=FACE_SURFACE('',(#19487),#19483,.T.);
#19483=PLANE('',#19484);
#19484=AXIS2_PLACEMENT_3D('',#578,#19485,#19486);
#19485=DIRECTION('',(0.9454904622716916,-0.32564979004025635,0));
#19486=DIRECTION('',(0,0,1));
#19487=FACE_BOUND('',#19488,.T.);
#19488=EDGE_LOOP('',(#19489,#19490,#19491));
#19489=ORIENTED_EDGE('',*,*,#19492,.T.);
#19490=ORIENTED_EDGE('',*,*,#19493,.T.);
#19491=ORIENTED_EDGE('',*,*,#19494,.T.);
#19492=EDGE_CURVE('',#579,#399,#19495,.F.);
#19493=EDGE_CURVE('',#399,#393,#19496,.T.);
#19494=EDGE_CURVE('',#393,#579,#19497,.T.);
#19495=LINE('',#578,#19498);
#19496=LINE('',#398,#19499);
#19497=LINE('',#392,#19500);
#19498=VECTOR('',#19501,1.0);
#19499=VECTOR('',#19502,1.0);
#19500=VECTOR('',#19503,1.0);
#19501=DIRECTION('',(0,0,1));
#19502=DIRECTION('',(-0.3256497900402563,-0.9454904622716916,0));
#19503=DIRECTION('',(0.01032754590998622,0.02998496070075128,-0.9994969954568406));
#19504=FACE_SURFACE('',(#19509),#19505,.T.);
#19505=PLANE('',#19506);
#19506=AXIS2_PLACEMENT_3D('',#578,#19507,#19508);
#19507=DIRECTION('',(0.9454904622716916,-0.32564979004025635,0));
#19508=DIRECTION('',(-0.01032754590998622,-0.02998496070075128,0.9994969954568406));
#19509=FACE_BOUND('',#19510,.T.);
#19510=EDGE_LOOP('',(#19511,#19512,#19513));
#19511=ORIENTED_EDGE('',*,*,#19514,.T.);
#19512=ORIENTED_EDGE('',*,*,#19515,.T.);
#19513=ORIENTED_EDGE('',*,*,#19516,.T.);
#19514=EDGE_CURVE('',#579,#393,#19517,.F.);
#19515=EDGE_CURVE('',#393,#577,#19518,.T.);
#19516=EDGE_CURVE('',#577,#579,#19519,.T.);
#19517=LINE('',#578,#19520);
#19518=LINE('',#392,#19521);
#19519=LINE('',#576,#19522);
#19520=VECTOR('',#19523,1.0);
#19521=VECTOR('',#19524,1.0);
#19522=VECTOR('',#19525,1.0);
#19523=DIRECTION('',(-0.01032754590998622,-0.02998496070075128,0.9994969954568406));
#19524=DIRECTION('',(0,0,-1));
#19525=DIRECTION('',(0.3256497900402563,0.9454904622716916,-2.822542843523281E-16));
#19526=FACE_SURFACE('',(#19531),#19527,.T.);
#19527=PLANE('',#19528);
#19528=AXIS2_PLACEMENT_3D('',#580,#19529,#19530);
#19529=DIRECTION('',(0.8985672418541736,-0.4388358598229904,0));
#19530=DIRECTION('',(0,0,1));
#19531=FACE_BOUND('',#19532,.T.);
#19532=EDGE_LOOP('',(#19533,#19534,#19535));
#19533=ORIENTED_EDGE('',*,*,#19536,.T.);
#19534=ORIENTED_EDGE('',*,*,#19537,.T.);
#19535=ORIENTED_EDGE('',*,*,#19538,.T.);
#19536=EDGE_CURVE('',#581,#401,#19539,.F.);
#19537=EDGE_CURVE('',#401,#579,#19540,.T.);
#19538=EDGE_CURVE('',#579,#581,#19541,.T.);
#19539=LINE('',#580,#19542);
#19540=LINE('',#400,#19543);
#19541=LINE('',#578,#19544);
#19542=VECTOR('',#19545,1.0);
#19543=VECTOR('',#19546,1.0);
#19544=VECTOR('',#19547,1.0);
#19545=DIRECTION('',(0,0,1));
#19546=DIRECTION('',(-0.013992820065376166,-0.028651919505799876,-0.9994915049640247));
#19547=DIRECTION('',(0.43883585982299034,0.8985672418541735,-2.969642496173347E-16));
#19548=FACE_SURFACE('',(#19553),#19549,.T.);
#19549=PLANE('',#19550);
#19550=AXIS2_PLACEMENT_3D('',#316,#19551,#19552);
#19551=DIRECTION('',(0.3256677024511265,-0.945484292614216,0));
#19552=DIRECTION('',(0.9454842926142162,0.3256677024511265,-2.8225689173833364E-16));
#19553=FACE_BOUND('',#19554,.T.);
#19554=EDGE_LOOP('',(#19555,#19556,#19557));
#19555=ORIENTED_EDGE('',*,*,#19558,.T.);
#19556=ORIENTED_EDGE('',*,*,#19559,.T.);
#19557=ORIENTED_EDGE('',*,*,#19560,.T.);
#19558=EDGE_CURVE('',#317,#297,#19561,.F.);
#19559=EDGE_CURVE('',#297,#167,#19562,.T.);
#19560=EDGE_CURVE('',#167,#317,#19563,.T.);
#19561=LINE('',#316,#19564);
#19562=LINE('',#296,#19565);
#19563=LINE('',#166,#19566);
#19564=VECTOR('',#19567,1.0);
#19565=VECTOR('',#19568,1.0);
#19566=VECTOR('',#19569,1.0);
#19567=DIRECTION('',(0.9454842926142162,0.3256677024511265,-2.8225689173833364E-16));
#19568=DIRECTION('',(0,0,1));
#19569=DIRECTION('',(-0.02998496050396091,-0.010328181305278614,-0.9994969888971658));
#19570=FACE_SURFACE('',(#19575),#19571,.T.);
#19571=PLANE('',#19572);
#19572=AXIS2_PLACEMENT_3D('',#166,#19573,#19574);
#19573=DIRECTION('',(0.19002128047862832,-0.9817799717682484,0));
#19574=DIRECTION('',(0,0,-1));
#19575=FACE_BOUND('',#19576,.T.);
#19576=EDGE_LOOP('',(#19577,#19578,#19579));
#19577=ORIENTED_EDGE('',*,*,#19580,.T.);
#19578=ORIENTED_EDGE('',*,*,#19581,.T.);
#19579=ORIENTED_EDGE('',*,*,#19582,.T.);
#19580=EDGE_CURVE('',#167,#297,#19583,.F.);
#19581=EDGE_CURVE('',#297,#295,#19584,.T.);
#19582=EDGE_CURVE('',#295,#167,#19585,.T.);
#19583=LINE('',#166,#19586);
#19584=LINE('',#296,#19587);
#19585=LINE('',#294,#19588);
#19586=VECTOR('',#19589,1.0);
#19587=VECTOR('',#19590,1.0);
#19588=VECTOR('',#19591,1.0);
#19589=DIRECTION('',(0,0,-1));
#19590=DIRECTION('',(0.9817799717682484,0.19002128047862832,-2.60196617145356E-16));
#19591=DIRECTION('',(-0.030984060340293194,-0.005996894405663622,0.9995018885736617));
#19592=FACE_SURFACE('',(#19597),#19593,.T.);
#19593=PLANE('',#19594);
#19594=AXIS2_PLACEMENT_3D('',#236,#19595,#19596);
#19595=DIRECTION('',(-0.19002128047862832,-0.9817799717682484,0));
#19596=DIRECTION('',(0.9817799717682484,-0.19002128047862832,-1.758191589219874E-16));
#19597=FACE_BOUND('',#19598,.T.);
#19598=EDGE_LOOP('',(#19599,#19600,#19601));
#19599=ORIENTED_EDGE('',*,*,#19602,.T.);
#19600=ORIENTED_EDGE('',*,*,#19603,.T.);
#19601=ORIENTED_EDGE('',*,*,#19604,.T.);
#19602=EDGE_CURVE('',#237,#221,#19605,.F.);
#19603=EDGE_CURVE('',#221,#135,#19606,.T.);
#19604=EDGE_CURVE('',#135,#237,#19607,.T.);
#19605=LINE('',#236,#19608);
#19606=LINE('',#220,#19609);
#19607=LINE('',#134,#19610);
#19608=VECTOR('',#19611,1.0);
#19609=VECTOR('',#19612,1.0);
#19610=VECTOR('',#19613,1.0);
#19611=DIRECTION('',(0.9817799717682484,-0.19002128047862832,-1.758191589219874E-16));
#19612=DIRECTION('',(0,0,1));
#19613=DIRECTION('',(-0.030984060340293194,0.005996894405663622,-0.9995018885736617));
#19614=FACE_SURFACE('',(#19619),#19615,.T.);
#19615=PLANE('',#19616);
#19616=AXIS2_PLACEMENT_3D('',#858,#19617,#19618);
#19617=DIRECTION('',(-0.3256677024511265,-0.945484292614216,-0));
#19618=DIRECTION('',(-0.9454842926142162,0.3256677024511265,0));
#19619=FACE_BOUND('',#19620,.T.);
#19620=EDGE_LOOP('',(#19621,#19622,#19623));
#19621=ORIENTED_EDGE('',*,*,#19624,.T.);
#19622=ORIENTED_EDGE('',*,*,#19625,.T.);
#19623=ORIENTED_EDGE('',*,*,#19626,.T.);
#19624=EDGE_CURVE('',#859,#135,#19627,.F.);
#19625=EDGE_CURVE('',#135,#845,#19628,.T.);
#19626=EDGE_CURVE('',#845,#859,#19629,.T.);
#19627=LINE('',#858,#19630);
#19628=LINE('',#134,#19631);
#19629=LINE('',#844,#19632);
#19630=VECTOR('',#19633,1.0);
#19631=VECTOR('',#19634,1.0);
#19632=VECTOR('',#19635,1.0);
#19633=DIRECTION('',(-0.9454842926142162,0.3256677024511265,0));
#19634=DIRECTION('',(0.02998496050396091,-0.010328181305278614,-0.9994969888971658));
#19635=DIRECTION('',(0,0,1));
#19636=FACE_SURFACE('',(#19641),#19637,.T.);
#19637=PLANE('',#19638);
#19638=AXIS2_PLACEMENT_3D('',#220,#19639,#19640);
#19639=DIRECTION('',(-0.3256677024511265,-0.945484292614216,0));
#19640=DIRECTION('',(0.9454842926142162,-0.3256677024511265,-1.3762248069435902E-16));
#19641=FACE_BOUND('',#19642,.T.);
#19642=EDGE_LOOP('',(#19643,#19644,#19645));
#19643=ORIENTED_EDGE('',*,*,#19646,.T.);
#19644=ORIENTED_EDGE('',*,*,#19647,.T.);
#19645=ORIENTED_EDGE('',*,*,#19648,.T.);
#19646=EDGE_CURVE('',#221,#845,#19649,.F.);
#19647=EDGE_CURVE('',#845,#135,#19650,.T.);
#19648=EDGE_CURVE('',#135,#221,#19651,.T.);
#19649=LINE('',#220,#19652);
#19650=LINE('',#844,#19653);
#19651=LINE('',#134,#19654);
#19652=VECTOR('',#19655,1.0);
#19653=VECTOR('',#19656,1.0);
#19654=VECTOR('',#19657,1.0);
#19655=DIRECTION('',(0.9454842926142162,-0.3256677024511265,-1.3762248069435902E-16));
#19656=DIRECTION('',(-0.02998496050396091,0.010328181305278614,0.9994969888971658));
#19657=DIRECTION('',(0,0,-1));
#19658=FACE_SURFACE('',(#19663),#19659,.T.);
#19659=PLANE('',#19660);
#19660=AXIS2_PLACEMENT_3D('',#634,#19661,#19662);
#19661=DIRECTION('',(-0.3256677024511265,0.945484292614216,0));
#19662=DIRECTION('',(0,0,-1));
#19663=FACE_BOUND('',#19664,.T.);
#19664=EDGE_LOOP('',(#19665,#19666,#19667));
#19665=ORIENTED_EDGE('',*,*,#19668,.T.);
#19666=ORIENTED_EDGE('',*,*,#19669,.T.);
#19667=ORIENTED_EDGE('',*,*,#19670,.T.);
#19668=EDGE_CURVE('',#635,#99,#19671,.F.);
#19669=EDGE_CURVE('',#99,#637,#19672,.T.);
#19670=EDGE_CURVE('',#637,#635,#19673,.T.);
#19671=LINE('',#634,#19674);
#19672=LINE('',#98,#19675);
#19673=LINE('',#636,#19676);
#19674=VECTOR('',#19677,1.0);
#19675=VECTOR('',#19678,1.0);
#19676=VECTOR('',#19679,1.0);
#19677=DIRECTION('',(0,0,-1));
#19678=DIRECTION('',(-0.02998496050396091,-0.010328181305278614,0.9994969888971658));
#19679=DIRECTION('',(0.9454842926142162,0.3256677024511265,0));
#19680=FACE_SURFACE('',(#19685),#19681,.T.);
#19681=PLANE('',#19682);
#19682=AXIS2_PLACEMENT_3D('',#776,#19683,#19684);
#19683=DIRECTION('',(-0.3256677024511265,0.945484292614216,0));
#19684=DIRECTION('',(0,0,1));
#19685=FACE_BOUND('',#19686,.T.);
#19686=EDGE_LOOP('',(#19687,#19688,#19689));
#19687=ORIENTED_EDGE('',*,*,#19690,.T.);
#19688=ORIENTED_EDGE('',*,*,#19691,.T.);
#19689=ORIENTED_EDGE('',*,*,#19692,.T.);
#19690=EDGE_CURVE('',#777,#637,#19693,.F.);
#19691=EDGE_CURVE('',#637,#99,#19694,.T.);
#19692=EDGE_CURVE('',#99,#777,#19695,.T.);
#19693=LINE('',#776,#19696);
#19694=LINE('',#636,#19697);
#19695=LINE('',#98,#19698);
#19696=VECTOR('',#19699,1.0);
#19697=VECTOR('',#19700,1.0);
#19698=VECTOR('',#19701,1.0);
#19699=DIRECTION('',(0,0,1));
#19700=DIRECTION('',(0.02998496050396091,0.010328181305278614,-0.9994969888971658));
#19701=DIRECTION('',(-0.9454842926142162,-0.3256677024511265,2.822390949607965E-16));
#19702=FACE_SURFACE('',(#19707),#19703,.T.);
#19703=PLANE('',#19704);
#19704=AXIS2_PLACEMENT_3D('',#566,#19705,#19706);
#19705=DIRECTION('',(-0.9980124158808481,0.06301759871395406,0));
#19706=DIRECTION('',(-0.001998531360889447,-0.031650826949920864,-0.9994969890028612));
#19707=FACE_BOUND('',#19708,.T.);
#19708=EDGE_LOOP('',(#19709,#19710,#19711));
#19709=ORIENTED_EDGE('',*,*,#19712,.T.);
#19710=ORIENTED_EDGE('',*,*,#19713,.T.);
#19711=ORIENTED_EDGE('',*,*,#19714,.T.);
#19712=EDGE_CURVE('',#567,#207,#19715,.F.);
#19713=EDGE_CURVE('',#207,#535,#19716,.T.);
#19714=EDGE_CURVE('',#535,#567,#19717,.T.);
#19715=LINE('',#566,#19718);
#19716=LINE('',#206,#19719);
#19717=LINE('',#534,#19720);
#19718=VECTOR('',#19721,1.0);
#19719=VECTOR('',#19722,1.0);
#19720=VECTOR('',#19723,1.0);
#19721=DIRECTION('',(-0.001998531360889447,-0.031650826949920864,-0.9994969890028612));
#19722=DIRECTION('',(0,0,1));
#19723=DIRECTION('',(0.06301759871395407,0.9980124158808482,0));
#19724=FACE_SURFACE('',(#19729),#19725,.T.);
#19725=PLANE('',#19726);
#19726=AXIS2_PLACEMENT_3D('',#534,#19727,#19728);
#19727=DIRECTION('',(-0.9817769422679221,0.1900369322817254,0));
#19728=DIRECTION('',(0,0,-1));
#19729=FACE_BOUND('',#19730,.T.);
#19730=EDGE_LOOP('',(#19731,#19732,#19733));
#19731=ORIENTED_EDGE('',*,*,#19734,.T.);
#19732=ORIENTED_EDGE('',*,*,#19735,.T.);
#19733=ORIENTED_EDGE('',*,*,#19736,.T.);
#19734=EDGE_CURVE('',#535,#207,#19737,.F.);
#19735=EDGE_CURVE('',#207,#147,#19738,.T.);
#19736=EDGE_CURVE('',#147,#535,#19739,.T.);
#19737=LINE('',#534,#19740);
#19738=LINE('',#206,#19741);
#19739=LINE('',#146,#19742);
#19740=VECTOR('',#19743,1.0);
#19741=VECTOR('',#19744,1.0);
#19742=VECTOR('',#19745,1.0);
#19743=DIRECTION('',(0,0,-1));
#19744=DIRECTION('',(-0.1900369322817254,-0.9817769422679222,2.6019047788599823E-16));
#19745=DIRECTION('',(0.005997529730905263,0.03098469507832271,0.9995018650848183));
#19746=FACE_SURFACE('',(#19751),#19747,.T.);
#19747=PLANE('',#19748);
#19748=AXIS2_PLACEMENT_3D('',#534,#19749,#19750);
#19749=DIRECTION('',(-0.9817769422679221,0.1900369322817254,0));
#19750=DIRECTION('',(-0.005997529730905263,-0.03098469507832271,-0.9995018650848183));
#19751=FACE_BOUND('',#19752,.T.);
#19752=EDGE_LOOP('',(#19753,#19754,#19755));
#19753=ORIENTED_EDGE('',*,*,#19756,.T.);
#19754=ORIENTED_EDGE('',*,*,#19757,.T.);
#19755=ORIENTED_EDGE('',*,*,#19758,.T.);
#19756=EDGE_CURVE('',#535,#147,#19759,.F.);
#19757=EDGE_CURVE('',#147,#537,#19760,.T.);
#19758=EDGE_CURVE('',#537,#535,#19761,.T.);
#19759=LINE('',#534,#19762);
#19760=LINE('',#146,#19763);
#19761=LINE('',#536,#19764);
#19762=VECTOR('',#19765,1.0);
#19763=VECTOR('',#19766,1.0);
#19764=VECTOR('',#19767,1.0);
#19765=DIRECTION('',(-0.005997529730905263,-0.03098469507832271,-0.9995018650848183));
#19766=DIRECTION('',(0,0,1));
#19767=DIRECTION('',(0.1900369322817254,0.9817769422679222,0));
#19768=FACE_SURFACE('',(#19773),#19769,.T.);
#19769=PLANE('',#19770);
#19770=AXIS2_PLACEMENT_3D('',#536,#19771,#19772);
#19771=DIRECTION('',(-0.9454904622716915,0.32564979004025624,0));
#19772=DIRECTION('',(0,0,-1));
#19773=FACE_BOUND('',#19774,.T.);
#19774=EDGE_LOOP('',(#19775,#19776,#19777));
#19775=ORIENTED_EDGE('',*,*,#19778,.T.);
#19776=ORIENTED_EDGE('',*,*,#19779,.T.);
#19777=ORIENTED_EDGE('',*,*,#19780,.T.);
#19778=EDGE_CURVE('',#537,#147,#19781,.F.);
#19779=EDGE_CURVE('',#147,#843,#19782,.T.);
#19780=EDGE_CURVE('',#843,#537,#19783,.T.);
#19781=LINE('',#536,#19784);
#19782=LINE('',#146,#19785);
#19783=LINE('',#842,#19786);
#19784=VECTOR('',#19787,1.0);
#19785=VECTOR('',#19788,1.0);
#19786=VECTOR('',#19789,1.0);
#19787=DIRECTION('',(0,0,-1));
#19788=DIRECTION('',(-0.010327545909986292,-0.029984960700751486,0.9994969954568406));
#19789=DIRECTION('',(0.3256497900402563,0.9454904622716916,0));
ENDSEC;
END-ISO-10303-21;
